,mq,No. Clus,Max clus,Min clus
0,1.81380589500723,7,6,2
1,1.66579922809431,9,4,2
2,1.66579922809431,9,4,2
3,1.6638935232972791,8,4,2
4,1.655253896430367,9,4,2
5,1.6510847675997984,8,6,2
6,1.649319067681506,9,4,2
7,1.6181684928165159,9,4,2
8,1.6181684928165159,9,4,2
9,1.6007709235565462,8,5,2
10,1.5795746795979562,9,4,2
11,1.5790028936580662,10,4,2
12,1.5744438226711082,9,4,2
13,1.5744438226711082,9,4,2
14,1.5680688620655814,8,5,2
15,1.5680688620655814,8,5,2
16,1.5424814347765166,10,4,2
17,1.546703105323795,9,6,2
18,1.5319606402725787,10,4,2
19,1.5091090341323108,10,4,2
20,1.5091090341323108,10,4,2
21,1.518820733019516,8,6,2
22,1.4756611013507563,9,4,2
23,1.4611896417036299,9,5,2
24,1.4605163036197517,10,4,2
25,1.4605163036197517,10,4,2
26,1.435215032614479,11,4,2
27,1.430329115329115,10,4,2
28,1.323180268007854,9,4,2
29,1.2487290487290488,6,9,2
30,1.235728919399552,7,6,2
31,1.2151366063130769,11,4,2
32,1.2100473694511253,8,4,2
33,1.1611177799758339,9,5,2
34,1.1644598078275135,6,17,2
35,1.159742542785139,9,4,3
36,1.159742542785139,9,4,3
37,1.1483522803682291,8,4,3
38,1.1205719145686341,7,8,2
39,1.1204637823299082,8,4,2
40,1.097501154093446,10,4,2
41,1.0942812742812742,8,8,2
42,1.091099142423785,8,9,2
43,1.055262880286157,10,4,2
44,1.0756423725037545,7,10,2
45,1.032791169227595,9,4,2
46,1.0343890656157124,7,10,2
47,1.0131425820066795,9,7,2
48,1.030422239706268,3,22,2
49,1.0246335582791863,7,10,2
50,0.9830969796487037,8,5,2
51,1.0152080344332854,4,19,3
52,0.9674909049212455,9,7,2
53,0.973558598341691,7,10,3
54,0.9038086749851455,9,4,2
55,0.874028749028749,11,4,2
56,0.8625326414373068,6,14,2
57,0.8559115395181616,8,10,1
