,mq,No. Clus,Max clus,Min clus
0,1.8797184797184796,6,10,2
1,1.8797184797184796,6,10,2
2,1.3521673791336712,5,11,2
3,1.337392019744961,4,13,2
4,1.3317466702292649,10,6,1
5,1.3290019220068767,6,9,2
6,1.3329946782776971,4,19,2
7,1.2952734317924786,5,15,2
8,1.2650593799860408,8,7,2
9,1.2715541979079885,3,24,2
10,1.264753318743132,7,9,2
11,1.2573807145235716,8,8,1
12,1.2476151492649357,10,6,1
13,1.2446766576903563,6,12,2
14,1.2377578481230334,5,11,2
15,1.2349074842231489,7,10,2
16,1.2256457189343095,6,12,2
17,1.2037132294127058,6,9,1
18,1.204884004884005,6,15,2
19,1.201213638259946,4,14,2
20,1.1984343613375872,6,10,2
21,1.1864765881249397,6,10,1
22,1.1775512102678956,6,11,2
23,1.1784296807592751,3,16,2
24,1.16985446985447,4,17,2
25,1.1606760374832665,4,14,1
26,1.1541863304127455,7,8,1
27,1.154081697477924,4,14,2
28,1.1463800941874265,7,9,2
29,1.1452928024356595,7,8,2
30,1.1363113897596655,5,13,2
31,1.1309682879662595,5,7,2
32,1.1358024691358026,4,14,2
33,1.1307006232538148,5,10,2
34,1.1236228455559312,4,23,2
35,1.1163935479724953,8,13,1
36,1.1098035086624654,7,11,2
37,1.106836674775606,6,10,2
38,1.1006452484713356,6,9,2
39,1.0945978542061774,7,10,2
40,1.099724883787117,4,15,1
41,1.093413775766717,4,14,2
42,1.0753123438280858,5,8,2
43,1.0748362307185837,6,13,2
44,1.036550936502444,9,6,2
45,1.0360992756679137,7,8,2
46,1.0233968881995197,10,5,2
47,1.0323780741084463,5,14,2
48,1.0105889306506546,5,11,2
49,1.0074385996517143,5,9,1
50,1.0020100009804884,7,13,2
51,1.0071930411508865,3,20,4
52,0.9921388351515393,10,5,1
53,0.9943816761154223,7,8,3
54,0.9816650016650017,10,4,2
55,0.9816650016650017,10,4,2
56,0.9781621585004303,5,9,1
57,0.9748427672955975,3,27,1
58,0.9634556302641407,9,6,1
59,0.9252085717602959,9,5,2
