,mq,No. Clus,Max clus,Min clus
0,2.007033105649991,6,6,2
1,2.007033105649991,6,6,2
2,2.007033105649991,6,6,2
3,2.007033105649991,6,6,2
4,2.007033105649991,6,6,2
5,2.007033105649991,6,6,2
6,2.007033105649991,6,6,2
7,2.007033105649991,6,6,2
8,2.007033105649991,6,6,2
9,2.007033105649991,6,6,2
10,2.007033105649991,6,6,2
11,2.007033105649991,6,6,2
12,2.007033105649991,6,6,2
13,2.007033105649991,6,6,2
14,2.007033105649991,6,6,2
15,2.007033105649991,6,6,2
16,2.007033105649991,6,6,2
17,2.007033105649991,6,6,2
18,2.007033105649991,6,6,2
19,2.007033105649991,6,6,2
20,2.007033105649991,6,6,2
21,2.007033105649991,6,6,2
22,2.007033105649991,6,6,2
23,2.007033105649991,6,6,2
24,2.007033105649991,6,6,2
25,2.007033105649991,6,6,2
26,2.007033105649991,6,6,2
27,2.007033105649991,6,6,2
28,2.007033105649991,6,6,2
29,2.007033105649991,6,6,2
30,2.007033105649991,6,6,2
31,2.007033105649991,6,6,2
32,2.007033105649991,6,6,2
33,1.9348456024262477,6,6,2
34,1.9348456024262477,6,6,2
35,1.9192779442779444,6,6,2
36,1.9065352020860495,6,6,2
37,1.8615573689206228,6,6,2
38,1.8615573689206228,6,6,2
39,1.8615573689206228,6,6,2
40,1.8615573689206228,6,6,2
41,1.8615573689206228,6,6,2
42,1.8481570396821567,6,6,2
43,1.8106513052165227,6,6,2
44,1.8106513052165227,6,6,2
45,1.7955238887733167,6,5,2
46,1.7560005354123,6,7,2
47,1.716143124609944,6,5,2
48,1.6237060041407867,6,7,2
49,1.5606513052165227,6,6,2
