,mq,No. Clus,Max clus,Min clus
0,1.8384162207691621,8,9,1
1,1.8384162207691621,8,9,1
2,1.8064136985492483,8,6,2
3,1.7472808201871448,9,6,2
4,1.7245232213313657,9,6,1
5,1.6441533349086297,10,3,2
6,1.644085769623673,10,3,2
7,1.6232175921643766,11,3,1
8,1.6141009121842653,9,4,3
9,1.6002554428715419,10,4,2
10,1.573034441981226,11,3,1
11,1.5761815635345044,9,6,2
12,1.5476913640065693,10,3,2
13,1.5474442913910755,10,4,2
14,1.5404204262235783,10,4,2
15,1.4552543892166532,10,3,2
16,1.4552543892166532,10,3,2
17,1.4552543892166532,10,3,2
18,1.4552543892166532,10,3,2
19,1.4088579634447669,10,4,2
20,1.4152976295274327,9,6,2
21,1.3843455098834134,11,3,1
22,1.4145733969263383,8,9,1
23,1.3741566649119596,10,3,2
24,1.3594358404139304,9,4,3
25,1.3524883214351058,11,3,1
26,1.3572232249387668,5,13,3
27,1.3537098498222875,10,4,2
28,1.3485214916048447,10,4,2
29,1.3207422896890741,10,4,2
30,1.3422875128757483,6,9,3
31,1.2927792196207406,10,4,2
32,1.2983893557422967,7,6,3
33,1.2783437525536945,10,4,2
34,1.2884705847857902,8,6,3
35,1.2742014091859293,11,4,1
36,1.2679879394539624,9,4,2
37,1.2304231999884174,10,4,2
38,1.1886872333352565,9,5,2
39,1.2009379676339458,3,13,3
40,1.1438687015205407,8,7,2
41,1.1818856888259286,3,23,3
42,1.1142126873209233,8,8,3
43,1.1336923296045929,4,19,3
44,1.0964087012832286,9,5,2
45,1.086942700904965,9,6,2
46,1.0889920858002302,5,11,3
47,1.070677528169204,11,3,1
48,1.0471439326323722,10,4,2
49,1.0352064484617434,7,12,2
50,1.023910983804099,9,6,2
51,0.9914899890527319,6,15,1
52,0.9711710511710512,10,4,2
53,0.8853397865151654,8,9,2
54,0.8821084065835474,6,16,2
55,0.8821084065835474,6,16,2
56,0.8467266067266068,8,12,1
57,0.8335928673196118,7,12,2
