,mq,No. Clus,Max clus,Min clus
0,1.2683982683982684,4,4,3
1,1.2683982683982684,4,4,3
2,1.2683982683982684,4,4,3
3,1.2683982683982684,4,4,3
4,1.2683982683982684,4,4,3
5,1.2683982683982684,4,4,3
6,1.1235039470333588,3,6,3
7,1.1235039470333588,3,6,3
8,1.0910364145658265,4,4,2
9,1.0493506493506493,4,4,3
10,1.0493506493506493,4,4,3
11,1.019047619047619,3,6,3
12,1.0058568882098293,3,6,3
13,0.9825468648998061,3,5,4
14,0.9523809523809523,4,4,2
15,0.9668737060041408,4,5,1
16,0.888655462184874,4,4,3
17,0.888655462184874,4,4,3
18,0.888655462184874,4,4,3
19,0.7710084033613445,4,4,3
20,0.8142414860681115,3,6,3
21,0.7710084033613445,4,4,3
22,0.7710084033613445,4,4,3
23,0.7710084033613445,4,4,3
24,0.7710084033613445,4,4,3
25,0.7710084033613445,4,4,3
