,mq,No. Clus,Max clus,Min clus
0,1.6626720253318719,6,5,2
1,1.6626720253318719,6,5,2
2,1.546746535118628,5,7,2
3,1.5354813821159596,6,5,2
4,1.493422951317688,6,5,2
5,1.4582721372760141,5,6,2
6,1.4496075942062439,5,7,1
7,1.4473118279569892,5,7,2
8,1.4319455054749173,6,5,2
9,1.4248803827751195,6,4,2
10,1.4248803827751195,6,4,2
11,1.391231779236675,3,7,6
12,1.383018183018183,7,5,1
13,1.3775940552643882,5,6,2
14,1.3664610243557611,6,5,2
15,1.353451136552182,3,8,5
16,1.3480842911877395,6,5,2
17,1.3327819134270746,4,7,2
18,1.332346210795531,4,7,4
19,1.3282487636202807,5,8,2
20,1.3243078626799558,5,6,2
21,1.3146464646464646,7,4,2
22,1.3185185185185184,3,9,2
23,1.3118990600870224,5,6,3
24,1.3114241809893983,4,7,3
25,1.2968035619351408,7,4,1
26,1.2915898111550286,5,7,2
27,1.282456140350877,5,6,2
28,1.2780115663836593,5,6,1
29,1.2737770294221908,6,6,2
30,1.2674148606811144,5,8,2
31,1.2592334494773518,3,10,2
32,1.2590465465465466,5,7,1
33,1.2575483091787438,3,11,4
34,1.243088694251485,4,8,2
35,1.187942366026289,3,9,4
36,1.1821789321789322,6,4,2
37,1.1766320166320168,4,7,4
38,1.1742064190576778,3,11,4
39,1.1189377530840945,5,7,1
40,1.06575682382134,5,5,2
41,1.016983016983017,3,16,2
