,mq,No. Clus,Max clus,Min clus
0,1.9880487873343813,4,8,3
1,1.9880487873343813,4,8,3
2,1.9880487873343813,4,8,3
3,1.9880487873343813,4,8,3
4,1.9880487873343813,4,8,3
5,1.9880487873343813,4,8,3
6,1.9880487873343813,4,8,3
7,1.9880487873343813,4,8,3
8,1.9880487873343813,4,8,3
9,1.9880487873343813,4,8,3
10,1.9880487873343813,4,8,3
11,1.9880487873343813,4,8,3
12,1.9880487873343813,4,8,3
13,1.9880487873343813,4,8,3
14,1.9880487873343813,4,8,3
15,1.9880487873343813,4,8,3
16,1.9880487873343813,4,8,3
17,1.9880487873343813,4,8,3
18,1.9880487873343813,4,8,3
19,1.9880487873343813,4,8,3
20,1.9880487873343813,4,8,3
21,1.9880487873343813,4,8,3
22,1.9880487873343813,4,8,3
23,1.9880487873343813,4,8,3
24,1.9880487873343813,4,8,3
25,1.9880487873343813,4,8,3
26,1.9880487873343813,4,8,3
27,1.9880487873343813,4,8,3
28,1.9880487873343813,4,8,3
29,1.9880487873343813,4,8,3
30,1.9880487873343813,4,8,3
31,1.9880487873343813,4,8,3
32,1.9880487873343813,4,8,3
33,1.9880487873343813,4,8,3
34,1.9880487873343813,4,8,3
35,1.9880487873343813,4,8,3
36,1.9880487873343813,4,8,3
37,1.9880487873343813,4,8,3
38,1.9880487873343813,4,8,3
39,1.9880487873343813,4,8,3
40,1.9620471014492753,4,8,3
41,1.9620471014492753,4,8,3
42,1.9242536002809976,4,7,3
43,1.9111638666994604,4,7,4
44,1.9069096235030585,4,9,3
45,1.8294448347706638,4,8,4
46,1.7886769424594973,4,8,4
47,1.743563493216734,4,9,2
48,1.743563493216734,4,9,2
49,1.743563493216734,4,9,2
