,mq,No. Clus,Max clus,Min clus
0,1.9817724238177241,6,8,2
1,1.9817724238177241,6,8,2
2,1.9817724238177241,6,8,2
3,1.9817724238177241,6,8,2
4,1.9817724238177241,6,8,2
5,1.9817724238177241,6,8,2
6,1.9817724238177241,6,8,2
7,1.9817724238177241,6,8,2
8,1.9817724238177241,6,8,2
9,1.9381960591385332,6,8,2
10,1.9322691044596543,6,8,2
11,1.9312881288128814,6,8,2
12,1.9133555195066874,6,8,2
13,1.9133555195066874,6,8,2
14,1.9133555195066874,6,8,2
15,1.9133555195066874,6,8,2
16,1.9133555195066874,6,8,2
17,1.9133555195066874,6,8,2
18,1.8995695333467417,6,8,2
19,1.8949451752017683,6,8,2
20,1.8949451752017683,6,8,2
21,1.8949451752017683,6,8,2
22,1.8906785516486824,6,8,2
23,1.8867694920509772,6,8,2
24,1.8867694920509772,6,8,2
25,1.8867694920509772,6,8,2
26,1.8833113373364514,6,8,2
27,1.8833113373364514,6,8,2
28,1.87689466400155,6,8,2
29,1.8411413505258987,6,8,2
30,1.824377241147878,6,8,2
31,1.7781227485053654,6,8,2
32,1.736038382253111,6,8,2
33,1.698954925276593,6,8,2
34,1.681023348236463,6,8,2
35,1.673683682900839,6,8,2
36,1.628184070492162,6,8,2
37,1.6252286146095203,6,8,2
38,1.6227392816968964,6,8,2
39,1.618705228599602,6,8,2
40,1.605407450067644,6,8,2
41,1.5831317359105823,6,8,2
42,1.5803149164460895,6,8,2
43,1.5803149164460895,6,8,2
44,1.5803149164460895,6,8,2
45,1.576590858280999,6,8,2
46,1.5660772096929465,6,8,2
47,1.564959882513074,6,8,2
48,1.564959882513074,6,8,2
49,1.564959882513074,6,8,2
50,1.5516650016650015,6,8,2
51,1.5452466580341442,6,8,2
52,1.5452466580341442,6,8,2
53,1.544162774430831,6,8,2
54,1.5294016734866078,6,8,2
55,1.5282029418782546,6,8,2
56,1.4473461321287409,6,8,2
57,1.4445274534554642,6,8,2
58,1.3914793289774676,6,8,2
59,1.3669453684349415,6,8,2
