,mq,No. Clus,Max clus,Min clus
0,1.9570595364338736,4,9,3
1,1.9570595364338736,4,9,3
2,1.9570595364338736,4,9,3
3,1.9570595364338736,4,9,3
4,1.9570595364338736,4,9,3
5,1.9570595364338736,4,9,3
6,1.9570595364338736,4,9,3
7,1.9570595364338736,4,9,3
8,1.9570595364338736,4,9,3
9,1.9570595364338736,4,9,3
10,1.9570595364338736,4,9,3
11,1.9570595364338736,4,9,3
12,1.9570595364338736,4,9,3
13,1.9570595364338736,4,9,3
14,1.9570595364338736,4,9,3
15,1.9570595364338736,4,9,3
16,1.9570595364338736,4,9,3
17,1.9570595364338736,4,9,3
18,1.9570595364338736,4,9,3
19,1.9570595364338736,4,9,3
20,1.9570595364338736,4,9,3
21,1.9570595364338736,4,9,3
22,1.9570595364338736,4,9,3
23,1.9570595364338736,4,9,3
24,1.9570595364338736,4,9,3
25,1.9570595364338736,4,9,3
26,1.9570595364338736,4,9,3
27,1.9570595364338736,4,9,3
28,1.9570595364338736,4,9,3
29,1.9570595364338736,4,9,3
30,1.9570595364338736,4,9,3
31,1.9570595364338736,4,9,3
32,1.9570595364338736,4,9,3
33,1.931517843228923,4,10,3
34,1.8949562310074484,4,9,3
35,1.881916996047431,4,8,3
36,1.881916996047431,4,8,3
37,1.881916996047431,4,8,3
38,1.853927331368748,4,9,4
39,1.8486272499430394,4,8,3
40,1.8300667828106851,4,9,3
41,1.8300667828106851,4,9,3
42,1.81703216374269,4,10,3
43,1.81703216374269,4,10,3
44,1.81703216374269,4,10,3
45,1.81703216374269,4,10,3
46,1.81703216374269,4,10,3
47,1.7394416518825153,4,9,4
48,1.7394416518825153,4,9,4
49,1.7394416518825153,4,9,4
