,mq,No. Clus,Max clus,Min clus
0,2.0052071558643854,4,7,3
1,2.0052071558643854,4,7,3
2,2.0052071558643854,4,7,3
3,2.0052071558643854,4,7,3
4,2.0052071558643854,4,7,3
5,1.953450106664881,4,6,3
6,1.953450106664881,4,6,3
7,1.9213759213759214,4,7,3
8,1.9213759213759214,4,7,3
9,1.9213759213759214,4,7,3
10,1.9213759213759214,4,7,3
11,1.9044838889232483,4,7,4
12,1.9044838889232483,4,7,4
13,1.8834312573443008,4,7,2
14,1.8775024035893602,4,7,3
15,1.8775024035893602,4,7,3
16,1.8547444347717947,4,8,3
17,1.8547444347717947,4,8,3
18,1.8547444347717947,4,8,3
19,1.8367821436875147,4,7,3
20,1.8367821436875147,4,7,3
21,1.8367821436875147,4,7,3
22,1.7653903666729849,4,7,3
23,1.765508794610962,4,7,2
24,1.7653903666729849,4,7,3
25,1.7653903666729849,4,7,3
26,1.7622850122850124,4,7,3
27,1.7602852152902708,4,9,2
28,1.750033651904698,4,6,4
29,1.7540211678306572,4,8,3
30,1.7361359570661894,4,8,2
31,1.726189878033956,4,7,3
32,1.7135474344776669,4,8,2
33,1.6826368246196886,4,8,2
34,1.6691919191919191,4,8,2
35,1.6683456183456185,4,7,3
36,1.6683456183456185,4,7,3
37,1.6566972038670151,4,8,2
38,1.6526143790849672,4,6,3
39,1.6289516789516791,4,7,3
40,1.6289516789516791,4,7,3
41,1.5757271569413653,4,8,3
