,mq,No. Clus,Max clus,Min clus
0,1.9793340819501468,7,6,2
1,1.9623944997931733,8,5,2
2,1.9555245581406229,8,6,2
3,1.8887759583411756,10,3,2
4,1.8606785767955183,9,3,2
5,1.8523688768064337,8,6,2
6,1.8523688768064337,8,6,2
7,1.839793128305714,9,4,2
8,1.8224855520957468,10,3,2
9,1.7377700038869455,8,6,2
10,1.699703137109434,10,4,2
11,1.6869565217391302,9,3,2
12,1.6834188154840328,10,4,2
13,1.671870203204536,9,3,2
14,1.6711006004934041,8,5,2
15,1.6214696375865791,10,4,2
16,1.5816907147491857,11,3,2
17,1.55911215236158,10,5,2
18,1.5495744191396366,9,6,2
19,1.5395270590922765,10,4,2
20,1.524279343844561,9,4,2
21,1.4978668674320847,7,6,2
22,1.490415506532448,11,3,2
23,1.4922406807532664,9,4,2
24,1.486447252564194,10,4,2
25,1.4825144420796597,10,5,2
26,1.4751696572348747,11,4,2
27,1.448950637463223,10,3,1
28,1.4078772274424447,9,4,2
29,1.3785787481439655,12,2,2
30,1.3785787481439655,12,2,2
31,1.3785787481439655,12,2,2
32,1.3693843193843194,10,3,2
33,1.326060272426337,7,9,2
34,1.326060272426337,7,9,2
35,1.3071501767153941,11,4,2
36,1.3071501767153941,11,4,2
37,1.2905186600838774,9,7,2
38,1.2681972315124488,7,9,2
39,1.2353904549556725,8,8,2
40,1.238105387082369,7,10,2
41,1.2353904549556725,8,8,2
42,1.22006273867976,7,7,2
43,1.2046774755339829,10,5,2
44,1.2013096371522267,5,15,2
45,1.1730247115372974,6,10,2
46,1.1238068500842222,5,15,2
47,1.1102353585112206,8,8,2
48,1.0941358024691357,3,18,2
49,1.0611323459149546,7,8,2
