,mq,No. Clus,Max clus,Min clus
0,2.034377858632208,7,8,2
1,2.034377858632208,7,8,2
2,1.9670554751333542,7,8,2
3,1.8520767794297204,9,3,2
4,1.831717527897494,8,6,2
5,1.8240046193916162,9,4,2
6,1.7903960837138464,9,5,1
7,1.7573821591245453,9,4,1
8,1.7472349702755308,8,6,1
9,1.7352505778563558,9,5,1
10,1.7279348777372658,8,5,2
11,1.7279348777372658,8,5,2
12,1.7226678550207961,8,4,2
13,1.707678997792729,9,4,1
14,1.679325380501851,8,5,1
15,1.6775196998639785,8,5,2
16,1.6734874172954668,9,4,2
17,1.672673810098881,9,5,1
18,1.664656036417398,9,4,2
19,1.6600995008640722,9,5,1
20,1.615044353488961,7,6,1
21,1.5969277640930144,8,5,1
22,1.5503888084666875,8,8,1
23,1.456564091357583,9,5,1
24,1.4422496380397618,9,4,1
25,1.4364178419905973,9,5,1
26,1.426849946239391,9,4,2
27,1.4202115919729534,8,5,2
28,1.4053703707638698,9,5,1
29,1.3850958283242825,9,5,2
30,1.3618149458077657,7,6,2
31,1.3443102636997086,9,5,1
32,1.3403960837138464,8,6,1
33,1.333864305449755,9,5,1
34,1.3069612944434468,9,4,2
35,1.2996043843978762,8,6,1
36,1.2481054134989127,9,5,1
37,1.233684993575438,6,7,3
38,1.2334992080075535,6,10,1
39,1.2228290923662593,6,6,3
40,1.1977651437933663,9,5,1
41,1.1965095918090645,7,8,2
42,1.1851851851851851,5,9,1
43,1.1814315378485847,4,10,3
44,1.140323201341468,5,12,2
45,1.1313947876447876,3,14,4
46,1.1304752595075176,4,10,3
47,1.1147149398422744,4,15,3
48,1.1003454540039905,4,16,2
49,0.9804839968774395,3,21,1
