,mq,No. Clus,Max clus,Min clus
0,1.5064935064935066,4,4,2
1,1.5064935064935066,4,4,2
2,1.5064935064935066,4,4,2
3,1.4943064182194616,4,4,2
4,1.4326839826839826,5,4,2
5,1.4166666666666667,4,4,2
6,1.342857142857143,5,4,2
7,1.342857142857143,5,4,2
8,1.3038302277432712,4,5,2
9,1.2916666666666667,3,7,2
10,1.2465728715728717,5,3,2
11,1.2326086956521738,4,5,2
12,1.190079365079365,6,3,2
13,1.2032467532467532,4,7,2
14,1.190079365079365,6,3,2
15,1.1845238095238093,5,4,2
16,1.1845238095238093,5,4,2
17,1.1833333333333333,5,6,1
18,1.1118181818181818,5,5,2
19,1.0448179271708682,5,4,1
20,1.05,3,10,1
21,1.0404761904761903,4,6,2
22,1.0349206349206348,3,6,3
23,0.996897546897547,6,3,2
24,0.996897546897547,6,3,2
25,0.974088713219148,4,4,2
26,0.8729399255715045,5,4,2
27,0.8311688311688312,4,4,2
