,mq,No. Clus,Max clus,Min clus
0,1.8348063973063973,5,5,2
1,1.8348063973063973,5,5,2
2,1.8348063973063973,5,5,2
3,1.8348063973063973,5,5,2
4,1.8348063973063973,5,5,2
5,1.8348063973063973,5,5,2
6,1.8348063973063973,5,5,2
7,1.8348063973063973,5,5,2
8,1.8348063973063973,5,5,2
9,1.8348063973063973,5,5,2
10,1.8348063973063973,5,5,2
11,1.8348063973063973,5,5,2
12,1.8348063973063973,5,5,2
13,1.8348063973063973,5,5,2
14,1.8348063973063973,5,5,2
15,1.8348063973063973,5,5,2
16,1.8348063973063973,5,5,2
17,1.8348063973063973,5,5,2
18,1.8348063973063973,5,5,2
19,1.8348063973063973,5,5,2
20,1.8348063973063973,5,5,2
21,1.8348063973063973,5,5,2
22,1.8110372012811036,5,6,2
23,1.8110372012811036,5,6,2
24,1.8110372012811036,5,6,2
25,1.8110372012811036,5,6,2
26,1.8110372012811036,5,6,2
27,1.728745791245791,5,5,2
28,1.728745791245791,5,5,2
29,1.728745791245791,5,5,2
30,1.7098063973063973,5,5,2
31,1.7098063973063973,5,5,2
32,1.6464947089947088,5,6,2
33,1.6464947089947088,5,6,2
34,1.5846079846079846,5,6,2
35,1.5365032438203168,5,7,2
36,1.4770021645021645,5,5,2
37,1.4067724867724867,5,6,2
38,1.4067724867724867,5,6,2
39,1.3137254901960786,5,6,2
40,1.306878306878307,5,5,2
41,1.2698412698412698,5,5,2
