,mq,No. Clus,Max clus,Min clus
0,1.9506075245205678,4,9,3
1,1.9506075245205678,4,9,3
2,1.9506075245205678,4,9,3
3,1.9506075245205678,4,9,3
4,1.9506075245205678,4,9,3
5,1.9506075245205678,4,9,3
6,1.9506075245205678,4,9,3
7,1.9506075245205678,4,9,3
8,1.9506075245205678,4,9,3
9,1.9506075245205678,4,9,3
10,1.9506075245205678,4,9,3
11,1.9506075245205678,4,9,3
12,1.9506075245205678,4,9,3
13,1.9506075245205678,4,9,3
14,1.9506075245205678,4,9,3
15,1.9506075245205678,4,9,3
16,1.8138755980861243,4,10,3
17,1.8138755980861243,4,10,3
18,1.8092476489028213,4,8,3
19,1.8092476489028213,4,8,3
20,1.8092476489028213,4,8,3
21,1.7992005981136416,4,9,3
22,1.8004403004403005,4,9,2
23,1.8004403004403005,4,9,2
24,1.7992005981136416,4,9,3
25,1.7992005981136416,4,9,3
26,1.7992005981136416,4,9,3
27,1.7992005981136416,4,9,3
28,1.7992005981136416,4,9,3
29,1.7923324662455098,4,9,2
30,1.7701666525195936,4,9,3
31,1.7701666525195936,4,9,3
32,1.6753717297195556,4,8,4
33,1.6753717297195556,4,8,4
34,1.6753717297195556,4,8,4
35,1.6704545454545454,4,8,2
36,1.6495241371402363,4,9,3
37,1.6495241371402363,4,9,3
38,1.6495241371402363,4,9,3
39,1.6305413105413105,4,9,2
40,1.5598461734045257,4,10,3
41,1.5598461734045257,4,10,3
