,mq,No. Clus,Max clus,Min clus
0,2.0684212571691685,10,5,1
1,1.4501318380661747,7,6,2
2,1.4014931636027765,6,7,2
3,1.4014931636027765,6,7,2
4,1.3427508552828247,9,5,1
5,1.3254532338931317,5,13,2
6,1.302272838112747,9,6,1
7,1.2827753695073536,5,12,2
8,1.2646976707485504,8,7,2
9,1.2646976707485504,8,7,2
10,1.2610823453280902,8,6,2
11,1.2646345947487299,6,9,2
12,1.243194089229895,9,8,1
13,1.2416514652890274,8,5,2
14,1.2185555323439186,8,5,2
15,1.2258079516391538,4,19,2
16,1.2190750709932296,6,14,2
17,1.215264746800991,9,7,2
18,1.2143298389041348,4,15,2
19,1.205035016323643,7,7,2
20,1.1866074538488331,9,4,2
21,1.1777104583684843,3,17,4
22,1.1763452475208271,6,10,2
23,1.1763452475208271,6,10,2
24,1.1763452475208271,6,10,2
25,1.1665197201867339,11,3,2
26,1.17289972899729,3,23,3
27,1.152739445834075,7,11,2
28,1.1401795478243177,3,22,3
29,1.1346524582840507,7,5,2
30,1.1306743306316274,4,17,4
31,1.1273314419078284,7,7,2
32,1.1075826093557308,9,5,2
33,1.1058747957354584,5,9,3
34,1.107324768988055,5,14,2
35,1.0935601832065365,8,4,2
36,1.0911977834612105,3,18,4
37,1.0837794655218516,9,8,2
38,1.0864526653573305,6,15,2
39,1.0791068266771593,8,5,2
40,1.0758448839094,9,6,1
41,1.072353093904818,6,12,2
42,1.0644488833299108,3,14,4
43,1.0578745714861868,3,22,2
44,1.0466261808367072,4,15,2
45,1.0292868615020936,9,4,2
46,1.0276537940422432,4,16,2
47,1.0238300086036136,4,11,5
48,0.9879816189466243,3,18,4
49,0.9702386112122421,7,7,2
50,0.9709432553509209,4,18,2
51,0.970336852689794,6,13,2
52,0.9636159302430649,9,4,2
53,0.9685788755448197,5,13,2
54,0.9626517273576096,7,9,1
55,0.940213783247249,8,6,2
56,0.8600126303467184,8,5,2
57,0.8441887298140351,10,4,1
58,0.8094566378723478,10,4,2
59,0.7629922388041206,8,6,2
