,mq,No. Clus,Max clus,Min clus
0,1.9408720436529703,6,6,3
1,1.8972460705075462,7,5,3
2,1.781957849956168,8,4,2
3,1.773676276457203,8,4,2
4,1.773676276457203,8,4,2
5,1.773676276457203,8,4,2
6,1.7256116169909272,8,3,3
7,1.7571684587813619,5,6,3
8,1.7256116169909272,8,3,3
9,1.7256116169909272,8,3,3
10,1.7256116169909272,8,3,3
11,1.7256116169909272,8,3,3
12,1.7256116169909272,8,3,3
13,1.7256116169909272,8,3,3
14,1.7256116169909272,8,3,3
15,1.7256116169909272,8,3,3
16,1.7256116169909272,8,3,3
17,1.7256116169909272,8,3,3
18,1.7013169461445323,8,4,2
19,1.680331226882951,8,4,2
20,1.6769739937318597,8,5,2
21,1.6769739937318597,8,5,2
22,1.646185296185296,8,4,2
23,1.6397299798300913,8,4,2
24,1.6181089312225359,7,4,3
25,1.6020051085568328,5,12,3
26,1.5455894008525588,7,4,3
27,1.35507051198624,8,4,2
28,1.35507051198624,8,4,2
29,1.3378363324957525,8,4,2
30,1.3238447564005376,8,4,2
31,1.2809234156482736,8,4,2
32,1.2809234156482736,8,4,2
33,1.1660878074671177,7,6,3
34,1.1167670133187373,7,6,2
35,1.0838611139728187,6,9,3
36,1.0337561664094692,7,7,2
37,1.0245662849302888,7,5,3
38,1.0582010582010581,4,12,3
39,1.0157773889650752,6,6,3
40,1.0144293509810751,5,12,3
41,1.0144293509810751,5,12,3
42,1.0021037908361852,4,9,3
43,0.9598965848965848,5,11,3
44,0.9195305761999772,7,8,2
45,0.8976956279587858,5,11,3
46,0.8976956279587858,5,11,3
47,0.888696837880141,4,15,3
