,mq,No. Clus,Max clus,Min clus
0,2.0986546133604955,6,5,2
1,1.8701992451992453,7,3,2
2,1.7907647907647906,7,4,1
3,1.7613100444170053,6,4,2
4,1.7460733710733711,7,3,2
5,1.7142857142857142,5,5,2
6,1.7018514639482383,7,5,2
7,1.6988744588744589,5,6,2
8,1.6381987577639752,4,9,3
9,1.6229682267418117,4,8,2
10,1.616017316017316,7,4,2
11,1.5715811965811965,5,6,2
12,1.569231763261614,3,10,4
13,1.5588611388611389,7,4,2
14,1.5299539170506913,5,5,2
15,1.5277192982456138,5,6,2
16,1.527327935222672,3,9,5
17,1.525973434094845,4,8,3
18,1.4893994893994895,7,4,2
19,1.4841114767585357,6,6,1
20,1.474571138328254,6,5,2
21,1.4729553600521341,3,12,3
22,1.46331467394086,5,6,3
23,1.4671717171717171,3,9,3
24,1.4593557422969188,4,7,4
25,1.4492020780531694,5,8,2
26,1.4330351906158358,6,4,2
27,1.4338106338106338,5,8,1
28,1.428178194354665,7,3,2
29,1.4061824354507282,5,6,1
30,1.405858585858586,4,12,1
31,1.3855177080983532,7,4,2
32,1.378283264722893,6,4,3
33,1.380041011619959,6,6,1
34,1.3745059288537549,3,12,3
35,1.3550893550893552,7,4,1
36,1.3440978376462247,5,5,3
37,1.3290344742976323,7,4,1
38,1.3163728613229169,5,8,2
39,1.2887956487956487,7,4,2
40,1.1885889938521517,7,4,1
41,1.1237914520646968,8,5,1
