,mq,No. Clus,Max clus,Min clus
0,1.3585858585858586,3,8,2
1,1.3038073038073037,4,4,2
2,1.3038073038073037,4,4,2
3,1.3038073038073037,4,4,2
4,1.2675438596491229,3,7,2
5,1.232608695652174,3,9,2
6,1.232608695652174,3,9,2
7,1.232608695652174,3,9,2
8,1.1428571428571428,4,5,2
9,1.1346153846153846,4,4,2
10,1.1405228758169934,3,7,2
11,1.1346153846153846,4,4,2
12,1.1346153846153846,4,5,2
13,1.1346153846153846,4,5,2
14,1.0953823953823953,6,3,2
15,1.0595238095238095,5,4,2
16,1.0611111111111111,5,6,1
17,1.057207498383969,4,5,2
18,1.0095238095238095,5,5,2
19,1.0095238095238095,5,5,2
20,1.0146520146520146,4,6,2
21,1.0095238095238095,4,7,2
22,1.0055555555555555,6,4,1
23,1.0012820512820513,5,5,2
24,0.9957264957264957,4,4,2
25,0.9393939393939393,6,4,1
26,0.9206349206349206,5,4,2
27,0.8911290322580645,5,5,1
