,mq,No. Clus,Max clus,Min clus
0,1.9788085827216262,5,4,4
1,1.9788085827216262,5,4,4
2,1.9788085827216262,5,4,4
3,1.9788085827216262,5,4,4
4,1.9788085827216262,5,4,4
5,1.9788085827216262,5,4,4
6,1.9788085827216262,5,4,4
7,1.9788085827216262,5,4,4
8,1.9788085827216262,5,4,4
9,1.9788085827216262,5,4,4
10,1.9788085827216262,5,4,4
11,1.9788085827216262,5,4,4
12,1.9788085827216262,5,4,4
13,1.9788085827216262,5,4,4
14,1.9788085827216262,5,4,4
15,1.9788085827216262,5,4,4
16,1.9788085827216262,5,4,4
17,1.9788085827216262,5,4,4
18,1.9788085827216262,5,4,4
19,1.9788085827216262,5,4,4
20,1.9788085827216262,5,4,4
21,1.9788085827216262,5,4,4
22,1.9788085827216262,5,4,4
23,1.9788085827216262,5,4,4
24,1.9788085827216262,5,4,4
25,1.9788085827216262,5,4,4
26,1.9788085827216262,5,4,4
27,1.9788085827216262,5,4,4
28,1.9788085827216262,5,4,4
29,1.9788085827216262,5,4,4
30,1.9788085827216262,5,4,4
31,1.9788085827216262,5,4,4
32,1.8367582925862296,4,8,4
33,1.8367582925862296,4,8,4
34,1.8367582925862296,4,8,4
35,1.8367582925862296,4,8,4
36,1.8367582925862296,4,8,4
37,1.8367582925862296,4,8,4
38,1.6908564408564408,4,7,4
39,1.4785714285714286,3,12,4
