,mq,No. Clus,Max clus,Min clus
0,1.8400050458329829,3,8,4
1,1.8400050458329829,3,8,4
2,1.8400050458329829,3,8,4
3,1.8400050458329829,3,8,4
4,1.8400050458329829,3,8,4
5,1.8400050458329829,3,8,4
6,1.8400050458329829,3,8,4
7,1.8177781210178785,3,8,6
8,1.8177781210178785,3,8,6
9,1.8177781210178785,3,8,6
10,1.8177781210178785,3,8,6
11,1.8177781210178785,3,8,6
12,1.8177781210178785,3,8,6
13,1.8177781210178785,3,8,6
14,1.7693383038210624,3,7,6
15,1.7693383038210624,3,7,6
16,1.7496706718294677,3,8,5
17,1.7496706718294677,3,8,5
18,1.7496706718294677,3,8,5
19,1.7496706718294677,3,8,5
20,1.7496706718294677,3,8,5
21,1.7406896551724138,3,9,5
22,1.7406896551724138,3,9,5
23,1.7406896551724138,3,9,5
24,1.7406896551724138,3,9,5
25,1.735032162295893,3,8,4
26,1.735032162295893,3,8,4
27,1.735032162295893,3,8,4
28,1.735032162295893,3,8,4
29,1.7269756838905774,3,8,5
30,1.7269756838905774,3,8,5
31,1.7269756838905774,3,8,5
32,1.7269756838905774,3,8,5
33,1.704255319148936,3,9,3
34,1.694103194103194,3,8,5
35,1.6795141700404859,3,9,5
36,1.6795141700404859,3,9,5
37,1.6795141700404859,3,9,5
38,1.6795141700404859,3,9,5
39,1.6581724581724582,3,7,6
40,1.6244334975369457,3,9,4
41,1.6244334975369457,3,9,4
