,mq,No. Clus,Max clus,Min clus
0,1.7892162477481948,8,9,2
1,1.7892162477481948,8,9,2
2,1.7892162477481948,8,9,2
3,1.6431853213336318,11,3,2
4,1.645671001043294,11,4,2
5,1.6336444745834828,11,3,2
6,1.639773961698922,8,9,2
7,1.6116349052054926,11,3,2
8,1.611205760715394,11,3,2
9,1.590155577040118,11,3,2
10,1.5617274257861595,11,4,2
11,1.5617274257861595,11,4,2
12,1.5289862411869937,9,5,2
13,1.4710526545078193,11,3,2
14,1.4710526545078193,11,3,2
15,1.4710526545078193,11,3,2
16,1.4657512152608487,10,5,2
17,1.4279332233082938,11,3,2
18,1.3796108808090195,12,3,2
19,1.3795439551377204,9,5,2
20,1.3795439551377204,9,5,2
21,1.3795439551377204,9,5,2
22,1.3706837059589239,10,5,2
23,1.3582872580180454,11,3,2
24,1.3304153172998583,11,3,2
25,1.3304153172998583,11,3,2
26,1.3304153172998583,11,3,2
27,1.32904465890147,8,6,3
28,1.3112534827157467,12,3,2
29,1.301144400875188,11,3,2
30,1.2949028931137905,11,4,2
31,1.281126202134676,9,6,2
32,1.272067607936763,9,6,2
33,1.2666889514268944,10,4,2
34,1.2553495636659937,11,3,2
35,1.244884959555494,7,9,2
36,1.2411429496606174,10,5,2
37,1.237385289983313,11,4,2
38,1.216272880331614,9,7,2
39,1.1998886821268084,11,4,2
40,1.1766679304531853,11,3,2
41,1.1717395664764085,9,9,2
42,1.1604909614264594,6,13,3
43,1.1508003117483208,8,11,2
44,1.1111370686287445,8,10,2
45,1.1378038771740777,6,15,2
46,1.1088282055811673,9,8,2
47,1.138961038961039,5,19,2
48,1.103080590489709,5,17,2
49,1.029390932919401,12,3,2
50,1.085419023636607,6,16,2
51,1.0467071935157042,4,21,2
52,0.9907024445809188,4,22,2
53,0.8399382418135528,12,3,2
54,0.8808687217062738,7,15,2
55,0.8354311771692433,10,4,2
56,0.8495789606455204,9,11,2
57,0.8306417549637928,11,3,2
