,mq,No. Clus,Max clus,Min clus
0,1.5374396312104506,5,17,2
1,1.403736094649949,6,10,2
2,1.359836595017995,7,10,1
3,1.3557919150750188,5,12,2
4,1.357594160225739,5,16,2
5,1.3443545515686197,3,14,2
6,1.3380679807869278,6,12,2
7,1.3410544036859826,5,17,2
8,1.3371312468471028,5,12,2
9,1.334217960154624,4,18,2
10,1.33169912776291,6,13,2
11,1.3273387867543711,5,10,2
12,1.325331185105621,7,11,2
13,1.3238291002490299,5,15,2
14,1.3189715383272218,3,19,2
15,1.3189390910302548,5,9,2
16,1.3174369109151718,3,20,2
17,1.3101677494272352,6,10,1
18,1.3174369109151718,3,20,2
19,1.311190469754252,5,15,2
20,1.3084931986461097,5,14,2
21,1.301836909346537,5,19,2
22,1.2920391612323692,7,7,2
23,1.2942723799065474,5,9,2
24,1.3010462904248574,5,19,2
25,1.2927851483445987,5,13,2
26,1.292508591065292,4,16,2
27,1.2890196078431373,5,12,2
28,1.2881263616557734,3,17,2
29,1.2725563909774436,5,13,2
30,1.2688291571512669,6,9,2
31,1.2682808508867305,5,12,2
32,1.266456699553082,5,14,1
33,1.2557328239629941,5,8,2
34,1.2383127720887785,6,10,2
35,1.2382063436104318,6,11,1
36,1.2372076023391814,4,23,2
37,1.2329380241751375,4,10,2
38,1.2329380241751375,4,10,2
39,1.2251534162829103,7,8,1
40,1.2310238907849829,3,24,2
41,1.2213740838709422,5,12,2
42,1.208928879744468,6,11,1
43,1.1948895837404732,5,10,2
44,1.1916456433281633,8,10,2
45,1.1946254071661238,3,25,2
46,1.1819296528496248,8,7,2
47,1.1856598703348595,4,15,2
48,1.1621837286171275,8,10,2
49,1.140437770805319,8,8,2
50,1.1205385290408327,7,8,2
51,1.073368247832733,9,7,2
52,1.0563880516993636,5,12,2
53,1.051488942609007,3,11,9
54,1.0543220173010153,6,10,1
55,1.029316883909499,4,16,2
56,0.9989835362188525,3,14,6
57,0.9813987480068506,4,17,3
58,0.9772423025435073,3,19,3
59,0.9551282051282052,3,27,1
