,mq,No. Clus,Max clus,Min clus
0,1.708020050125313,3,8,6
1,1.708020050125313,3,8,6
2,1.708020050125313,3,8,6
3,1.708020050125313,3,8,6
4,1.708020050125313,3,8,6
5,1.708020050125313,3,8,6
6,1.708020050125313,3,8,6
7,1.708020050125313,3,8,6
8,1.708020050125313,3,8,6
9,1.708020050125313,3,8,6
10,1.708020050125313,3,8,6
11,1.708020050125313,3,8,6
12,1.708020050125313,3,8,6
13,1.708020050125313,3,8,6
14,1.708020050125313,3,8,6
15,1.708020050125313,3,8,6
16,1.708020050125313,3,8,6
17,1.708020050125313,3,8,6
18,1.7034313725490196,3,8,5
19,1.6862895283947914,3,8,6
20,1.6862895283947914,3,8,6
21,1.6862895283947914,3,8,6
22,1.6862895283947914,3,8,6
23,1.6862895283947914,3,8,6
24,1.6862895283947914,3,8,6
25,1.6862895283947914,3,8,6
26,1.6862895283947914,3,8,6
27,1.6807455228507862,3,7,6
28,1.6807455228507862,3,7,6
29,1.6807455228507862,3,7,6
30,1.6695934959349592,3,8,5
31,1.6679118142532778,3,7,6
32,1.6679118142532778,3,7,6
33,1.6679118142532778,3,7,6
34,1.6708771929824562,3,9,5
35,1.6708771929824562,3,9,5
36,1.6695934959349592,3,8,5
37,1.665748987854251,3,9,5
38,1.665748987854251,3,9,5
39,1.6544294294294295,3,9,5
40,1.614247311827957,3,9,5
41,1.614247311827957,3,9,5
