,mq,No. Clus,Max clus,Min clus
0,1.9614343510895236,7,4,2
1,1.9614343510895236,7,4,2
2,1.9614343510895236,7,4,2
3,1.9614343510895236,7,4,2
4,1.9614343510895236,7,4,2
5,1.9614343510895236,7,4,2
6,1.9614343510895236,7,4,2
7,1.9614343510895236,7,4,2
8,1.9614343510895236,7,4,2
9,1.9614343510895236,7,4,2
10,1.9614343510895236,7,4,2
11,1.9614343510895236,7,4,2
12,1.9614343510895236,7,4,2
13,1.9614343510895236,7,4,2
14,1.9614343510895236,7,4,2
15,1.9614343510895236,7,4,2
16,1.9516816516816518,7,4,2
17,1.9516816516816518,7,4,2
18,1.9361416361416361,7,4,2
19,1.779616169271342,7,4,2
20,1.779616169271342,7,4,2
21,1.779616169271342,7,4,2
22,1.779616169271342,7,4,2
23,1.6534421134421136,7,4,2
24,1.6455912508544086,7,4,2
25,1.6452380952380954,7,4,1
26,1.6412698412698414,7,4,1
27,1.622253064539816,7,4,2
28,1.6174603174603173,7,4,2
29,1.5976483440879725,7,4,2
30,1.5853659750211475,7,4,2
31,1.5846320346320346,7,4,2
32,1.5600250626566414,7,4,1
33,1.5476412476412478,7,4,2
34,1.5295815295815296,7,4,2
35,1.4988640014955805,7,4,2
36,1.4858010410641989,7,4,2
37,1.4858010410641989,7,4,2
38,1.4858010410641989,7,4,2
39,1.4858010410641989,7,4,2
40,1.4766917293233084,7,4,2
41,1.4766917293233084,7,4,2
