,mq,No. Clus,Max clus,Min clus
0,2.161861085774129,6,6,2
1,2.161861085774129,6,6,2
2,2.0520553359683795,6,4,2
3,2.0192979751259124,4,8,2
4,1.992035742035742,7,4,2
5,1.992035742035742,7,4,2
6,1.9532689532689533,8,4,1
7,1.9532689532689533,8,4,1
8,1.952756132756133,7,4,1
9,1.8941669785323034,6,6,2
10,1.8940008783487043,6,5,1
11,1.8564435564435564,7,4,1
12,1.841154015067059,8,4,1
13,1.8271872571872572,7,4,2
14,1.8271872571872572,7,4,2
15,1.8255515304851166,6,5,1
16,1.8120596946912737,7,4,2
17,1.8137254901960786,4,8,2
18,1.8097047397047399,7,4,2
19,1.7985697877002225,8,4,2
20,1.7859477124183005,5,6,2
21,1.7859477124183005,5,6,2
22,1.7771761571761573,5,5,3
23,1.7641031941031942,5,7,2
24,1.7207678286625654,7,4,2
25,1.7016816516816518,8,5,2
26,1.6804075235109717,6,5,2
27,1.6804075235109717,6,5,2
28,1.6775793650793651,6,5,1
29,1.6453690753690755,8,4,2
30,1.6061377752682102,7,4,2
31,1.6046820995096855,7,5,2
32,1.5981296824950078,6,6,2
33,1.551705239205239,6,5,2
34,1.539452881214895,7,4,2
35,1.4965274123960854,4,6,3
36,1.4933688387635757,7,5,1
37,1.4556163135110505,8,4,1
38,1.4416951469583048,4,7,4
39,1.3938147254929778,3,9,4
40,1.3448892501524081,4,7,4
41,1.2739234449760766,3,16,2
