,mq,No. Clus,Max clus,Min clus
0,1.8901996550051599,11,5,1
1,1.284634331186055,11,6,1
2,1.1401971839130307,3,10,9
3,1.1379819103213804,3,10,9
4,1.1379819103213804,3,10,9
5,1.1379819103213804,3,10,9
6,1.1379819103213804,3,10,9
7,1.1379819103213804,3,10,9
8,1.1379819103213804,3,10,9
9,1.1304330065359476,3,10,9
10,1.1293810385218594,3,10,9
11,1.1290865384615385,3,10,9
12,1.1248751248751248,3,10,9
13,1.1248751248751248,3,10,9
14,1.1235408269891027,3,10,9
15,1.1154456230792107,3,10,9
16,1.1154456230792107,3,10,9
17,1.1154456230792107,3,10,9
18,1.1109638854296389,3,10,9
19,1.1095203078765674,3,10,9
20,1.1068597651826688,3,10,9
21,1.1010563904180926,3,10,9
22,1.1010563904180926,3,10,9
23,1.0829548720896809,3,10,9
24,1.0825840825840825,3,10,9
25,1.0743903129066938,3,10,9
26,1.073049645390071,3,10,9
27,1.0708922323499515,3,10,9
28,1.061288812607271,3,10,9
29,1.0572554966547818,3,10,9
30,1.0535714285714284,3,10,9
31,1.0535714285714284,3,10,9
32,1.0485460731698761,3,10,9
33,1.047171568768665,3,10,9
34,1.0345454545454544,3,10,9
35,1.0306795839808358,3,10,9
36,1.0302950819672132,3,10,9
37,1.0302950819672132,3,10,9
38,1.029275399411342,3,10,9
39,1.025901143967192,3,10,9
40,1.0182796585222256,3,10,9
41,1.0161122661122661,3,10,9
42,1.01512976299237,3,10,9
43,1.0149737159392331,3,10,9
44,1.0133614185110664,3,10,9
45,1.0124486200822078,3,10,9
46,1.0111103594622308,3,10,9
47,1.0104185562126138,3,10,9
48,1.0015915119363394,3,10,9
49,0.983128811566842,11,6,1
50,0.9822976212428545,3,10,9
51,0.9791876257545271,3,10,9
52,0.9782028800680165,3,10,9
53,0.9696493982208267,3,10,9
54,0.9564012538004649,3,10,9
55,0.9326721675658521,3,10,9
56,0.9167927585105725,3,10,9
57,0.9155760113506592,3,10,9
58,0.9020477131982128,3,10,9
59,0.8852736178844245,11,5,1
