,mq,No. Clus,Max clus,Min clus
0,1.5962332624202227,3,15,4
1,1.5962332624202227,3,15,4
2,1.5962332624202227,3,15,4
3,1.5962332624202227,3,15,4
4,1.5962332624202227,3,15,4
5,1.5962332624202227,3,15,4
6,1.5962332624202227,3,15,4
7,1.5962332624202227,3,15,4
8,1.5962332624202227,3,15,4
9,1.5962332624202227,3,15,4
10,1.5962332624202227,3,15,4
11,1.5962332624202227,3,15,4
12,1.5962332624202227,3,15,4
13,1.5962332624202227,3,15,4
14,1.5542168674698795,3,14,4
15,1.5505571334935546,3,16,4
16,1.5505571334935546,3,16,4
17,1.5505571334935546,3,16,4
18,1.5505571334935546,3,16,4
19,1.5505571334935546,3,16,4
20,1.5505571334935546,3,16,4
21,1.5314935064935065,3,13,4
22,1.502282389796375,3,16,4
23,1.502282389796375,3,16,4
24,1.4982752673335633,3,17,4
25,1.4915642529867683,3,15,4
26,1.4915642529867683,3,15,4
27,1.4915642529867683,3,15,4
28,1.4915642529867683,3,15,4
29,1.4915642529867683,3,15,4
30,1.4915642529867683,3,15,4
31,1.4915642529867683,3,15,4
32,1.4915642529867683,3,15,4
33,1.4915642529867683,3,15,4
34,1.4915642529867683,3,15,4
35,1.4915642529867683,3,15,4
36,1.4915642529867683,3,15,4
37,1.4915642529867683,3,15,4
38,1.4802261048304213,3,14,4
39,1.4802261048304213,3,14,4
40,1.4802261048304213,3,14,4
41,1.4802261048304213,3,14,4
42,1.4802261048304213,3,14,4
43,1.4802261048304213,3,14,4
44,1.4404612136978123,3,14,5
45,1.4404612136978123,3,14,5
46,1.397519509476031,3,15,5
47,1.397519509476031,3,15,5
48,1.397519509476031,3,15,5
49,1.397519509476031,3,15,5
50,1.3334204413472706,3,16,5
51,1.328279305610912,3,15,5
52,1.328279305610912,3,15,5
53,1.3235714285714286,3,14,5
54,1.3235714285714286,3,14,5
55,1.3235714285714286,3,14,5
56,1.3084078907767656,3,16,3
57,1.3084078907767656,3,16,3
58,1.2666009204470745,3,15,3
59,1.2583002961950331,3,14,6
