,mq,No. Clus,Max clus,Min clus
0,1.4070048309178742,4,4,2
1,1.4070048309178742,4,4,2
2,1.4070048309178742,4,4,2
3,1.2799808429118773,4,5,2
4,1.2857142857142856,4,6,1
5,1.271969696969697,5,4,2
6,1.2542270531400965,5,4,2
7,1.0911290322580645,4,6,1
8,1.090151515151515,5,4,2
9,1.0548340548340547,5,4,2
10,1.0076923076923077,3,10,1
11,0.9916666666666667,3,10,1
12,0.9373737373737373,6,3,2
13,0.9083333333333333,6,4,1
14,0.9305555555555556,3,9,1
15,0.923404255319149,3,9,2
16,0.9049808429118774,4,5,2
17,0.881159420289855,5,5,2
18,0.8560846560846561,5,4,1
19,0.8516129032258064,4,6,1
20,0.8416666666666666,4,5,2
21,0.8416666666666666,4,5,2
22,0.8077586206896552,4,5,2
23,0.7857142857142857,6,3,1
24,0.7718253968253967,5,4,1
25,0.7619047619047619,4,4,2
26,0.7161290322580645,4,6,2
27,0.6444444444444444,6,4,1
