,mq,No. Clus,Max clus,Min clus
0,2.032653512333315,7,6,2
1,2.032653512333315,7,6,2
2,1.9783386515668415,7,6,2
3,1.9616190379374963,7,6,2
4,1.8898835878437397,7,5,2
5,1.8415813305468478,7,6,2
6,1.8315967826336488,7,7,2
7,1.7716794075489726,7,8,2
8,1.7465466827989515,7,6,2
9,1.6840062646963143,9,4,2
10,1.6824467178175617,10,3,2
11,1.682350610409081,10,4,2
12,1.682350610409081,10,4,2
13,1.625004421551736,9,5,2
14,1.625004421551736,9,5,2
15,1.6075442047247321,10,4,2
16,1.6085808151731074,9,4,2
17,1.5911156263973276,11,3,2
18,1.5641057635175282,7,6,2
19,1.555138938826213,10,3,2
20,1.5373646160113221,10,3,2
21,1.53720187588915,10,3,2
22,1.5166881558247782,7,6,2
23,1.5030789017256077,11,3,2
24,1.47218243687053,4,13,3
25,1.4160001166289198,9,4,2
26,1.3862199531128365,6,6,2
27,1.3626493457531885,7,8,2
28,1.3484265585188215,10,4,2
29,1.3472270849949912,7,9,2
30,1.3418964772024142,6,7,2
31,1.333172225663357,7,5,2
32,1.3329196946844006,8,5,2
33,1.3142705281346254,11,4,2
34,1.3070286576168928,10,4,2
35,1.3028656237769836,6,6,2
36,1.2610177632409938,10,4,2
37,1.2048682268606368,7,6,2
38,1.1845333346343239,6,9,2
39,1.1276608415249387,11,4,2
40,1.135336285051655,4,15,2
41,1.1276608415249387,11,4,2
42,1.1276608415249387,11,4,2
43,1.0777785436813194,7,10,2
44,1.0668674690906994,6,11,2
45,1.0391171993911719,5,10,2
46,0.9732476004450311,6,12,2
47,0.9742035742035742,3,18,2
48,0.9506135542991958,4,17,2
49,0.949758743622841,8,9,2
