,mq,No. Clus,Max clus,Min clus
0,1.2619047619047619,3,5,3
1,1.2619047619047619,3,5,3
2,1.2619047619047619,3,5,3
3,1.2619047619047619,3,5,3
4,1.2619047619047619,3,5,3
5,1.2619047619047619,3,5,3
6,1.2619047619047619,3,5,3
7,1.2619047619047619,3,5,3
8,1.2619047619047619,3,5,3
9,1.2619047619047619,3,5,3
10,1.2619047619047619,3,5,3
11,1.2619047619047619,3,5,3
12,1.2619047619047619,3,5,3
13,1.2564102564102564,3,6,3
14,1.2564102564102564,3,6,3
15,1.2564102564102564,3,6,3
16,1.2564102564102564,3,6,3
17,1.25,3,5,3
18,1.196969696969697,3,5,4
19,1.196969696969697,3,5,4
20,1.0829131652661064,3,6,3
21,1.0513860716700474,3,5,4
22,1.0513860716700474,3,5,4
23,1.0513860716700474,3,5,4
24,1.0513860716700474,3,5,4
25,1.0233100233100232,3,6,2
26,1.0233100233100232,3,6,2
27,1.0142857142857142,3,6,2
