,mq,No. Clus,Max clus,Min clus
0,1.597367748530539,3,23,2
1,1.5943661971830987,3,20,4
2,1.5943661971830987,3,20,4
3,1.5943661971830987,3,20,4
4,1.5943661971830987,3,20,4
5,1.5943661971830987,3,20,4
6,1.5943661971830987,3,20,4
7,1.597367748530539,3,23,2
8,1.5943661971830987,3,20,4
9,1.5943661971830987,3,20,4
10,1.5943661971830987,3,20,4
11,1.5943661971830987,3,20,4
12,1.5770114942528737,3,21,4
13,1.5770114942528737,3,21,4
14,1.5770114942528737,3,21,4
15,1.5522648083623694,3,19,4
16,1.5522648083623694,3,19,4
17,1.5522648083623694,3,19,4
18,1.5522648083623694,3,19,4
19,1.5522648083623694,3,19,4
20,1.5261464199517296,3,18,4
21,1.5261464199517296,3,18,4
22,1.5193394176445025,3,19,4
23,1.4955466932535726,3,18,4
24,1.4955466932535726,3,18,4
25,1.4955466932535726,3,18,4
26,1.479330007127584,3,20,4
27,1.479330007127584,3,20,4
28,1.479330007127584,3,20,4
29,1.479330007127584,3,20,4
30,1.479330007127584,3,20,4
31,1.479330007127584,3,20,4
32,1.479330007127584,3,20,4
33,1.479330007127584,3,20,4
34,1.479330007127584,3,20,4
35,1.479330007127584,3,20,4
36,1.479330007127584,3,20,4
37,1.479330007127584,3,20,4
38,1.4375433192144782,3,21,4
39,1.4375433192144782,3,21,4
40,1.4375433192144782,3,21,4
41,1.428933462741292,3,23,2
42,1.428933462741292,3,23,2
43,1.428933462741292,3,23,2
44,1.428933462741292,3,23,2
45,1.3705566733735748,3,20,4
46,1.3208367854183927,3,20,3
47,1.3208367854183927,3,20,3
48,1.3032019704433497,3,21,3
49,1.3032019704433497,3,21,3
50,1.3032019704433497,3,21,3
51,1.2849206349206348,3,19,3
52,1.2737179487179486,3,20,3
53,1.2737179487179486,3,20,3
54,1.2678571428571428,3,19,5
55,1.237861237861238,3,17,5
56,1.2365339578454333,3,19,5
57,1.2008196721311475,3,24,2
58,1.2008196721311475,3,24,2
59,1.1845556404379933,3,22,2
