,mq,No. Clus,Max clus,Min clus
0,2.0704921348849386,6,8,2
1,2.0704921348849386,6,8,2
2,2.0704921348849386,6,8,2
3,2.0704921348849386,6,8,2
4,2.0704921348849386,6,8,2
5,2.0704921348849386,6,8,2
6,2.0704921348849386,6,8,2
7,2.0704921348849386,6,8,2
8,2.0704921348849386,6,8,2
9,2.0704921348849386,6,8,2
10,2.0704921348849386,6,8,2
11,2.0704921348849386,6,8,2
12,2.0704921348849386,6,8,2
13,2.0704921348849386,6,8,2
14,2.0704921348849386,6,8,2
15,2.0704921348849386,6,8,2
16,2.0704921348849386,6,8,2
17,2.0704921348849386,6,8,2
18,2.0704921348849386,6,8,2
19,2.0704921348849386,6,8,2
20,2.0704921348849386,6,8,2
21,2.0704921348849386,6,8,2
22,2.0704921348849386,6,8,2
23,1.993669545556338,6,7,2
24,1.993669545556338,6,7,2
25,1.993669545556338,6,7,2
26,1.993669545556338,6,7,2
27,1.89461438007115,6,6,3
28,1.866884061286473,6,7,2
29,1.8612407726485014,6,8,2
30,1.8612407726485014,6,8,2
31,1.8416056166056167,6,9,2
32,1.8416056166056167,6,9,2
33,1.8416056166056167,6,9,2
34,1.8416056166056167,6,9,2
35,1.8047292143401983,6,7,2
36,1.7866475312127486,6,7,2
37,1.784418183319901,6,7,2
38,1.7745024238404907,6,7,2
39,1.7322152341020265,6,7,2
40,1.7322152341020265,6,7,2
41,1.7190877621912106,6,9,2
42,1.6923089554124036,6,7,2
43,1.6772172810837687,6,8,2
44,1.6772172810837687,6,8,2
45,1.6772172810837687,6,8,2
46,1.6636026374822461,6,7,2
47,1.6636026374822461,6,7,2
48,1.6370343361190043,6,5,2
49,1.5712210000362636,6,7,2
