,mq,No. Clus,Max clus,Min clus
0,1.3436363636363637,3,5,3
1,1.3436363636363637,3,5,3
2,1.3436363636363637,3,5,3
3,1.3436363636363637,3,5,3
4,1.289782608695652,3,5,4
5,1.289782608695652,3,5,4
6,1.289782608695652,3,5,4
7,1.289782608695652,3,5,4
8,1.289782608695652,3,5,4
9,1.289782608695652,3,5,4
10,1.289782608695652,3,5,4
11,1.2984189723320159,4,5,1
12,1.289782608695652,3,5,4
13,1.2777777777777777,3,5,4
14,1.2777777777777777,3,5,4
15,1.2777777777777777,3,5,4
16,1.2777777777777777,3,5,4
17,1.2416666666666667,3,5,4
18,1.2457142857142856,3,5,3
19,1.2457142857142856,3,5,3
20,1.2416666666666667,3,5,4
21,1.2105263157894737,4,4,2
22,1.1666666666666667,3,5,3
23,1.1666666666666667,3,5,3
24,1.1051587301587302,3,6,3
25,1.0320048309178742,4,4,2
