,mq,No. Clus,Max clus,Min clus
0,1.8814814814814815,6,5,2
1,1.8814814814814815,6,5,2
2,1.8814814814814815,6,5,2
3,1.8814814814814815,6,5,2
4,1.8814814814814815,6,5,2
5,1.8814814814814815,6,5,2
6,1.8814814814814815,6,5,2
7,1.8814814814814815,6,5,2
8,1.8814814814814815,6,5,2
9,1.8814814814814815,6,5,2
10,1.8814814814814815,6,5,2
11,1.8814814814814815,6,5,2
12,1.8814814814814815,6,5,2
13,1.8814814814814815,6,5,2
14,1.8814814814814815,6,5,2
15,1.8814814814814815,6,5,2
16,1.8814814814814815,6,5,2
17,1.8814814814814815,6,5,2
18,1.8814814814814815,6,5,2
19,1.8814814814814815,6,5,2
20,1.8814814814814815,6,5,2
21,1.8814814814814815,6,5,2
22,1.8814814814814815,6,5,2
23,1.8814814814814815,6,5,2
24,1.793015873015873,6,6,2
25,1.793015873015873,6,6,2
26,1.673576097105509,6,6,2
27,1.673576097105509,6,6,2
28,1.673576097105509,6,6,2
29,1.673576097105509,6,6,2
30,1.673576097105509,6,6,2
31,1.673576097105509,6,6,2
32,1.600772200772201,6,6,1
33,1.600772200772201,6,6,1
34,1.600772200772201,6,6,1
35,1.600772200772201,6,6,1
36,1.600772200772201,6,6,1
37,1.4761904761904763,6,6,1
38,1.4761904761904763,6,6,1
39,1.4761904761904763,6,6,1
40,1.4730158730158731,6,7,2
41,1.4532277758084209,6,5,2
