,mq,No. Clus,Max clus,Min clus
0,1.3795093795093796,4,6,2
1,1.3795093795093796,4,6,2
2,1.3327561327561326,6,3,2
3,1.3327561327561326,6,3,2
4,1.3327561327561326,6,3,2
5,1.3327561327561326,6,3,2
6,1.323232323232323,5,4,2
7,1.2612612612612613,4,7,2
8,1.2412698412698413,4,5,2
9,1.2406349206349208,4,5,2
10,1.2406349206349208,4,5,2
11,1.2406349206349208,4,5,2
12,1.2331002331002332,5,5,2
13,1.2331002331002332,5,5,2
14,1.2270531400966185,3,9,2
15,1.2117889420521,5,4,2
16,1.2126068376068377,3,7,2
17,1.158008658008658,6,3,2
18,1.172686618507052,4,6,1
19,1.172686618507052,4,6,1
20,1.158008658008658,6,3,2
21,1.158008658008658,6,3,2
22,1.0803140096618358,5,4,2
23,1.059011164274322,6,3,2
24,1.0579268292682928,3,7,2
25,1.0229500891265597,5,3,2
26,0.9722222222222222,3,10,1
27,0.969119769119769,7,2,1
