,mq,No. Clus,Max clus,Min clus
0,2.0227272727272725,6,4,2
1,2.0227272727272725,6,4,2
2,1.816919191919192,6,4,3
3,1.816919191919192,6,4,3
4,1.816919191919192,6,4,3
5,1.769353195823784,6,6,2
6,1.7424242424242424,7,4,2
7,1.7424242424242424,7,4,2
8,1.75,5,5,3
9,1.6701468466174347,6,6,2
10,1.652056277056277,7,3,2
11,1.6603782927312338,6,4,2
12,1.640659134467184,7,4,2
13,1.6275252525252526,7,3,2
14,1.6203102453102454,7,3,2
15,1.6172756981580512,6,4,3
16,1.6115864527629233,7,4,2
17,1.6055555555555556,6,4,2
18,1.5730380730380733,8,3,2
19,1.5643939393939394,5,5,2
20,1.544131794131794,6,4,2
21,1.5427072927072927,5,6,2
22,1.5095068330362449,7,4,2
23,1.5134920634920634,6,7,2
24,1.5031194295900179,4,10,3
25,1.4351851851851851,5,5,2
26,1.4224531024531024,7,4,2
27,1.4224531024531024,7,4,2
28,1.4041537667698658,6,4,2
29,1.403361344537815,6,7,2
30,1.3886483886483885,6,4,3
31,1.3692279942279941,7,4,2
32,1.3687549720381458,5,8,2
33,1.3389154704944177,3,9,5
34,1.316081871345029,7,4,2
35,1.2539179686562507,5,8,2
36,1.2484226013637778,4,10,3
37,1.1536291709666322,7,5,2
38,1.2036340852130325,4,11,2
39,1.1133541295306002,7,4,2
