,mq,No. Clus,Max clus,Min clus
0,1.945075555175583,4,8,3
1,1.945075555175583,4,8,3
2,1.945075555175583,4,8,3
3,1.945075555175583,4,8,3
4,1.945075555175583,4,8,3
5,1.945075555175583,4,8,3
6,1.945075555175583,4,8,3
7,1.945075555175583,4,8,3
8,1.908280316175053,4,8,3
9,1.8998299463136297,4,7,3
10,1.8998299463136297,4,7,3
11,1.8998299463136297,4,7,3
12,1.8858206473982948,4,8,3
13,1.8855860030558826,4,8,3
14,1.8855860030558826,4,8,3
15,1.8719532589155066,4,8,3
16,1.8719532589155066,4,8,3
17,1.8719532589155066,4,8,3
18,1.8719532589155066,4,8,3
19,1.8719532589155066,4,8,3
20,1.8580144754843548,4,9,3
21,1.8397212727721204,4,8,3
22,1.8397212727721204,4,8,3
23,1.8397212727721204,4,8,3
24,1.8397212727721204,4,8,3
25,1.8397212727721204,4,8,3
26,1.8397212727721204,4,8,3
27,1.8397212727721204,4,8,3
28,1.8343039517738313,4,9,3
29,1.8310913760828869,4,8,4
30,1.826406584961372,4,8,3
31,1.8122710622710623,4,8,3
32,1.8122710622710623,4,8,3
33,1.8122710622710623,4,8,3
34,1.8122710622710623,4,8,3
35,1.8122710622710623,4,8,3
36,1.7947643188233404,4,7,4
37,1.7947643188233404,4,7,4
38,1.7723195581793942,4,9,3
39,1.7723195581793942,4,9,3
40,1.7544817927170868,4,8,3
41,1.7544817927170868,4,8,3
42,1.7544817927170868,4,8,3
43,1.7544817927170868,4,8,3
44,1.7544817927170868,4,8,3
45,1.7544817927170868,4,8,3
46,1.7350821221788961,4,7,4
47,1.73106089967186,4,9,3
48,1.5981142035626839,4,8,4
49,1.516183270281631,4,8,2
