,mq,No. Clus,Max clus,Min clus
0,1.96971544600314,8,4,2
1,1.96971544600314,8,4,2
2,1.8358934628862995,8,4,2
3,1.8151408140006582,8,3,3
4,1.8218648456450028,8,4,2
5,1.8151408140006582,8,3,3
6,1.8151408140006582,8,3,3
7,1.8151408140006582,8,3,3
8,1.8151408140006582,8,3,3
9,1.8151408140006582,8,3,3
10,1.8151408140006582,8,3,3
11,1.8151408140006582,8,3,3
12,1.8151408140006582,8,3,3
13,1.8151408140006582,8,3,3
14,1.8151408140006582,8,3,3
15,1.8151408140006582,8,3,3
16,1.8151408140006582,8,3,3
17,1.8151408140006582,8,3,3
18,1.8151408140006582,8,3,3
19,1.8151408140006582,8,3,3
20,1.8151408140006582,8,3,3
21,1.8151408140006582,8,3,3
22,1.8151408140006582,8,3,3
23,1.8151408140006582,8,3,3
24,1.8151408140006582,8,3,3
25,1.8151408140006582,8,3,3
26,1.8151408140006582,8,3,3
27,1.8151408140006582,8,3,3
28,1.8151408140006582,8,3,3
29,1.8151408140006582,8,3,3
30,1.8151408140006582,8,3,3
31,1.8151408140006582,8,3,3
32,1.8151408140006582,8,3,3
33,1.8011358774235715,8,4,2
34,1.6773671128530463,8,4,2
35,1.6052145240743683,9,3,2
36,1.3573990113519994,8,4,2
37,1.317855733458316,8,4,2
38,1.2556170044768487,7,6,3
39,1.1733903109825496,6,9,3
40,1.1733903109825496,6,9,3
41,1.1632102125538124,6,9,2
42,1.1512346063563101,5,12,3
43,1.1512346063563101,5,12,3
44,1.1512346063563101,5,12,3
45,1.126927607624759,3,18,3
46,1.0851659501548268,4,15,3
47,1.0851659501548268,4,15,3
