,mq,No. Clus,Max clus,Min clus
0,1.9855162349177398,9,4,1
1,1.9855162349177398,9,4,1
2,1.9855162349177398,9,4,1
3,1.9120669270418196,8,4,2
4,1.9120669270418196,8,4,2
5,1.8943549642079054,8,4,2
6,1.8906873355402767,9,3,1
7,1.8906873355402767,9,3,1
8,1.842659092060597,8,4,2
9,1.8063246351172049,8,4,2
10,1.7730162349177399,8,4,2
11,1.7568913929208048,8,3,3
12,1.7568913929208048,8,3,3
13,1.7568913929208048,8,3,3
14,1.7568913929208048,8,3,3
15,1.7568913929208048,8,3,3
16,1.7568913929208048,8,3,3
17,1.7568913929208048,8,3,3
18,1.741378773731715,9,3,2
19,1.7086666411563813,9,4,2
20,1.6953654188948306,8,4,2
21,1.6828633840804226,10,3,1
22,1.664134556261529,8,4,2
23,1.6609366719660839,9,3,2
24,1.664134556261529,8,4,2
25,1.6188685509337684,9,3,2
26,1.5988297706350445,9,3,2
27,1.5988297706350445,9,3,2
28,1.5912938148232265,9,3,2
29,1.54823807513436,9,3,2
30,1.5253597488891608,9,3,2
31,1.4514826214723617,7,6,2
32,1.4190295815295815,7,5,3
33,1.3068913929208048,7,6,3
34,1.3068913929208048,7,6,3
35,1.2805211108833778,8,5,1
36,1.2376484062459672,7,5,3
37,1.2042147667147667,9,3,2
38,1.201753834021276,6,8,3
39,1.12242093418564,9,4,1
40,1.1312229437229437,5,12,3
41,1.104812030075188,5,11,2
42,1.0239478764478764,5,11,3
43,1.0409080298786182,3,18,3
44,1.017005582137161,9,6,1
45,1.0206168831168831,4,15,3
46,1.0301357357655068,4,16,2
47,1.0206168831168831,4,15,3
