,mq,No. Clus,Max clus,Min clus
0,2.062121212121212,5,8,2
1,1.9573593073593072,6,6,2
2,1.8303921568627453,4,8,2
3,1.814200140944327,6,6,2
4,1.8073045028287997,7,4,2
5,1.7943751443751443,5,7,2
6,1.7884615384615383,7,5,2
7,1.7768939393939394,7,4,2
8,1.7634669678147938,6,5,2
9,1.7556078021595263,8,4,2
10,1.7423444976076556,7,4,2
11,1.7489106753812638,4,7,2
12,1.7423444976076556,7,4,2
13,1.7279904306220097,7,4,2
14,1.7057096064970612,7,3,2
15,1.7005263157894737,7,4,2
16,1.6920383963862222,7,4,2
17,1.6705784732100522,5,7,2
18,1.6667189132706373,5,7,2
19,1.6362745098039218,7,6,1
20,1.622893772893773,7,4,2
21,1.6020021645021645,7,4,2
22,1.5682018753447324,4,10,2
23,1.5590290661719233,5,10,2
24,1.545073891625616,6,5,2
25,1.5229907773386033,8,4,2
26,1.475677830940989,8,3,2
27,1.4738565782044044,6,4,2
28,1.4756056808688385,5,6,3
29,1.4687177975103671,7,5,1
30,1.4605263157894735,8,4,2
31,1.444258269536328,5,8,2
32,1.4417771883289126,4,11,2
33,1.4388888888888889,4,12,2
34,1.4388888888888889,4,12,2
35,1.3970159206468282,3,9,2
36,1.3970159206468282,3,9,2
37,1.3751105216622457,5,11,2
38,1.3479101358411705,8,5,1
39,1.326056338028169,3,13,2
40,1.2892336421748185,8,4,2
41,1.2812971342383106,3,11,1
