,mq,No. Clus,Max clus,Min clus
0,2.065967365967366,6,4,2
1,2.065967365967366,6,4,2
2,2.065967365967366,6,4,2
3,2.065967365967366,6,4,2
4,1.9757575757575756,5,5,3
5,1.8734539969834088,7,4,1
6,1.8533910533910531,5,4,4
7,1.8617745425929568,5,6,2
8,1.8343200916730327,6,4,2
9,1.8332112332112334,6,5,2
10,1.8332112332112334,6,5,2
11,1.7793650793650793,5,5,3
12,1.7793650793650793,5,5,3
13,1.7793650793650793,5,5,3
14,1.762121212121212,6,4,2
15,1.753450035802977,7,4,2
16,1.7417568396515763,6,4,3
17,1.7356029934977302,7,4,2
18,1.7343434343434343,6,4,2
19,1.7343434343434343,6,4,2
20,1.7343434343434343,6,4,2
21,1.7198966408268732,4,8,4
22,1.6645021645021645,6,4,2
23,1.6657595249876298,3,8,4
24,1.6645021645021645,6,4,2
25,1.6645021645021645,6,4,2
26,1.6645021645021645,6,4,2
27,1.6453932032879401,6,5,2
28,1.632748538011696,6,4,2
29,1.6316143895091262,6,4,2
30,1.6036616015563383,6,4,2
31,1.6015584415584416,6,4,2
32,1.6006379585326953,6,4,2
33,1.5790944397082505,4,9,3
34,1.5039790618737987,7,4,2
35,1.5030189109136476,6,4,2
36,1.369180527075264,6,4,2
37,1.355640034082716,3,13,3
38,1.355640034082716,3,13,3
39,1.1357299883615672,5,7,2
