,mq,No. Clus,Max clus,Min clus
0,1.9321154678706165,4,7,3
1,1.9321154678706165,4,7,3
2,1.9321154678706165,4,7,3
3,1.9321154678706165,4,7,3
4,1.9321154678706165,4,7,3
5,1.9321154678706165,4,7,3
6,1.9321154678706165,4,7,3
7,1.9321154678706165,4,7,3
8,1.9321154678706165,4,7,3
9,1.9321154678706165,4,7,3
10,1.9321154678706165,4,7,3
11,1.9321154678706165,4,7,3
12,1.9321154678706165,4,7,3
13,1.9321154678706165,4,7,3
14,1.9044838889232483,4,7,4
15,1.9044838889232483,4,7,4
16,1.846777900349329,4,7,3
17,1.8378172222565814,4,7,3
18,1.8378172222565814,4,7,3
19,1.8378172222565814,4,7,3
20,1.8378172222565814,4,7,3
21,1.8378172222565814,4,7,3
22,1.7817194208171652,4,7,2
23,1.7674139413269847,4,7,4
24,1.7523935879199037,4,7,4
25,1.7540211678306572,4,8,3
26,1.7500979240109675,4,7,3
27,1.7500979240109675,4,7,3
28,1.7500979240109675,4,7,3
29,1.7265707265707266,4,7,3
30,1.7173710792131844,4,6,3
31,1.6919235024498183,4,7,3
32,1.6919235024498183,4,7,3
33,1.6895843211632684,4,7,3
34,1.6895843211632684,4,7,3
35,1.6895843211632684,4,7,3
36,1.676055065760948,4,7,2
37,1.581967635539064,4,7,3
38,1.5808500664861813,4,8,2
39,1.527719298245614,4,7,3
40,1.4511060259344013,4,8,3
41,1.4422631631933958,4,8,2
