,mq,No. Clus,Max clus,Min clus
0,1.496831670744714,4,4,2
1,1.4591332580463015,4,4,3
2,1.4024593763724198,5,4,2
3,1.4,4,4,3
4,1.3795093795093796,4,6,2
5,1.323232323232323,5,4,2
6,1.319191919191919,4,4,2
7,1.3171420083184788,5,3,2
8,1.319191919191919,4,4,2
9,1.3131313131313131,4,5,2
10,1.3160173160173159,3,7,3
11,1.2838057999348322,5,5,1
12,1.2722077922077921,3,6,3
13,1.2644300144300145,4,4,2
14,1.2533910533910535,6,3,1
15,1.246897546897547,5,5,2
16,1.2373737373737375,4,5,2
17,1.2123015873015874,5,4,2
18,1.1666666666666665,3,5,4
19,1.1767676767676767,3,8,2
20,1.154040404040404,4,5,2
21,1.132936507936508,5,4,1
22,1.1262626262626263,4,5,2
23,1.0320048309178744,5,4,2
24,1.0124320124320123,5,3,2
25,1.0124320124320123,5,3,2
26,1.0048309178743962,3,9,2
27,0.9316239316239315,5,4,2
