,mq,No. Clus,Max clus,Min clus
0,1.9604591659687447,11,6,1
1,1.9604591659687447,11,6,1
2,1.9604591659687447,11,6,1
3,1.9171458649134547,13,3,1
4,1.8420542898218797,14,3,1
5,1.7998842660607366,13,3,1
6,1.7131432786184866,14,3,1
7,1.7020075192939619,11,4,2
8,1.6837164612175712,13,4,1
9,1.6837164612175712,13,4,1
10,1.6798640436138204,13,3,1
11,1.658839159798239,14,3,1
12,1.6122441777193859,15,3,1
13,1.608808871793853,12,3,2
14,1.5559635689485503,14,3,1
15,1.5603450613041405,12,3,1
16,1.535830786229955,14,3,1
17,1.5426063587828294,11,5,2
18,1.539061854678415,11,5,1
19,1.533717296702278,13,3,1
20,1.5263912893762703,13,3,1
21,1.510355276531747,14,3,1
22,1.5073056379982375,15,3,1
23,1.4512039390154758,13,3,1
24,1.4624711590598942,11,4,1
25,1.4624711590598942,11,4,1
26,1.4425249587014293,14,3,1
27,1.3832150767390654,14,3,2
28,1.3727373077777334,13,4,1
29,1.3551892358818352,13,3,2
30,1.3705233701021942,10,8,1
31,1.3446009432728612,12,4,1
32,1.3403911846164358,13,6,1
33,1.3238865390986612,8,9,2
34,1.3118504114621574,10,5,1
35,1.2642219772069585,14,3,1
36,1.2785983436549933,11,7,1
37,1.2822792742212874,7,17,1
38,1.256800849078905,14,3,1
39,1.2785374180741251,6,11,2
40,1.2364462587202902,12,6,1
41,1.245743623931139,9,12,1
42,1.1937319007478495,12,3,2
43,1.2259820573040825,9,13,1
44,1.1775097947962374,11,8,1
45,1.1634378384179862,13,3,1
46,1.1295042584714268,12,5,1
47,1.1045417352343347,14,3,2
48,1.1050968580203167,5,22,1
49,1.0446916424668602,9,10,1
50,1.0594384123019078,7,14,2
51,1.0211310789635188,13,3,1
52,1.0470984941797883,8,13,1
53,1.0325451540074182,6,10,2
54,1.0174936386768447,4,24,1
55,1.0104821313844852,7,12,2
56,0.9850427350427351,6,20,1
57,0.9780138339920948,4,23,1
