,mq,No. Clus,Max clus,Min clus
0,1.9232950044018748,10,7,2
1,1.7137392835922247,12,3,1
2,1.639532580709051,11,3,2
3,1.6088891500656204,12,3,1
4,1.547979327199276,12,3,1
5,1.538516710728743,11,4,2
6,1.5029415029415027,12,3,2
7,1.4807839219603927,11,3,2
8,1.4742043501634294,12,4,1
9,1.388458251793721,12,3,2
10,1.3894643716072288,11,3,2
11,1.3856229554758968,12,3,1
12,1.3671747590296484,13,3,1
13,1.3611387120977914,13,3,1
14,1.3586282998047705,10,4,2
15,1.338691070833928,11,4,2
16,1.3476700574533982,9,7,1
17,1.311416252592723,11,3,2
18,1.2876706626706627,12,3,2
19,1.2929717341482045,11,4,2
20,1.289415160003395,13,4,1
21,1.27143038121299,11,4,2
22,1.2698544849671256,13,3,1
23,1.2696068716230007,12,3,2
24,1.2576222796811032,12,4,2
25,1.2534709506096187,12,3,1
26,1.2508091018375613,11,7,1
27,1.2099075462268865,10,6,2
28,1.190416025198634,11,4,1
29,1.1649860746981069,13,3,2
30,1.135158437266249,10,5,2
31,1.1233862205248886,12,3,1
32,1.1267860679625386,10,8,1
33,1.1122549019607844,5,20,1
34,1.0911945542380324,11,4,2
35,1.1056166056166057,5,19,2
36,1.065716714036042,10,5,2
37,1.071772309815788,9,9,2
38,1.0390584309133204,12,3,2
39,1.0520547489564103,5,21,1
40,1.0520547489564103,5,21,1
41,1.0110439098632502,9,6,2
42,1.0303987366758784,3,26,1
43,1.0110439098632502,9,6,2
44,1.020955835816517,7,16,1
45,1.0276963180188987,4,22,2
46,0.9906010889204167,10,4,1
47,1.003960396039604,6,17,2
48,0.9720238095238096,13,3,1
49,0.9747373484215589,6,16,2
50,0.9720558079691207,8,10,2
51,0.9538663950428655,12,3,2
52,0.9093871041239462,9,10,2
53,0.8681521093285798,12,3,1
54,0.8590658611764217,13,4,1
55,0.86373511884896,7,12,2
56,0.8323308270676693,4,14,2
57,0.7889869693148382,5,20,2
