,mq,No. Clus,Max clus,Min clus
0,1.9281557152524893,4,6,4
1,1.9281557152524893,4,6,4
2,1.9281557152524893,4,6,4
3,1.9281557152524893,4,6,4
4,1.9281557152524893,4,6,4
5,1.9281557152524893,4,6,4
6,1.9281557152524893,4,6,4
7,1.9281557152524893,4,6,4
8,1.9281557152524893,4,6,4
9,1.9281557152524893,4,6,4
10,1.8706807897984368,4,6,4
11,1.8498007368975111,4,5,5
12,1.8498007368975111,4,5,5
13,1.8498007368975111,4,5,5
14,1.8498007368975111,4,5,5
15,1.8498007368975111,4,5,5
16,1.8498007368975111,4,5,5
17,1.8498007368975111,4,5,5
18,1.8498007368975111,4,5,5
19,1.8498007368975111,4,5,5
20,1.8498007368975111,4,5,5
21,1.8498007368975111,4,5,5
22,1.8498007368975111,4,5,5
23,1.8498007368975111,4,5,5
24,1.8498007368975111,4,5,5
25,1.8498007368975111,4,5,5
26,1.8498007368975111,4,5,5
27,1.8498007368975111,4,5,5
28,1.8498007368975111,4,5,5
29,1.7835595776772246,4,6,4
30,1.706168831168831,4,6,4
31,1.706168831168831,4,6,4
32,1.6811138682106423,4,6,4
33,1.6811138682106423,4,6,4
34,1.6655902105817217,5,5,1
35,1.6624004179182448,3,10,5
36,1.6624004179182448,3,10,5
37,1.6624004179182448,3,10,5
38,1.6002952271608988,3,11,4
39,1.4768421052631577,3,10,4
