,mq,No. Clus,Max clus,Min clus
0,2.139496413409457,5,5,2
1,2.139496413409457,5,5,2
2,2.041640662922127,5,6,2
3,1.9204754310017467,7,4,2
4,1.8506854256854257,7,5,2
5,1.8506854256854257,7,5,2
6,1.823677956030897,7,4,2
7,1.7755555555555556,5,6,2
8,1.7628066378066376,6,4,2
9,1.7379072681704262,7,3,2
10,1.7355339105339105,7,6,2
11,1.7335858585858586,7,4,2
12,1.7264492753623188,7,4,2
13,1.7252525252525253,6,7,2
14,1.6812409812409812,8,4,2
15,1.6806637806637805,5,7,3
16,1.6659119496855346,5,9,2
17,1.6567460317460316,8,4,2
18,1.652364620243877,7,4,2
19,1.6407527657527659,8,5,1
20,1.6148268398268397,7,5,2
21,1.6128832181463761,5,5,2
22,1.5952602952602954,9,3,2
23,1.5922780922780926,7,5,2
24,1.589869750132908,7,4,2
25,1.589869750132908,7,4,2
26,1.573941460642228,7,4,2
27,1.5616666666666665,7,4,2
28,1.5579365079365077,7,3,2
29,1.5578804893370375,5,8,2
30,1.5471380471380471,5,9,2
31,1.5293536872484241,8,4,2
32,1.5210203539150906,6,7,2
33,1.5200786056049211,7,4,2
34,1.4414141414141413,8,4,2
35,1.4023569023569022,6,5,2
36,1.3854160654160652,8,4,2
37,1.32682261208577,6,5,2
38,1.3139707149009476,5,8,2
39,1.2828947368421053,5,10,2
40,1.2527056277056277,7,7,2
41,1.1773242630385488,6,8,1
