,mq,No. Clus,Max clus,Min clus
0,1.4561131080273853,5,7,4
1,1.4561131080273853,5,7,4
2,1.4561131080273853,5,7,4
3,1.4561131080273853,5,7,4
4,1.4561131080273853,5,7,4
5,1.4561131080273853,5,7,4
6,1.4561131080273853,5,7,4
7,1.4561131080273853,5,7,4
8,1.4561131080273853,5,7,4
9,1.4561131080273853,5,7,4
10,1.4561131080273853,5,7,4
11,1.4561131080273853,5,7,4
12,1.4561131080273853,5,7,4
13,1.4561131080273853,5,7,4
14,1.4561131080273853,5,7,4
15,1.4561131080273853,5,7,4
16,1.4561131080273853,5,7,4
17,1.4561131080273853,5,7,4
18,1.4561131080273853,5,7,4
19,1.4561131080273853,5,7,4
20,1.4561131080273853,5,7,4
21,1.4561131080273853,5,7,4
22,1.4561131080273853,5,7,4
23,1.4561131080273853,5,7,4
24,1.4561131080273853,5,7,4
25,1.4561131080273853,5,7,4
26,1.4561131080273853,5,7,4
27,1.4561131080273853,5,7,4
28,1.4561131080273853,5,7,4
29,1.4561131080273853,5,7,4
30,1.4561131080273853,5,7,4
31,1.4561131080273853,5,7,4
32,1.4561131080273853,5,7,4
33,1.4561131080273853,5,7,4
34,1.4561131080273853,5,7,4
35,1.4561131080273853,5,7,4
36,1.4561131080273853,5,7,4
37,1.4561131080273853,5,7,4
38,1.4561131080273853,5,7,4
39,1.4561131080273853,5,7,4
40,1.4561131080273853,5,7,4
41,1.4561131080273853,5,7,4
42,1.4561131080273853,5,7,4
43,1.4561131080273853,5,7,4
44,1.4561131080273853,5,7,4
45,1.4561131080273853,5,7,4
46,1.4561131080273853,5,7,4
47,1.4561131080273853,5,7,4
48,1.4561131080273853,5,7,4
49,1.4561131080273853,5,7,4
50,1.4561131080273853,5,7,4
51,1.4561131080273853,5,7,4
52,1.4561131080273853,5,7,4
53,1.4561131080273853,5,7,4
54,1.4561131080273853,5,7,4
55,1.4561131080273853,5,7,4
56,1.4561131080273853,5,7,4
57,1.4561131080273853,5,7,4
58,1.4561131080273853,5,7,4
59,1.4561131080273853,5,7,4
