,mq,No. Clus,Max clus,Min clus
0,2.2055798257171255,6,6,2
1,2.0692501942501944,7,5,2
2,1.997084288260759,7,4,2
3,1.9601702645180905,6,5,2
4,1.9056643356643357,7,6,1
5,1.8925026123301985,7,4,2
6,1.8865294280187896,6,6,2
7,1.8760386672151377,7,5,2
8,1.8568764568764569,7,4,2
9,1.8280115735358702,7,4,2
10,1.830102495543672,5,8,2
11,1.8147157190635452,7,5,1
12,1.7907070707070707,6,5,2
13,1.7766119240710891,7,4,2
14,1.7766119240710891,7,4,2
15,1.760481064828891,8,3,2
16,1.7590071219103476,5,9,2
17,1.7240404040404038,6,6,1
18,1.7043872793872794,6,5,2
19,1.6909274935590726,7,6,2
20,1.6909274935590726,7,6,2
21,1.6773310023310024,6,5,2
22,1.6374320124320123,8,5,2
23,1.5887445887445888,7,5,2
24,1.5684685684685684,6,6,2
25,1.5571555637345111,6,6,1
26,1.5550207961972666,7,4,2
27,1.5505336167100872,8,5,2
28,1.5475690975690974,5,11,2
29,1.5373737373737373,5,8,2
30,1.530339105339105,6,5,2
31,1.5319008948041206,6,9,2
32,1.513272565904145,8,5,1
33,1.5095884507649213,5,6,2
34,1.4795454545454545,7,5,2
35,1.4629870129870128,7,4,2
36,1.470087875660631,5,8,2
37,1.4397047397047396,7,4,2
38,1.3613053613053614,4,12,2
39,1.3044019035258492,3,10,5
40,1.2887332825413322,8,4,1
41,1.2715576101932458,5,6,3
