,mq,No. Clus,Max clus,Min clus
0,2.060137625587064,7,9,2
1,2.060137625587064,7,9,2
2,2.060137625587064,7,9,2
3,1.9916653292032462,8,6,2
4,1.981084656084656,8,5,2
5,1.9507446130907142,9,3,2
6,1.9507446130907142,9,3,2
7,1.9507446130907142,9,3,2
8,1.9507446130907142,9,3,2
9,1.9507446130907142,9,3,2
10,1.9507446130907142,9,3,2
11,1.9010278287560236,9,4,2
12,1.8783692443104134,10,4,2
13,1.8381186606294642,9,4,2
14,1.8219203236850297,9,3,2
15,1.8219203236850297,9,3,2
16,1.8219203236850297,9,3,2
17,1.8219203236850297,9,3,2
18,1.7992617392394195,10,3,2
19,1.7413423405256436,10,3,2
20,1.7372109118991312,10,3,2
21,1.7400020403999183,3,17,3
22,1.696066161057138,10,3,2
23,1.696066161057138,10,3,2
24,1.6940269985086496,9,3,2
25,1.6940269985086496,9,3,2
26,1.6740102171136655,9,3,2
27,1.625744586238432,9,4,2
28,1.610057351736308,8,7,2
29,1.5874607234198028,10,4,2
30,1.5713966429483672,8,5,2
31,1.566987918820507,9,3,2
32,1.5713966429483672,8,5,2
33,1.5478399531208171,8,4,2
34,1.535739590522199,9,4,2
35,1.4964529914529914,9,6,2
36,1.5007446130907143,8,6,2
37,1.4474801488144817,10,3,2
38,1.4686188651705894,8,5,2
39,1.3575077540594782,9,5,2
40,1.3292850990525409,7,8,2
41,1.304887556221889,10,3,2
42,1.277360331841983,10,3,1
43,1.2711202882558381,7,6,2
44,1.2190679853871513,7,8,2
45,1.062640467921332,7,7,2
46,1.1406009783368274,3,19,2
47,1.0027043306167103,5,15,2
