,mq,No. Clus,Max clus,Min clus
0,2.0821984840912875,7,7,2
1,1.9205971590417663,7,4,2
2,1.8752360883496928,7,4,2
3,1.8726396605618758,7,8,2
4,1.8441623441623443,8,5,2
5,1.8441623441623443,8,5,2
6,1.770259277514348,9,4,2
7,1.7180682913441534,9,4,2
8,1.6983115377043412,10,4,2
9,1.6807452110181842,10,3,2
10,1.679143923709141,10,3,2
11,1.6732884846686638,7,4,2
12,1.6613095531338025,9,4,2
13,1.6293091008608247,10,4,1
14,1.613471673254282,8,7,2
15,1.5674479528145435,9,4,2
16,1.5448514448514448,9,4,2
17,1.5051102904768814,10,3,2
18,1.5009078282159485,8,4,2
19,1.4867042157364738,9,3,2
20,1.4635237563860233,10,4,2
21,1.422819827231592,8,5,2
22,1.4035875596851204,9,4,2
23,1.3763579999554754,10,3,2
24,1.3516310160427807,8,5,2
25,1.3398794516441577,7,5,2
26,1.335345603962625,10,4,2
27,1.3293825739477914,10,3,2
28,1.329131072293765,8,5,2
29,1.2564132104454686,10,3,2
30,1.2564132104454686,10,3,2
31,1.211865122874125,10,4,2
32,1.1918006951808648,10,3,2
33,1.1802418595896855,11,3,2
34,1.1536861536861538,8,5,1
35,1.1419629098251767,8,5,2
36,1.1186250296340319,10,4,2
37,1.0960205488507375,4,14,3
38,1.0948745579881625,6,6,2
39,1.0703420256991687,3,18,3
40,1.036316823273345,7,5,2
41,1.0303849902534112,5,12,2
42,1.0112828808480983,8,6,2
43,0.9784735825058404,6,9,2
44,0.9305836992007204,8,8,2
45,0.9130360894821407,6,11,2
46,0.9104737854737854,10,5,1
47,0.9056989758209268,7,9,2
48,0.8980399020721602,9,6,2
49,0.8869843277812917,5,13,2
