,mq,No. Clus,Max clus,Min clus
0,1.9733216724970846,8,5,2
1,1.9733216724970846,8,5,2
2,1.9733216724970846,8,5,2
3,1.9733216724970846,8,5,2
4,1.9733216724970846,8,5,2
5,1.9733216724970846,8,5,2
6,1.9733216724970846,8,5,2
7,1.9733216724970846,8,5,2
8,1.9733216724970846,8,5,2
9,1.9733216724970846,8,5,2
10,1.9733216724970846,8,5,2
11,1.9733216724970846,8,5,2
12,1.9733216724970846,8,5,2
13,1.9733216724970846,8,5,2
14,1.9733216724970846,8,5,2
15,1.9733216724970846,8,5,2
16,1.9733216724970846,8,5,2
17,1.9733216724970846,8,5,2
18,1.9733216724970846,8,5,2
19,1.9733216724970846,8,5,2
20,1.7339277331031453,8,5,2
21,1.7339277331031453,8,5,2
22,1.7339277331031453,8,5,2
23,1.7339277331031453,8,5,2
24,1.6919773179363973,8,5,2
25,1.6919773179363973,8,5,2
26,1.69175450153711,8,5,2
27,1.69175450153711,8,5,2
28,1.69175450153711,8,5,2
29,1.69175450153711,8,5,2
30,1.5989321128909229,8,4,2
31,1.5989321128909229,8,4,2
32,1.5405933568055898,8,6,2
33,1.5405933568055898,8,6,2
34,1.5405933568055898,8,6,2
35,1.5405933568055898,8,6,2
36,1.4655583292883065,8,5,2
37,1.4655583292883065,8,5,2
38,1.4475237323063412,8,6,2
39,1.4072306920133006,8,5,2
40,1.4072306920133006,8,5,2
41,1.351858345021038,8,5,2
42,1.3011994174116503,8,6,2
43,1.2843273721508583,8,6,2
44,1.2843273721508583,8,6,2
45,1.2843273721508583,8,6,2
46,1.1765559903708571,8,6,2
47,1.067514196118315,8,5,2
48,1.0673345354972283,8,5,2
49,1.0673345354972283,8,5,2
