,mq,No. Clus,Max clus,Min clus
0,1.7894775966546301,7,17,2
1,1.7894775966546301,7,17,2
2,1.6503259487406603,7,17,2
3,1.5594349120664912,9,13,2
4,1.54009248785681,5,15,2
5,1.531536884168463,6,11,2
6,1.5009881137724175,6,12,2
7,1.49021143239525,9,13,2
8,1.463530605135568,5,21,2
9,1.463530605135568,5,21,2
10,1.463530605135568,5,21,2
11,1.463530605135568,5,21,2
12,1.4513737061329446,6,19,2
13,1.4336837569035712,8,8,1
14,1.43696892181289,6,13,2
15,1.4309183234560057,7,11,2
16,1.4285811424672832,7,7,2
17,1.424197119913805,6,11,2
18,1.4182982709298497,7,17,2
19,1.3954770930736564,10,8,2
20,1.3903262429578218,8,13,2
21,1.3790032522230666,10,8,2
22,1.3800502593993955,7,11,2
23,1.3623797706145337,5,13,2
24,1.3584179889400345,8,11,2
25,1.3590017597184452,6,13,2
26,1.3180131036343732,8,11,2
27,1.3180131036343732,8,11,2
28,1.3048075949391738,9,13,2
29,1.317644110275689,3,25,2
30,1.308624502432552,4,19,2
31,1.2979662220263724,8,9,2
32,1.2955749460399089,9,8,2
33,1.2711352193550336,11,6,2
34,1.2722866281268124,5,12,2
35,1.2714105577578327,5,15,2
36,1.2631830158145947,9,13,2
37,1.2407033168643076,8,10,2
38,1.22945227179624,10,7,2
39,1.2298241841893396,10,11,2
40,1.2148936170212767,3,19,2
41,1.200168553804485,5,11,2
42,1.193158494265683,5,11,2
43,1.19261803011803,11,8,2
44,1.1905535468760267,11,6,2
45,1.1881554372473444,12,7,2
46,1.1861760171920488,11,6,2
47,1.1824842480031854,7,9,2
48,1.169783368624508,9,8,2
49,1.156728778467909,5,17,2
50,1.151463690781316,12,7,1
51,1.138985468695431,7,8,2
52,1.1417610062893082,3,18,5
53,1.0666253661539216,11,7,2
54,1.00333081604304,11,8,2
55,0.9797243471523511,3,10,9
56,0.9552780854958713,12,5,2
57,0.9347836446816622,3,15,2
58,0.9205330040027258,3,11,8
59,0.8906697224344283,9,6,1
