,mq,No. Clus,Max clus,Min clus
0,2.0009087838875073,5,7,2
1,2.0009087838875073,5,7,2
2,2.0009087838875073,5,7,2
3,2.0009087838875073,5,7,2
4,2.0009087838875073,5,7,2
5,2.0009087838875073,5,7,2
6,2.0009087838875073,5,7,2
7,2.0009087838875073,5,7,2
8,2.0009087838875073,5,7,2
9,2.0009087838875073,5,7,2
10,2.0009087838875073,5,7,2
11,2.0009087838875073,5,7,2
12,2.0009087838875073,5,7,2
13,2.0009087838875073,5,7,2
14,2.0009087838875073,5,7,2
15,2.0009087838875073,5,7,2
16,2.0009087838875073,5,7,2
17,2.0009087838875073,5,7,2
18,2.0009087838875073,5,7,2
19,1.925158600989803,5,7,2
20,1.8919915333708435,5,6,2
21,1.8919915333708435,5,6,2
22,1.8828282828282825,5,8,2
23,1.8828282828282825,5,8,2
24,1.861514844493568,5,7,2
25,1.8045160856104456,5,7,2
26,1.8045160856104456,5,7,2
27,1.8045160856104456,5,7,2
28,1.7525975939769043,5,6,2
29,1.747424988804299,5,5,2
30,1.6635451684428868,5,7,2
31,1.6635451684428868,5,7,2
32,1.6635451684428868,5,7,2
33,1.6635451684428868,5,7,2
34,1.6635451684428868,5,7,2
35,1.6091269841269842,5,6,2
36,1.5967394307819838,5,8,2
37,1.5708204334365325,5,8,1
38,1.539091655470966,5,7,2
39,1.539091655470966,5,7,2
40,1.3936371100164204,5,7,2
41,1.3936371100164204,5,7,2
