,mq,No. Clus,Max clus,Min clus
0,1.9489952938903379,4,10,2
1,1.9489952938903379,4,10,2
2,1.9489952938903379,4,10,2
3,1.9489952938903379,4,10,2
4,1.9080212234706617,4,9,3
5,1.9080212234706617,4,9,3
6,1.9003185781354794,4,8,3
7,1.9003185781354794,4,8,3
8,1.8990211807537447,4,9,3
9,1.8990211807537447,4,9,3
10,1.8990211807537447,4,9,3
11,1.8990211807537447,4,9,3
12,1.8990211807537447,4,9,3
13,1.8990211807537447,4,9,3
14,1.8776063148911961,4,9,3
15,1.8776063148911961,4,9,3
16,1.8776063148911961,4,9,3
17,1.8776063148911961,4,9,3
18,1.8776063148911961,4,9,3
19,1.870816599732262,4,9,2
20,1.8653527353103703,4,9,3
21,1.8653527353103703,4,9,3
22,1.8653527353103703,4,9,3
23,1.8653527353103703,4,9,3
24,1.850062399714744,4,8,3
25,1.850062399714744,4,8,3
26,1.8335953878406708,4,7,3
27,1.8335953878406708,4,7,3
28,1.8335953878406708,4,7,3
29,1.8340464109890606,4,8,3
30,1.830050505050505,4,8,4
31,1.826130609394098,4,9,3
32,1.826130609394098,4,9,3
33,1.8226190476190474,4,7,4
34,1.8196640316205535,4,8,3
35,1.8196640316205535,4,8,3
36,1.81865929940089,4,9,3
37,1.8140295358649787,4,8,4
38,1.804181051016494,4,9,3
39,1.804181051016494,4,9,3
40,1.7996355964710395,4,8,4
41,1.7549400205228793,4,9,3
42,1.7549400205228793,4,9,3
43,1.7549400205228793,4,9,3
44,1.7319277108433735,4,9,3
45,1.6816269700201447,4,10,2
46,1.6810910582444627,4,10,3
47,1.650319858445624,4,10,2
48,1.6348887244689343,4,10,3
49,1.5813008130081299,4,9,3
