,mq,No. Clus,Max clus,Min clus
0,1.356060606060606,3,8,2
1,1.356060606060606,3,8,2
2,1.356060606060606,3,8,2
3,1.356060606060606,3,8,2
4,1.356060606060606,3,8,2
5,1.356060606060606,3,8,2
6,1.2916666666666667,3,7,2
7,1.255128205128205,3,6,2
8,1.255128205128205,3,6,2
9,1.1727272727272728,3,8,2
10,1.1727272727272728,3,8,2
11,1.1727272727272728,3,8,2
12,1.1727272727272728,3,8,2
13,1.1727272727272728,3,8,2
14,1.1727272727272728,3,8,2
15,1.1727272727272728,3,8,2
16,1.1727272727272728,3,8,2
17,1.1495726495726495,3,6,2
18,1.1495726495726495,3,6,2
19,1.0735294117647058,3,9,2
20,1.0735294117647058,3,9,2
21,1.0735294117647058,3,9,2
22,1.0735294117647058,3,9,2
23,1.0735294117647058,3,9,2
24,1.0735294117647058,3,9,2
25,1.0735294117647058,3,9,2
26,1.0735294117647058,3,9,2
27,1.0379554655870447,3,7,2
