,mq,No. Clus,Max clus,Min clus
0,1.7003614122880177,4,15,3
1,1.7003614122880177,4,15,3
2,1.7003614122880177,4,15,3
3,1.7003614122880177,4,15,3
4,1.7003614122880177,4,15,3
5,1.674910746623894,4,18,3
6,1.674910746623894,4,18,3
7,1.674910746623894,4,18,3
8,1.674910746623894,4,18,3
9,1.674910746623894,4,18,3
10,1.674910746623894,4,18,3
11,1.674910746623894,4,18,3
12,1.674910746623894,4,18,3
13,1.674910746623894,4,18,3
14,1.674910746623894,4,18,3
15,1.663564875491481,4,15,3
16,1.663564875491481,4,15,3
17,1.6436576002613736,4,14,3
18,1.6446043582973042,4,17,3
19,1.6446043582973042,4,17,3
20,1.6446043582973042,4,17,3
21,1.6446043582973042,4,17,3
22,1.6446043582973042,4,17,3
23,1.6414453237709565,4,15,3
24,1.6395112801274474,4,17,3
25,1.6395112801274474,4,17,3
26,1.6375870506305288,4,19,3
27,1.636201588073246,4,18,3
28,1.636201588073246,4,18,3
29,1.636201588073246,4,18,3
30,1.6239688597259812,4,17,3
31,1.6239688597259812,4,17,3
32,1.6230055658627085,4,17,3
33,1.6230055658627085,4,17,3
34,1.6230055658627085,4,17,3
35,1.6230055658627085,4,17,3
36,1.621274308021296,4,18,3
37,1.621274308021296,4,18,3
38,1.591094012370608,4,16,3
39,1.591094012370608,4,16,3
40,1.5884579454583443,4,15,3
41,1.5856621803990225,4,15,2
42,1.5828420256991684,4,17,4
43,1.573711137347501,4,18,3
44,1.5595238095238095,4,19,3
45,1.5548458573989838,4,15,3
46,1.5523495835875811,4,16,3
47,1.5509304722070678,4,16,4
48,1.5454835713456403,4,17,4
49,1.5334314530850675,4,15,3
50,1.5296650067954833,4,14,3
51,1.4917202903970792,4,15,3
52,1.4793340697122677,4,18,3
53,1.4793340697122677,4,18,3
54,1.4305243912573755,4,14,4
55,1.4090693819559554,4,15,2
56,1.3959216222374118,4,17,3
57,1.3568920705850167,4,17,2
58,1.352194105622571,4,16,3
59,1.3484893003609582,4,18,2
