,mq,No. Clus,Max clus,Min clus
0,1.593218773096822,3,14,3
1,1.593218773096822,3,14,3
2,1.593218773096822,3,14,3
3,1.593218773096822,3,14,3
4,1.593218773096822,3,14,3
5,1.593218773096822,3,14,3
6,1.593218773096822,3,14,3
7,1.593218773096822,3,14,3
8,1.593218773096822,3,14,3
9,1.593218773096822,3,14,3
10,1.593218773096822,3,14,3
11,1.593218773096822,3,14,3
12,1.593218773096822,3,14,3
13,1.593218773096822,3,14,3
14,1.593218773096822,3,14,3
15,1.593218773096822,3,14,3
16,1.593218773096822,3,14,3
17,1.593218773096822,3,14,3
18,1.593218773096822,3,14,3
19,1.593218773096822,3,14,3
20,1.593218773096822,3,14,3
21,1.593218773096822,3,14,3
22,1.593218773096822,3,14,3
23,1.593218773096822,3,14,3
24,1.593218773096822,3,14,3
25,1.593218773096822,3,14,3
26,1.593218773096822,3,14,3
27,1.593218773096822,3,14,3
28,1.593218773096822,3,14,3
29,1.593218773096822,3,14,3
30,1.5824068018312623,3,13,3
31,1.5824068018312623,3,13,3
32,1.5824068018312623,3,13,3
33,1.5824068018312623,3,13,3
34,1.580695668930963,3,15,3
35,1.580695668930963,3,15,3
36,1.580695668930963,3,15,3
37,1.580695668930963,3,15,3
38,1.580695668930963,3,15,3
39,1.5348360655737705,3,14,4
40,1.5348360655737705,3,14,4
41,1.5348360655737705,3,14,4
42,1.5256916996047432,3,13,4
43,1.5256916996047432,3,13,4
44,1.5256916996047432,3,13,4
45,1.5256916996047432,3,13,4
46,1.5256916996047432,3,13,4
47,1.5256916996047432,3,13,4
48,1.5256916996047432,3,13,4
49,1.5256916996047432,3,13,4
50,1.5256916996047432,3,13,4
51,1.5204991087344029,3,15,4
52,1.3359111361079865,3,14,2
53,1.3359111361079865,3,14,2
54,1.3359111361079865,3,14,2
55,1.3359111361079865,3,14,2
56,1.3359111361079865,3,14,2
57,1.3251857264644986,3,15,2
58,1.3251857264644986,3,15,2
59,1.3251857264644986,3,15,2
