,mq,No. Clus,Max clus,Min clus
0,2.0787878787878786,7,4,2
1,2.0787878787878786,7,4,2
2,2.0787878787878786,7,4,2
3,1.9716450216450216,7,4,2
4,1.9273809523809522,7,4,2
5,1.8247584541062802,7,4,2
6,1.794047619047619,7,4,2
7,1.794047619047619,7,4,2
8,1.776068376068376,8,3,2
9,1.745048309178744,7,4,2
10,1.6962676962676961,3,7,6
11,1.697133497133497,5,7,2
12,1.6756056808688387,8,3,2
13,1.6682983682983683,7,4,2
14,1.6819794584500465,3,7,6
15,1.6517460317460317,8,4,2
16,1.6768115942028985,5,9,2
17,1.649550706033376,5,7,2
18,1.6102016404647983,8,3,2
19,1.6254463677252284,7,5,1
20,1.6254463677252284,7,5,1
21,1.575,7,3,2
22,1.5838383838383838,6,5,2
23,1.575,7,3,2
24,1.5825069921179762,6,5,2
25,1.575,7,3,2
26,1.5827067669172932,4,10,3
27,1.5696550949331538,5,8,2
28,1.5067632850241546,5,9,2
29,1.4569303694017652,4,9,2
30,1.4244152046783625,7,3,2
31,1.4332535885167463,6,5,2
32,1.4350079744816586,4,10,3
33,1.41686727213043,5,7,3
34,1.3340111642743222,8,3,2
35,1.3145667198298776,8,3,2
36,1.2922723475355054,8,3,2
37,1.2619047619047619,4,11,2
38,1.2266081871345027,7,3,2
39,1.2619047619047619,4,11,2
