,mq,No. Clus,Max clus,Min clus
0,1.3213286713286714,3,6,3
1,1.3213286713286714,3,6,3
2,1.3213286713286714,3,6,3
3,1.3078224101479914,3,8,2
4,1.261310782241015,3,7,3
5,1.261310782241015,3,7,3
6,1.196978021978022,3,5,4
7,1.196978021978022,3,5,4
8,1.183882783882784,3,5,4
9,1.154486036838978,3,7,3
10,1.154486036838978,3,7,3
11,1.154486036838978,3,7,3
12,1.1539473684210526,3,6,3
13,1.154486036838978,3,7,3
14,1.1539473684210526,3,6,3
15,1.1001443001443,3,5,3
16,1.1001443001443,3,5,3
17,1.0568181818181817,3,7,2
18,1.0417972831765936,3,6,3
19,1.0417972831765936,3,6,3
20,1.0417972831765936,3,6,3
21,1.0310965630114568,3,7,2
22,1.0310965630114568,3,7,2
23,0.9972222222222222,3,5,4
24,0.9583333333333333,3,6,3
25,0.96,3,8,2
26,0.9583333333333333,3,6,3
27,0.9583333333333333,3,9,2
