,mq,No. Clus,Max clus,Min clus
0,1.9074869504852683,5,7,3
1,1.9074869504852683,5,7,3
2,1.8998675672556469,5,6,4
3,1.8998675672556469,5,6,4
4,1.883923732094464,5,6,4
5,1.8548132183908046,5,7,3
6,1.8285143753693176,5,6,4
7,1.8108656868533197,5,8,2
8,1.8108656868533197,5,8,2
9,1.8108656868533197,5,8,2
10,1.8054524114383268,5,7,3
11,1.8007936507936506,5,7,2
12,1.7989130434782608,5,7,3
13,1.7587301587301587,5,6,4
14,1.7571532999164576,5,7,3
15,1.7500430547131804,5,7,3
16,1.7500430547131804,5,7,3
17,1.7492063492063492,5,7,3
18,1.7473083548664943,5,8,3
19,1.744288119288119,5,6,4
20,1.7473083548664943,5,8,3
21,1.7320083400591875,5,7,2
22,1.7225529100529098,5,6,3
23,1.6933057280883368,5,8,2
24,1.6892547202406356,5,7,4
25,1.666576479076479,5,7,3
26,1.6595693593964258,5,7,2
27,1.6552730156706958,5,7,4
28,1.6552730156706958,5,7,4
29,1.6389540949400105,5,7,2
30,1.6389540949400105,5,7,2
31,1.6345869774372996,5,7,2
32,1.6331436582549892,5,8,3
33,1.583201058201058,5,8,3
34,1.5823412698412698,5,8,3
35,1.5772754808420415,5,7,3
36,1.5772754808420415,5,7,3
37,1.5509874492432631,5,9,2
38,1.5285958094298109,5,8,2
39,1.5167665597648776,5,7,3
40,1.4964993907167388,5,7,2
41,1.4805555555555556,5,7,2
42,1.4532581508174354,5,7,3
43,1.423629112662014,5,6,4
44,1.4243207941483804,5,7,3
45,1.420145296132929,5,8,2
46,1.4099323818333995,5,7,3
47,1.368009768009768,5,7,3
48,1.3025853373679461,5,8,2
49,1.268859649122807,5,7,2
