,mq,No. Clus,Max clus,Min clus
0,2.1239221562750976,10,4,2
1,2.1239221562750976,10,4,2
2,2.1239221562750976,10,4,2
3,2.0613946837476247,9,5,2
4,2.0613946837476247,9,5,2
5,2.0278519281732974,10,4,2
6,2.022606804959746,9,5,2
7,2.009397791750733,9,5,2
8,1.9613810518813861,7,12,2
9,1.945604155788486,10,3,2
10,1.945604155788486,10,3,2
11,1.9391888530486434,9,4,2
12,1.9195866367221865,10,4,2
13,1.9195866367221865,10,4,2
14,1.901454318589868,10,3,2
15,1.901454318589868,10,3,2
16,1.9000311921667419,10,3,2
17,1.9000311921667419,10,3,2
18,1.9000311921667419,10,3,2
19,1.895227212362762,10,3,2
20,1.8858768682298093,7,11,3
21,1.8785448608978017,9,5,3
22,1.8753464184002355,10,3,2
23,1.8681152736181195,10,3,2
24,1.8505436426791921,10,3,2
25,1.8439176579116126,8,8,3
26,1.8424266725181881,7,8,2
27,1.8382578206107616,6,14,3
28,1.8382578206107616,6,14,3
29,1.812370069505619,10,3,2
30,1.7898878068788282,9,6,2
31,1.787399699294236,7,10,3
32,1.786788043439722,10,3,2
33,1.786788043439722,10,3,2
34,1.785222530697423,6,11,3
35,1.786747495187393,4,17,3
36,1.7801583443294673,4,20,3
37,1.7644197112887814,9,5,2
38,1.7650675684731412,5,15,3
39,1.7603476916368028,10,3,2
40,1.76472378866965,4,15,3
41,1.7607414889263486,8,9,2
42,1.758897149127607,8,6,2
43,1.7274686839300764,8,9,2
44,1.7198759685446992,6,9,2
45,1.70371736168483,11,3,2
46,1.7044351215706712,7,11,3
47,1.6477089737959303,3,17,3
48,1.6361538133690035,4,12,3
49,1.5752902188543403,6,15,2
50,1.573483660120819,10,4,2
51,1.5630146631198523,10,4,2
52,1.5031013533378332,10,4,2
53,1.42650999102612,6,15,2
54,1.4067311659962642,10,4,1
55,1.367030002619063,10,4,2
56,1.3334847011620465,10,4,2
57,1.3032744033795924,10,4,2
58,1.2798259088581667,3,18,5
59,1.2306466900869177,10,4,2
