,mq,No. Clus,Max clus,Min clus
0,1.40245937637242,5,4,2
1,1.3984189723320157,4,4,2
2,1.3327561327561328,6,3,2
3,1.3327561327561328,6,3,2
4,1.3327561327561328,6,3,2
5,1.3109730848861285,3,5,4
6,1.2510992275698158,4,7,2
7,1.2412698412698413,4,5,2
8,1.1777777777777778,3,9,2
9,1.158008658008658,6,3,2
10,1.158008658008658,6,3,2
11,1.1539682539682539,5,4,2
12,1.150937950937951,6,3,2
13,1.1294117647058823,3,6,2
14,1.0615567439096851,6,3,2
15,1.0615567439096851,6,3,2
16,1.0615567439096851,6,3,2
17,1.0615567439096851,6,3,2
18,1.057516339869281,5,4,2
19,1.0401206636500753,4,4,2
20,1.0285714285714287,4,5,1
21,1.0168168168168168,4,7,2
22,1.0168168168168168,4,7,2
23,0.9554334554334554,5,3,2
24,0.9238944630248979,5,4,2
25,0.9191919191919192,5,5,2
26,0.9191919191919192,5,5,2
27,0.9191919191919192,5,5,2
