,mq,No. Clus,Max clus,Min clus
0,1.5841644794400702,4,18,2
1,1.5841644794400702,4,18,2
2,1.5841644794400702,4,18,2
3,1.5841644794400702,4,18,2
4,1.5841644794400702,4,18,2
5,1.5841644794400702,4,18,2
6,1.5841644794400702,4,18,2
7,1.5841644794400702,4,18,2
8,1.5841644794400702,4,18,2
9,1.5841644794400702,4,18,2
10,1.5841644794400702,4,18,2
11,1.5841644794400702,4,18,2
12,1.5841644794400702,4,18,2
13,1.5841644794400702,4,18,2
14,1.5841644794400702,4,18,2
15,1.5841644794400702,4,18,2
16,1.5841644794400702,4,18,2
17,1.5841644794400702,4,18,2
18,1.5841644794400702,4,18,2
19,1.5841644794400702,4,18,2
20,1.5841644794400702,4,18,2
21,1.5841644794400702,4,18,2
22,1.5841644794400702,4,18,2
23,1.5841644794400702,4,18,2
24,1.5841644794400702,4,18,2
25,1.5841644794400702,4,18,2
26,1.5841644794400702,4,18,2
27,1.5841644794400702,4,18,2
28,1.5841644794400702,4,18,2
29,1.5841644794400702,4,18,2
30,1.5841644794400702,4,18,2
31,1.5841644794400702,4,18,2
32,1.5841644794400702,4,18,2
33,1.5841644794400702,4,18,2
34,1.573868312757202,4,17,2
35,1.573868312757202,4,17,2
36,1.573868312757202,4,17,2
37,1.573868312757202,4,17,2
38,1.573868312757202,4,17,2
39,1.573868312757202,4,17,2
40,1.573868312757202,4,17,2
41,1.573868312757202,4,17,2
42,1.5638528138528138,4,19,2
43,1.4752211317096815,4,19,2
44,1.4752211317096815,4,19,2
45,1.4752211317096815,4,19,2
46,1.4674160500853728,4,18,2
47,1.4674160500853728,4,18,2
48,1.4674160500853728,4,18,2
49,1.4674160500853728,4,18,2
50,1.4674160500853728,4,18,2
51,1.4674160500853728,4,18,2
52,1.4674160500853728,4,18,2
53,1.4674160500853728,4,18,2
54,1.4674160500853728,4,18,2
55,1.3122052442935295,4,17,2
56,1.3122052442935295,4,17,2
57,1.299966688874084,4,16,2
58,1.2934195955003789,4,18,2
59,1.2934195955003789,4,18,2
