,mq,No. Clus,Max clus,Min clus
0,2.0862977602108037,6,4,2
1,2.0862977602108037,6,4,2
2,2.025874125874126,6,4,2
3,1.9135704874835309,6,4,2
4,1.881962481962482,6,4,2
5,1.881962481962482,6,4,2
6,1.8466955266955267,7,4,2
7,1.8333607568901689,7,4,1
8,1.8102272727272728,4,7,3
9,1.7696375519904932,6,4,3
10,1.7696375519904932,6,4,3
11,1.7580149319279754,6,4,2
12,1.743671497584541,6,4,2
13,1.743671497584541,6,4,2
14,1.743671497584541,6,4,2
15,1.69621097856392,7,4,2
16,1.69621097856392,7,4,2
17,1.69621097856392,7,4,2
18,1.69718413681262,3,7,6
19,1.69718413681262,3,7,6
20,1.6929525433361752,6,6,2
21,1.661309523809524,3,7,6
22,1.6404040404040403,7,4,1
23,1.623444976076555,7,4,2
24,1.6165869218500797,7,4,2
25,1.6140819964349373,6,4,3
26,1.5664052287581698,6,4,3
27,1.5376931075460485,7,4,2
28,1.5250492541514213,5,6,2
29,1.4644444444444442,7,4,2
30,1.4676767676767675,6,4,2
31,1.4745105767967415,3,9,3
32,1.412987012987013,3,12,4
33,1.3753893165657871,7,4,2
34,1.394949494949495,3,13,3
35,1.3377047788812493,6,4,3
36,1.3,5,7,2
37,1.2878201859760616,7,4,2
38,1.2714285714285714,6,6,1
39,1.2760717543326239,4,9,2
