,mq,No. Clus,Max clus,Min clus
0,1.7926089354660784,3,9,5
1,1.7926089354660784,3,9,5
2,1.7926089354660784,3,9,5
3,1.7926089354660784,3,9,5
4,1.7926089354660784,3,9,5
5,1.7926089354660784,3,9,5
6,1.7926089354660784,3,9,5
7,1.7926089354660784,3,9,5
8,1.7926089354660784,3,9,5
9,1.7926089354660784,3,9,5
10,1.7926089354660784,3,9,5
11,1.7926089354660784,3,9,5
12,1.7926089354660784,3,9,5
13,1.7926089354660784,3,9,5
14,1.7926089354660784,3,9,5
15,1.7926089354660784,3,9,5
16,1.7926089354660784,3,9,5
17,1.7926089354660784,3,9,5
18,1.7926089354660784,3,9,5
19,1.7926089354660784,3,9,5
20,1.7926089354660784,3,9,5
21,1.7926089354660784,3,9,5
22,1.73421926910299,3,8,5
23,1.73421926910299,3,8,5
24,1.700670883649607,3,8,6
25,1.700670883649607,3,8,6
26,1.700670883649607,3,8,6
27,1.700670883649607,3,8,6
28,1.700670883649607,3,8,6
29,1.700670883649607,3,8,6
30,1.700670883649607,3,8,6
31,1.700670883649607,3,8,6
32,1.700670883649607,3,8,6
33,1.6536633485786028,3,10,5
34,1.6536633485786028,3,10,5
35,1.6536633485786028,3,10,5
36,1.65,3,10,4
37,1.5703703703703704,3,9,5
38,1.5460102960102962,3,10,4
39,1.4925802879291252,3,9,4
40,1.4925802879291252,3,9,4
41,1.4925802879291252,3,9,4
