,mq,No. Clus,Max clus,Min clus
0,2.2014260249554365,7,4,2
1,2.2014260249554365,7,4,2
2,2.0903149138443253,6,4,3
3,1.9234001521927218,5,7,3
4,1.9117490696438062,6,4,2
5,1.886220762381753,7,4,2
6,1.844131358837241,7,3,2
7,1.8341904508233107,6,4,2
8,1.818136994297985,5,7,2
9,1.818136994297985,5,7,2
10,1.7633699633699635,7,4,2
11,1.7389166732819983,5,6,2
12,1.7246046007655913,7,4,2
13,1.72519118308592,5,7,2
14,1.724197600358591,6,5,2
15,1.7038866930171277,7,4,2
16,1.6431573124217513,7,4,2
17,1.6303262778761871,7,5,2
18,1.62797829905762,7,5,2
19,1.612396092871475,4,7,4
20,1.5895914682212322,6,4,2
21,1.559333468389196,8,4,1
22,1.5537868424325332,3,14,3
23,1.5283605283605286,7,4,2
24,1.5224716803664171,7,4,2
25,1.5274725274725276,3,13,3
26,1.5007359307359307,7,4,2
27,1.4907003471244955,8,3,2
28,1.404638490164806,6,5,2
29,1.402073268921095,4,9,2
30,1.375220998232014,3,14,2
31,1.3558531476151612,7,4,2
32,1.3451027754096807,7,4,2
33,1.277958152958153,7,4,2
34,1.2857142857142858,4,13,2
35,1.261031366294524,7,4,2
36,1.1350877192982456,4,8,2
37,1.1086726998491705,8,3,2
38,1.0974762550881954,3,12,3
39,1.0764050764050763,8,4,2
40,1.0168894830659536,7,4,2
41,1.0389610389610389,3,16,2
