,mq,No. Clus,Max clus,Min clus
0,2.155561829474873,5,5,3
1,2.155561829474873,5,5,3
2,2.155561829474873,5,5,3
3,2.0070302211909423,5,5,3
4,2.0070302211909423,5,5,3
5,2.0070302211909423,5,5,3
6,2.0001961425302386,5,4,4
7,2.0001961425302386,5,4,4
8,2.0001961425302386,5,4,4
9,2.0001961425302386,5,4,4
10,2.0001961425302386,5,4,4
11,2.0001961425302386,5,4,4
12,2.0001961425302386,5,4,4
13,2.0001961425302386,5,4,4
14,2.0001961425302386,5,4,4
15,2.0001961425302386,5,4,4
16,2.0001961425302386,5,4,4
17,2.0001961425302386,5,4,4
18,2.0001961425302386,5,4,4
19,2.0001961425302386,5,4,4
20,2.0001961425302386,5,4,4
21,2.0001961425302386,5,4,4
22,2.0001961425302386,5,4,4
23,1.9791435109512912,5,4,4
24,1.9791435109512912,5,4,4
25,1.9791435109512912,5,4,4
26,1.8689839572192515,5,8,2
27,1.8492126231256667,5,5,3
28,1.8492126231256667,5,5,3
29,1.8077984817115251,6,4,2
30,1.793251511130768,6,5,1
31,1.7760524499654935,5,4,4
32,1.725077399380805,4,8,4
33,1.725077399380805,4,8,4
34,1.725077399380805,4,8,4
35,1.7040247678018576,4,8,4
36,1.6377901274926445,6,4,2
37,1.5754861291158933,6,5,1
38,1.4407091374099046,6,4,2
39,1.4407091374099046,6,4,2
40,1.326659038901602,3,13,3
41,0.9176470588235295,3,16,2
