,mq,No. Clus,Max clus,Min clus
0,1.6114733305909774,12,4,2
1,1.6114733305909774,12,4,2
2,1.6114733305909774,12,4,2
3,1.6114733305909774,12,4,2
4,1.6114733305909774,12,4,2
5,1.6114733305909774,12,4,2
6,1.6114733305909774,12,4,2
7,1.6114733305909774,12,4,2
8,1.6114733305909774,12,4,2
9,1.6114733305909774,12,4,2
10,1.6114733305909774,12,4,2
11,1.6114733305909774,12,4,2
12,1.6114733305909774,12,4,2
13,1.6114733305909774,12,4,2
14,1.6114733305909774,12,4,2
15,1.6114733305909774,12,4,2
16,1.6114733305909774,12,4,2
17,1.6114733305909774,12,4,2
18,1.6114733305909774,12,4,2
19,1.6114733305909774,12,4,2
20,1.6114733305909774,12,4,2
21,1.6114733305909774,12,4,2
22,1.6114733305909774,12,4,2
23,1.6114733305909774,12,4,2
24,1.6114733305909774,12,4,2
25,1.6114733305909774,12,4,2
26,1.6114733305909774,12,4,2
27,1.6114733305909774,12,4,2
28,1.6114733305909774,12,4,2
29,1.6114733305909774,12,4,2
30,1.6114733305909774,12,4,2
31,1.6114733305909774,12,4,2
32,1.6114733305909774,12,4,2
33,1.4310748891631244,12,4,2
34,1.4310748891631244,12,4,2
35,1.4310748891631244,12,4,2
36,1.3600479912244616,10,5,2
37,1.3600479912244616,10,5,2
38,1.3600479912244616,10,5,2
39,1.3600479912244616,10,5,2
40,1.3600479912244616,10,5,2
41,1.3600479912244616,10,5,2
42,1.2549780635807815,12,4,2
43,1.2549780635807815,12,4,2
44,1.2549780635807815,12,4,2
45,1.2549780635807815,12,4,2
46,1.2549780635807815,12,4,2
47,1.2549780635807815,12,4,2
48,1.2499887367534426,12,4,2
49,1.2499887367534426,12,4,2
50,1.1302907039982304,11,4,1
51,1.1079973947621005,12,5,2
52,1.0778061949417448,10,7,2
53,1.0682983682983684,11,4,2
54,0.9366744366744366,10,6,2
55,0.9366744366744366,10,6,2
56,0.9366744366744366,10,6,2
57,0.8773145135220399,11,4,2
58,0.6734968734968734,10,6,2
59,0.6734968734968734,10,6,2
