,mq,No. Clus,Max clus,Min clus
0,1.766233766233766,4,7,3
1,1.766233766233766,4,7,3
2,1.766233766233766,4,7,3
3,1.766233766233766,4,7,3
4,1.766233766233766,4,7,3
5,1.766233766233766,4,7,3
6,1.7636363636363637,4,7,3
7,1.7345321345321345,4,6,4
8,1.7345321345321345,4,6,4
9,1.731934731934732,4,6,4
10,1.731934731934732,4,6,4
11,1.6606837606837606,4,7,2
12,1.6445221445221445,4,6,3
13,1.6346320346320347,4,6,3
14,1.6210184552289815,4,8,2
15,1.5740259740259739,4,6,4
16,1.5740259740259739,4,6,4
17,1.5707792207792206,4,7,3
18,1.5022222222222221,4,7,2
19,1.486060606060606,4,7,3
20,1.486060606060606,4,7,3
21,1.4642857142857144,4,7,4
22,1.4537841468875952,4,6,4
23,1.4242424242424243,4,6,2
24,1.3435126277231542,4,8,2
25,1.336552920763447,4,8,3
26,1.3308105687416032,4,7,3
27,1.321957671957672,4,7,4
28,1.3141488141488142,4,6,4
29,1.3141488141488142,4,6,4
30,1.2928571428571427,4,7,4
31,1.2688311688311689,4,9,2
32,1.265036231884058,4,7,3
33,1.265036231884058,4,7,3
34,1.2572273740752002,4,6,3
35,1.2073342116820378,4,6,3
36,1.2073342116820378,4,6,3
37,1.1827586206896554,4,7,2
38,1.1651243493348755,4,8,3
39,1.1651243493348755,4,8,3
40,1.1452380952380952,4,7,2
41,1.102504903563256,4,8,3
