,mq,No. Clus,Max clus,Min clus
0,1.9865586700773759,6,8,2
1,1.9865586700773759,6,8,2
2,1.9865586700773759,6,8,2
3,1.9865586700773759,6,8,2
4,1.9865586700773759,6,8,2
5,1.9865586700773759,6,8,2
6,1.9865586700773759,6,8,2
7,1.9865586700773759,6,8,2
8,1.9865586700773759,6,8,2
9,1.9865586700773759,6,8,2
10,1.9865586700773759,6,8,2
11,1.9865586700773759,6,8,2
12,1.9865586700773759,6,8,2
13,1.9865586700773759,6,8,2
14,1.9865586700773759,6,8,2
15,1.9865586700773759,6,8,2
16,1.9865586700773759,6,8,2
17,1.9865586700773759,6,8,2
18,1.9865586700773759,6,8,2
19,1.9865586700773759,6,8,2
20,1.9865586700773759,6,8,2
21,1.9865586700773759,6,8,2
22,1.9865586700773759,6,8,2
23,1.9865586700773759,6,8,2
24,1.9865586700773759,6,8,2
25,1.9865586700773759,6,8,2
26,1.9865586700773759,6,8,2
27,1.9865586700773759,6,8,2
28,1.9865586700773759,6,8,2
29,1.9865586700773759,6,8,2
30,1.9545848781035837,6,8,2
31,1.679505582137161,6,9,2
32,1.653670854890367,6,7,2
33,1.653670854890367,6,7,2
34,1.637509238728751,6,7,2
35,1.6297757243409419,6,7,2
36,1.6297757243409419,6,7,2
37,1.5950354646006821,6,9,2
38,1.5950354646006821,6,9,2
39,1.5950354646006821,6,9,2
40,1.5572574598890387,6,9,2
41,1.5572574598890387,6,9,2
42,1.5572574598890387,6,9,2
43,1.3345420497105889,6,8,2
44,1.2900850611376926,6,6,2
45,1.2622655122655124,6,8,2
46,1.2622655122655124,6,8,2
47,1.2461038961038962,6,8,2
48,1.2461038961038962,6,8,2
49,1.2122939274624667,6,8,2
