,mq,No. Clus,Max clus,Min clus
0,1.3894300144300145,5,3,2
1,1.3894300144300145,5,3,2
2,1.3894300144300145,5,3,2
3,1.3894300144300145,5,3,2
4,1.3894300144300145,5,3,2
5,1.3894300144300145,5,3,2
6,1.3894300144300145,5,3,2
7,1.3894300144300145,5,3,2
8,1.2597402597402598,5,3,2
9,1.2597402597402598,5,3,2
10,1.2597402597402598,5,3,2
11,1.2597402597402598,5,3,2
12,1.2597402597402598,5,3,2
13,1.2132604237867395,5,4,1
14,1.173160173160173,3,8,2
15,1.1176046176046177,4,6,2
16,1.1176046176046177,4,6,2
17,1.0634920634920633,5,4,2
18,1.0952380952380953,4,6,2
19,1.0634920634920633,5,4,2
20,1.022857142857143,3,6,2
21,0.9532467532467532,5,3,2
22,0.9079365079365079,5,4,2
23,0.9365079365079364,3,8,2
24,0.7666666666666667,4,4,3
25,0.6799999999999999,4,5,2
