,mq,No. Clus,Max clus,Min clus
0,1.8873969877806194,4,8,2
1,1.8873969877806194,4,8,2
2,1.8873969877806194,4,8,2
3,1.8873969877806194,4,8,2
4,1.8873969877806194,4,8,2
5,1.8873969877806194,4,8,2
6,1.8873969877806194,4,8,2
7,1.8873969877806194,4,8,2
8,1.8873969877806194,4,8,2
9,1.8873969877806194,4,8,2
10,1.8873969877806194,4,8,2
11,1.8873969877806194,4,8,2
12,1.8873969877806194,4,8,2
13,1.8873969877806194,4,8,2
14,1.8873969877806194,4,8,2
15,1.8873969877806194,4,8,2
16,1.808152958152958,4,8,2
17,1.72979797979798,4,8,2
18,1.72979797979798,4,8,2
19,1.72979797979798,4,8,2
20,1.72979797979798,4,8,2
21,1.72979797979798,4,8,2
22,1.72979797979798,4,8,2
23,1.72979797979798,4,8,2
24,1.7001501501501504,4,8,2
25,1.7001501501501504,4,8,2
26,1.7001501501501504,4,8,2
27,1.5724798339544317,4,7,2
28,1.5724798339544317,4,7,2
29,1.5724798339544317,4,7,2
30,1.5724798339544317,4,7,2
31,1.5098039215686274,4,9,2
32,1.5098039215686274,4,9,2
33,1.5098039215686274,4,9,2
34,1.4139148092636464,4,7,2
35,1.4139148092636464,4,7,2
36,1.4139148092636464,4,7,2
37,1.4139148092636464,4,7,2
38,1.3496732026143792,4,9,2
39,1.3496732026143792,4,9,2
40,1.3496732026143792,4,9,2
41,1.3496732026143792,4,9,2
