,mq,No. Clus,Max clus,Min clus
0,2.0777661674213395,6,4,2
1,2.0777661674213395,6,4,2
2,2.0777661674213395,6,4,2
3,2.0777661674213395,6,4,2
4,2.0777661674213395,6,4,2
5,2.0777661674213395,6,4,2
6,2.0777661674213395,6,4,2
7,2.0777661674213395,6,4,2
8,2.0777661674213395,6,4,2
9,2.0777661674213395,6,4,2
10,2.0777661674213395,6,4,2
11,2.0777661674213395,6,4,2
12,2.0777661674213395,6,4,2
13,2.0777661674213395,6,4,2
14,2.0777661674213395,6,4,2
15,2.0777661674213395,6,4,2
16,2.0777661674213395,6,4,2
17,2.0777661674213395,6,4,2
18,2.0777661674213395,6,4,2
19,2.0777661674213395,6,4,2
20,2.0777661674213395,6,4,2
21,2.0167995746943115,6,5,2
22,2.0167995746943115,6,5,2
23,2.0167995746943115,6,5,2
24,2.0167995746943115,6,5,2
25,2.0167995746943115,6,5,2
26,1.922210611865784,6,4,2
27,1.922210611865784,6,4,2
28,1.922210611865784,6,4,2
29,1.922210611865784,6,4,2
30,1.9194911091462816,6,5,2
31,1.9110995007546732,6,4,2
32,1.9110995007546732,6,4,2
33,1.9110995007546732,6,4,2
34,1.84813653779171,6,4,2
35,1.5646825396825397,6,5,2
36,1.4668234064785788,6,5,2
37,1.4668234064785788,6,5,2
38,1.4269360269360267,6,5,2
39,1.4269360269360267,6,5,2
40,1.4242165242165243,6,5,2
41,1.4208754208754208,6,5,2
