,mq,No. Clus,Max clus,Min clus
0,2.19271911663216,6,4,2
1,2.19271911663216,6,4,2
2,2.19271911663216,6,4,2
3,2.19271911663216,6,4,2
4,2.19271911663216,6,4,2
5,2.101810025723069,7,4,2
6,2.065951439864483,5,7,2
7,2.0472645711776143,6,4,2
8,2.003812636165577,6,4,2
9,1.9987556726687161,6,4,2
10,1.9932306255835668,7,4,1
11,1.972222222222222,5,7,2
12,1.9662014482540264,5,7,2
13,1.8866522366522362,8,4,2
14,1.8729118104118103,7,4,2
15,1.8626165501165501,7,4,2
16,1.8575036075036073,7,4,2
17,1.852046035805627,6,5,2
18,1.8433910533910534,6,4,2
19,1.8297625376572744,6,4,2
20,1.8192944736422998,5,7,2
21,1.8086903517937998,7,4,2
22,1.8076884988649695,7,4,2
23,1.7829232171337435,6,5,2
24,1.7771096006390121,6,4,2
25,1.7771096006390121,6,4,2
26,1.7536630036630036,6,5,2
27,1.7098473422002833,7,5,1
28,1.6852092352092352,6,5,2
29,1.648904060049571,7,4,1
30,1.627296181630547,7,3,2
31,1.5978260869565217,5,7,2
32,1.5922222222222222,5,7,2
33,1.5657894736842106,6,5,2
34,1.538983238983239,7,4,2
35,1.5368592421224,7,4,2
36,1.4865301365301364,7,4,2
37,1.4693989585293934,7,5,2
38,1.4005757448380398,4,10,3
39,1.2739234449760766,3,16,2
40,1.2612232030264816,3,10,3
41,1.1134421134421135,3,15,2
