,mq,No. Clus,Max clus,Min clus
0,1.858187267278176,8,8,1
1,1.858187267278176,8,8,1
2,1.8281788492631865,6,12,3
3,1.6620891339795802,9,5,3
4,1.6523430273430275,9,6,1
5,1.6174315308424307,9,5,1
6,1.5979653950385657,11,4,1
7,1.5714979743191235,11,3,1
8,1.5649572649572647,11,3,1
9,1.5321937064097342,10,6,1
10,1.4859384313165824,10,6,1
11,1.3918839892021708,10,4,1
12,1.3881183499844758,9,7,1
13,1.3833064516129032,6,7,3
14,1.3573858322915153,8,6,3
15,1.34232359011424,9,4,2
16,1.320750743884159,10,4,2
17,1.2996244591798152,10,4,1
18,1.2981652922968316,9,5,2
19,1.2933278992980486,5,13,3
20,1.2829474872953133,6,7,1
21,1.2462042316997997,10,4,1
22,1.2462799945152885,8,6,3
23,1.2422395939846915,8,6,1
24,1.232296197646047,6,9,3
25,1.2308384208384209,10,5,1
26,1.218190909967226,11,5,1
27,1.2098280719912597,6,13,2
28,1.1985085756897838,6,11,1
29,1.1964451210854259,9,5,2
30,1.1896152157021722,8,7,2
31,1.1581935959564218,6,13,2
32,1.1475370350768515,6,9,3
33,1.1331367634374587,8,5,2
34,1.1253968253968254,7,8,1
35,1.1224412366572645,8,5,3
36,1.1236888251235455,3,16,5
37,1.118396048783046,6,9,3
38,1.1172671210645895,6,11,3
39,1.110223980812216,9,6,1
40,1.1016849816849816,10,6,2
41,1.091095498308613,10,4,1
42,1.0879034690799396,10,5,1
43,1.0857917681447093,6,10,1
44,1.0845608292416804,3,24,2
45,1.0765567765567765,4,24,1
46,1.0690641004260104,5,15,2
47,1.0560711447608568,6,14,2
48,1.0476190476190477,3,24,2
49,1.0384775291277362,6,12,3
50,1.037185367069792,7,11,2
51,1.029076449293654,4,18,2
52,1.0206629025757774,7,11,2
53,1.0269773418675328,4,18,3
54,1.0175191547740567,5,15,2
55,1.0175191547740567,5,15,2
56,1.0072970507753116,3,25,2
57,0.9516336500235832,7,12,1
58,0.9467552182163188,9,6,1
59,0.9177000459525747,8,8,2
