,mq,No. Clus,Max clus,Min clus
0,2.1313131313131315,5,7,2
1,2.1313131313131315,5,7,2
2,2.1313131313131315,5,7,2
3,2.1313131313131315,5,7,2
4,2.1313131313131315,5,7,2
5,2.1313131313131315,5,7,2
6,2.1313131313131315,5,7,2
7,2.1313131313131315,5,7,2
8,2.1313131313131315,5,7,2
9,2.1313131313131315,5,7,2
10,2.1313131313131315,5,7,2
11,2.1313131313131315,5,7,2
12,2.1313131313131315,5,7,2
13,2.1313131313131315,5,7,2
14,2.1313131313131315,5,7,2
15,2.1313131313131315,5,7,2
16,2.1313131313131315,5,7,2
17,2.1313131313131315,5,7,2
18,2.1313131313131315,5,7,2
19,2.1313131313131315,5,7,2
20,2.0646464646464646,5,8,2
21,2.0646464646464646,5,8,2
22,2.0646464646464646,5,8,2
23,2.0553960659223818,5,6,2
24,2.017799617799618,5,6,2
25,2.017799617799618,5,6,2
26,2.006565656565656,5,8,2
27,1.9860083108203408,5,7,2
28,1.944191919191919,5,7,2
29,1.944191919191919,5,7,2
30,1.9419191919191918,5,7,2
31,1.9132395382395382,5,8,2
32,1.9027195027195027,5,7,2
33,1.8753753753753755,5,6,2
34,1.8753753753753755,5,6,2
35,1.8753753753753755,5,6,2
36,1.8682748538011698,5,6,2
37,1.8660021265284423,5,6,2
38,1.8375889747840968,5,6,2
39,1.8375889747840968,5,6,2
40,1.8346013844134146,5,7,2
41,1.7831248318536455,5,9,2
