,mq,No. Clus,Max clus,Min clus
0,1.946638603621657,6,10,2
1,1.946638603621657,6,10,2
2,1.946638603621657,6,10,2
3,1.6994550140202314,9,3,2
4,1.6882677348194588,9,3,2
5,1.6922918469080872,7,5,3
6,1.6866417276453998,10,5,2
7,1.6866417276453998,10,5,2
8,1.6353887305106816,9,4,2
9,1.6111043994764924,8,5,2
10,1.6111043994764924,8,5,2
11,1.586759581881533,8,5,2
12,1.5438369403886645,9,3,2
13,1.5347162913801284,10,3,2
14,1.5347162913801284,10,3,2
15,1.5075657067490098,9,3,2
16,1.4905867405867406,10,3,2
17,1.4494550140202314,9,3,2
18,1.4553766333139437,8,5,2
19,1.3631866527518701,10,3,2
20,1.34838485101643,10,3,2
21,1.3372573662896245,10,3,2
22,1.3284661574984156,10,3,2
23,1.3215536681053923,9,3,2
24,1.2922515440763616,6,13,2
25,1.2677520587557307,8,5,2
26,1.2690867690548342,4,10,3
27,1.2391640087292262,9,3,2
28,1.251077821493258,6,10,2
29,1.251077821493258,6,10,2
30,1.222408368960093,8,4,2
31,1.251077821493258,6,10,2
32,1.176315572867297,10,3,2
33,1.193124134127806,4,13,2
34,1.1552395752395752,11,3,2
35,1.1731819323451005,4,10,3
36,1.1659011953129599,3,11,3
37,1.1427464008859358,5,8,3
38,1.1708707154359328,5,13,2
39,1.1659011953129599,3,11,3
40,1.1217178717178717,11,3,2
41,1.105923625488843,5,13,2
42,1.0744637210154453,10,3,2
43,1.102827251804234,6,10,2
44,1.0829640990683935,3,19,2
45,1.0683736722424695,4,15,3
46,0.934243283042983,7,8,2
47,0.9163971919811742,10,4,2
