,mq,No. Clus,Max clus,Min clus
0,1.7287864314617194,7,6,2
1,1.7287864314617194,7,6,2
2,1.6613240842039756,7,6,2
3,1.6581981961676016,8,5,2
4,1.6581981961676016,8,5,2
5,1.6613240842039756,7,6,2
6,1.6359198789109057,7,6,3
7,1.6176646669943524,9,5,2
8,1.5966260471936427,7,6,2
9,1.5966260471936427,7,6,2
10,1.5896476302676381,9,5,2
11,1.565297703072921,9,5,3
12,1.5429884934946494,9,5,2
13,1.5267326406843291,10,3,2
14,1.5047808248869798,10,3,2
15,1.5074134585744492,9,4,3
16,1.508558760617014,9,5,2
17,1.5047808248869798,10,3,2
18,1.50469164246686,10,3,2
19,1.4871661333390604,8,6,2
20,1.4871661333390604,8,6,2
21,1.467557030173129,9,4,3
22,1.467557030173129,9,4,3
23,1.4503584221887151,9,4,3
24,1.4459587471352175,10,4,2
25,1.4386596562575573,9,5,2
26,1.436058506337144,8,5,2
27,1.4272812655660592,8,6,2
28,1.4076882204316539,9,4,2
29,1.3949754064305147,9,5,2
30,1.4013379655860232,8,6,2
31,1.367037401497474,10,4,2
32,1.359041562450109,9,5,2
33,1.3470491569833674,9,5,2
34,1.3409742033755463,9,4,2
35,1.3179228004911137,10,4,2
36,1.2990396158463384,7,5,2
37,1.2983686820160611,9,5,2
38,1.2702313208601241,11,4,2
39,1.2555577210970101,10,6,2
40,1.2545643746705297,9,5,3
41,1.2382273767206686,8,5,2
42,1.2022526180766164,10,4,2
43,1.1369698284171967,9,4,2
44,1.1478889507776375,7,8,2
45,1.132351062286699,6,10,2
46,1.1180866605015212,9,4,2
47,1.0987968639044678,5,14,3
48,1.0731255796075632,5,12,3
49,1.0322750278973378,7,9,3
50,1.0497578299142392,5,17,3
51,1.0424119491056612,3,13,3
52,1.029467841912943,5,12,3
53,1.0459567982648963,4,20,3
54,0.965302946996659,5,13,3
55,0.9845290717443046,4,17,3
56,0.9494737905733117,6,9,2
57,0.9374159142852512,5,18,2
