,mq,No. Clus,Max clus,Min clus
0,2.0314814814814817,6,4,2
1,2.0148148148148146,6,5,2
2,1.8547043938348287,5,5,2
3,1.8435286935286936,9,4,1
4,1.8432844932844934,8,4,1
5,1.8313797313797313,6,5,2
6,1.8294294294294295,5,7,2
7,1.8117472496244873,7,4,2
8,1.8056288156288156,7,4,2
9,1.7990356716163167,6,5,2
10,1.794200244200244,7,4,2
11,1.7901379640510073,5,6,2
12,1.7641575942491277,7,4,2
13,1.7592796092796092,6,4,2
14,1.7562025349951047,7,4,2
15,1.7409143144437262,8,4,1
16,1.7291956835435096,6,5,2
17,1.7105555555555556,7,4,1
18,1.7105555555555556,7,4,1
19,1.7017462070093652,8,3,2
20,1.6692110177404296,8,3,2
21,1.6683272283272284,7,4,2
22,1.6482433025911287,7,4,2
23,1.6479377258149637,7,5,1
24,1.6357174988753935,7,4,2
25,1.6344207788143714,7,5,2
26,1.627953447518665,7,4,2
27,1.6222222222222222,7,4,2
28,1.5983091787439614,5,7,2
29,1.5711223642258125,7,4,1
30,1.5223571749887537,7,4,2
31,1.5003877953061255,5,7,2
32,1.474824217927666,7,4,2
33,1.4739729225023344,6,5,2
34,1.4584415584415584,5,6,2
35,1.3917748917748918,7,4,1
36,1.3412698412698414,8,4,1
37,1.3337662337662337,5,6,2
38,1.3385725385725387,5,9,1
39,1.275012569130216,6,5,1
40,1.1566100566100566,7,4,1
41,1.1507936507936507,3,14,2
