,mq,No. Clus,Max clus,Min clus
0,2.157828282828283,7,4,2
1,1.9676523297491038,7,5,2
2,1.9248842660607366,8,4,2
3,1.8934343434343437,7,4,2
4,1.8934343434343437,7,4,2
5,1.8684926184926185,7,4,2
6,1.8600795403426984,6,6,2
7,1.851010101010101,6,5,2
8,1.8394716394716395,7,5,2
9,1.82000777000777,7,4,2
10,1.8192737475469922,7,5,1
11,1.8157258200736461,7,4,2
12,1.7886407175200278,6,5,2
13,1.770458015982313,8,3,1
14,1.7680660842425548,8,5,2
15,1.7184514831573656,9,5,1
16,1.7155471119867407,8,4,2
17,1.7096212754107492,9,4,1
18,1.7110318875024757,5,6,2
19,1.7105408317173025,8,4,1
20,1.69614335575434,8,4,2
21,1.6809918406028248,8,4,2
22,1.6784044301072165,8,3,2
23,1.6746564237276313,9,4,1
24,1.661040863086899,6,8,2
25,1.6462626262626263,8,4,1
26,1.6331093742858447,8,4,1
27,1.6101003365399653,8,4,2
28,1.5872516372516374,7,5,2
29,1.5676359338061467,5,8,2
30,1.5384663496118605,6,9,2
31,1.4803921568627452,3,10,4
32,1.478625404149701,8,4,2
33,1.4312834224598934,8,3,2
34,1.4043777859567332,5,10,2
35,1.3942028985507249,8,4,1
36,1.4043777859567332,5,10,2
37,1.2957070707070706,4,12,2
38,1.1882716049382716,3,14,2
39,1.1864579864579865,5,13,1
40,1.1365079365079365,3,13,2
41,1.0675830469644902,3,17,1
