,mq,No. Clus,Max clus,Min clus
0,2.2622236861367293,6,5,2
1,2.0394882894882898,8,4,2
2,2.027200577200577,9,4,2
3,1.9767006579666426,7,4,2
4,1.9748366013071896,6,6,2
5,1.9518012946805516,7,4,2
6,1.934451985922574,6,6,2
7,1.9128117690777537,8,4,2
8,1.9123015873015872,9,3,2
9,1.9189291101055805,5,6,2
10,1.8964646464646464,5,6,2
11,1.8852941176470586,7,7,2
12,1.858333333333333,8,3,2
13,1.8583333333333332,5,7,2
14,1.8484126984126983,10,2,2
15,1.8515936677701381,7,4,2
16,1.8453823953823953,9,4,2
17,1.833333333333333,8,3,2
18,1.8360707919531447,6,5,2
19,1.8312981136510549,5,6,3
20,1.780532212885154,8,5,2
21,1.7583916083916082,6,7,2
22,1.731746031746032,9,4,2
23,1.7304334554334555,6,5,2
24,1.6916666666666664,7,4,2
25,1.685547201336675,6,5,2
26,1.6718045112781954,8,7,1
27,1.628787878787879,7,4,2
28,1.6179292929292928,8,4,1
29,1.6162071846282373,4,10,2
30,1.61609178555143,5,8,3
31,1.5667249417249416,8,4,2
32,1.5611111111111111,8,4,2
33,1.5107136980666394,7,4,2
34,1.4707792207792207,4,12,2
35,1.4705882352941175,3,11,4
36,1.4416666666666667,8,4,2
37,1.4356643356643357,6,7,2
38,1.4248046071575484,8,4,2
39,1.4217806041335452,3,11,3
40,1.386111111111111,9,3,2
41,1.3193605888103042,3,12,3
