,mq,No. Clus,Max clus,Min clus
0,1.8946360153256703,4,9,2
1,1.8946360153256703,4,9,2
2,1.8946360153256703,4,9,2
3,1.8946360153256703,4,9,2
4,1.8946360153256703,4,9,2
5,1.8946360153256703,4,9,2
6,1.8946360153256703,4,9,2
7,1.8946360153256703,4,9,2
8,1.8946360153256703,4,9,2
9,1.8946360153256703,4,9,2
10,1.8946360153256703,4,9,2
11,1.8946360153256703,4,9,2
12,1.8946360153256703,4,9,2
13,1.8946360153256703,4,9,2
14,1.8946360153256703,4,9,2
15,1.8946360153256703,4,9,2
16,1.8946360153256703,4,9,2
17,1.8946360153256703,4,9,2
18,1.8946360153256703,4,9,2
19,1.8946360153256703,4,9,2
20,1.8946360153256703,4,9,2
21,1.8946360153256703,4,9,2
22,1.8946360153256703,4,9,2
23,1.8946360153256703,4,9,2
24,1.8946360153256703,4,9,2
25,1.8946360153256703,4,9,2
26,1.8946360153256703,4,9,2
27,1.8946360153256703,4,9,2
28,1.8946360153256703,4,9,2
29,1.8946360153256703,4,9,2
30,1.8946360153256703,4,9,2
31,1.8946360153256703,4,9,2
32,1.8946360153256703,4,9,2
33,1.7746633933683764,4,10,2
34,1.7746633933683764,4,10,2
35,1.7746633933683764,4,10,2
36,1.7746633933683764,4,10,2
37,1.7746633933683764,4,10,2
38,1.6940065065065064,4,10,2
39,1.6940065065065064,4,10,2
40,1.6940065065065064,4,10,2
41,1.6940065065065064,4,10,2
42,1.6940065065065064,4,10,2
43,1.503045336500949,4,10,2
44,1.4356616563513116,4,9,2
45,1.4356616563513116,4,9,2
46,1.4356616563513116,4,9,2
47,1.4356616563513116,4,9,2
48,1.3096069976189113,4,9,2
49,1.258581593556963,4,11,2
