,mq,No. Clus,Max clus,Min clus
0,1.7015849908869993,8,6,1
1,1.6565730924398219,9,5,1
2,1.6300544693236139,9,5,1
3,1.521101743627268,10,5,1
4,1.4846342478242975,12,3,1
5,1.4647144091911533,11,5,1
6,1.4234639657082888,12,3,1
7,1.4182602553026271,11,5,1
8,1.4137557612332705,9,5,1
9,1.395634584042025,12,3,1
10,1.3860723058975704,8,6,1
11,1.3566940639095284,10,5,1
12,1.3522978576687015,12,4,1
13,1.3531394878473244,10,5,1
14,1.3387345966054405,13,4,1
15,1.309231899348506,10,5,2
16,1.2755684843133572,10,5,1
17,1.262265420734721,11,5,1
18,1.1506761797375282,9,6,2
19,1.1266098453547182,12,4,1
20,1.0743808517950395,12,3,1
21,1.1060409999941712,7,10,1
22,1.0757084842788864,11,3,1
23,1.0573056073193086,12,4,1
24,1.078368890882592,7,9,2
25,1.065082738175437,9,6,2
26,1.0404950793619034,10,5,1
27,1.0421103637910687,5,15,1
28,1.0261345136345135,12,4,1
29,1.0216106753713863,4,24,1
30,1.0212258000626822,12,3,1
31,1.0190957231076505,10,5,2
32,0.9527440443791562,7,8,2
33,0.973962937707295,6,13,2
34,1.011626055104316,3,26,1
35,0.9295208513846664,9,8,2
36,0.9689632887249571,5,17,1
37,0.9450174703004891,5,16,1
38,0.9627845273006563,4,23,1
39,0.9475863921025212,5,19,2
40,0.906812668239823,11,5,1
41,0.946414499605989,3,25,1
42,0.9131380132036407,7,16,1
43,0.9099819240098157,8,13,1
44,0.9331058726220016,5,20,1
45,0.8950610992205698,11,4,2
46,0.908994708994709,4,22,1
47,0.8547118691640596,10,6,2
48,0.8511636154712738,12,4,1
49,0.8914418752025497,7,14,1
50,0.850644981244781,10,5,1
51,0.8565979371119253,10,9,1
52,0.8836917921184686,7,14,1
53,0.8442097603917615,8,11,1
54,0.833605306521136,9,11,1
55,0.8041532121187891,9,5,1
56,0.8281400081400081,5,19,1
57,0.7751451008476239,10,4,2
