,mq,No. Clus,Max clus,Min clus
0,1.3022222222222222,3,6,2
1,1.3022222222222222,3,6,2
2,1.3022222222222222,3,6,2
3,1.2570048309178743,4,6,1
4,1.225,3,6,1
5,1.225,3,6,1
6,1.1934065934065934,3,6,3
7,1.1842105263157894,3,7,1
8,1.1648351648351647,4,5,1
9,1.1111111111111112,4,6,1
10,1.0991980991980992,3,7,2
11,1.1014492753623188,3,8,1
12,1.0883916083916083,5,5,1
13,1.0514285714285714,5,5,1
14,1.0051851851851852,3,6,3
15,0.9964747356051704,3,7,2
16,0.9848484848484849,3,5,3
17,0.9878542510121457,3,6,3
18,0.9871794871794871,3,6,3
19,0.9440559440559441,3,7,2
20,0.9417249417249417,5,5,1
21,0.8971122994652407,3,5,4
22,0.8839427662957076,5,7,1
23,0.8470588235294119,5,7,1
24,0.8287007110536522,4,4,2
25,0.7888888888888889,3,7,3
26,0.7201426024955437,5,5,1
27,0.72,3,8,2
