,mq,No. Clus,Max clus,Min clus
0,1.46482683982684,4,4,3
1,1.46482683982684,4,4,3
2,1.46482683982684,4,4,3
3,1.46482683982684,4,4,3
4,1.46482683982684,4,4,3
5,1.46482683982684,4,4,3
6,1.46482683982684,4,4,3
7,1.46482683982684,4,4,3
8,1.46482683982684,4,4,3
9,1.46482683982684,4,4,3
10,1.46482683982684,4,4,3
11,1.46482683982684,4,4,3
12,1.46482683982684,4,4,3
13,1.46482683982684,4,4,3
14,1.46482683982684,4,4,3
15,1.46482683982684,4,4,3
16,1.46482683982684,4,4,3
17,1.46482683982684,4,4,3
18,1.46482683982684,4,4,3
19,1.46482683982684,4,4,3
20,1.46482683982684,4,4,3
21,1.46482683982684,4,4,3
22,1.46482683982684,4,4,3
23,1.46482683982684,4,4,3
24,1.46482683982684,4,4,3
25,1.46482683982684,4,4,3
26,1.46482683982684,4,4,3
27,1.2859730848861284,4,4,2
