,mq,No. Clus,Max clus,Min clus
0,1.3872850122850124,3,7,3
1,1.3872850122850124,3,7,3
2,1.3872850122850124,3,7,3
3,1.3872850122850124,3,7,3
4,1.3872850122850124,3,7,3
5,1.3872850122850124,3,7,3
6,1.3872850122850124,3,7,3
7,1.3872850122850124,3,7,3
8,1.3872850122850124,3,7,3
9,1.3872850122850124,3,7,3
10,1.3872850122850124,3,7,3
11,1.3872850122850124,3,7,3
12,1.289782608695652,3,6,3
13,1.289782608695652,3,6,3
14,1.289782608695652,3,6,3
15,1.2638888888888888,3,8,2
16,1.2638888888888888,3,8,2
17,1.212121212121212,3,8,2
18,1.2088376020264566,3,6,3
19,1.212121212121212,3,8,2
20,1.2088376020264566,3,6,3
21,1.2088376020264566,3,6,3
22,1.212121212121212,3,8,2
23,1.2088376020264566,3,6,3
24,1.0935672514619883,3,7,2
25,1.0935672514619883,3,7,2
26,1.0858585858585856,3,9,2
27,1.0832674571805005,3,7,2
