,mq,No. Clus,Max clus,Min clus
0,1.8854090871724216,7,6,2
1,1.8854090871724216,7,6,2
2,1.8854090871724216,7,6,2
3,1.8854090871724216,7,6,2
4,1.8854090871724216,7,6,2
5,1.8854090871724216,7,6,2
6,1.8854090871724216,7,6,2
7,1.8854090871724216,7,6,2
8,1.8854090871724216,7,6,2
9,1.8854090871724216,7,6,2
10,1.8854090871724216,7,6,2
11,1.8854090871724216,7,6,2
12,1.8854090871724216,7,6,2
13,1.8854090871724216,7,6,2
14,1.8854090871724216,7,6,2
15,1.8854090871724216,7,6,2
16,1.8854090871724216,7,6,2
17,1.8854090871724216,7,6,2
18,1.8854090871724216,7,6,2
19,1.8854090871724216,7,6,2
20,1.8854090871724216,7,6,2
21,1.8854090871724216,7,6,2
22,1.8854090871724216,7,6,2
23,1.8854090871724216,7,6,2
24,1.8854090871724216,7,6,2
25,1.8591681293904203,7,7,2
26,1.8264177343124712,7,7,2
27,1.8264177343124712,7,7,2
28,1.8264177343124712,7,7,2
29,1.8093221306506821,7,6,2
30,1.8093221306506821,7,6,2
31,1.6115995633628977,7,6,2
32,1.5853586055808964,7,7,2
33,1.5817221789526732,7,6,2
34,1.5154484362884464,7,7,2
35,1.5154484362884464,7,7,2
36,1.4903824400754107,7,7,2
37,1.4814187866927593,7,6,2
38,1.4814187866927593,7,6,2
39,1.4814187866927593,7,6,2
40,1.4814187866927593,7,6,2
41,1.45531328320802,7,6,2
42,1.45531328320802,7,6,2
43,1.4033764586504311,7,6,2
44,1.3772709551656919,7,6,2
45,1.3772709551656919,7,6,2
46,1.3772709551656919,7,6,2
47,1.2654484362884464,7,7,2
48,1.2654484362884464,7,7,2
49,1.2654484362884464,7,7,2
