,mq,No. Clus,Max clus,Min clus
0,1.486888111888112,4,4,3
1,1.486888111888112,4,4,3
2,1.486888111888112,4,4,3
3,1.4591332580463017,4,4,3
4,1.4421420083184788,5,3,2
5,1.4421420083184788,5,3,2
6,1.2683982683982684,4,4,3
7,1.2683982683982684,4,4,3
8,1.2683982683982684,4,4,3
9,1.2647352647352648,3,7,3
10,1.2390154129284565,3,6,3
11,1.2390154129284565,3,6,3
12,1.190126050420168,3,6,3
13,1.190126050420168,3,6,3
14,1.1347716293368468,5,3,2
15,1.1233211233211233,4,7,1
16,1.1002747252747254,4,4,3
17,1.0895962275272622,3,7,2
18,1.0785056446821153,4,5,2
19,1.0524109014675052,3,10,1
20,1.0454859150511324,4,5,2
21,0.9982517482517482,3,5,4
22,0.9365079365079364,4,5,2
23,0.935064935064935,4,5,2
24,0.8968253968253967,4,4,2
25,0.8968253968253967,4,4,2
26,0.8068495514147688,5,4,1
27,0.8068495514147688,5,4,1
