,mq,No. Clus,Max clus,Min clus
0,1.371212121212121,4,6,2
1,1.371212121212121,4,6,2
2,1.3246753246753247,4,5,2
3,1.3181818181818183,4,5,2
4,1.287878787878788,3,6,2
5,1.287878787878788,3,6,2
6,1.287878787878788,3,6,2
7,1.2603896103896104,4,7,2
8,1.250865800865801,5,5,2
9,1.250865800865801,5,5,2
10,1.250865800865801,5,5,2
11,1.2453102453102454,4,5,2
12,1.2373737373737375,4,5,2
13,1.2370600414078674,3,5,3
14,1.2302371541501975,4,5,2
15,1.2173444976076555,5,4,2
16,1.1633699633699632,3,5,3
17,1.127616501145913,6,3,2
18,1.127616501145913,6,3,2
19,1.127616501145913,6,3,2
20,1.0834310850439883,5,5,2
21,1.0834310850439883,5,5,2
22,1.0479411764705884,5,4,1
23,1.016025641025641,5,4,1
24,0.9845238095238094,5,5,1
25,0.9845238095238094,5,5,1
26,0.9392712550607287,3,8,2
27,0.9321266968325792,3,6,2
