,mq,No. Clus,Max clus,Min clus
0,1.9615942028985507,4,8,3
1,1.9615942028985507,4,8,3
2,1.9615942028985507,4,8,3
3,1.9615942028985507,4,8,3
4,1.9615942028985507,4,8,3
5,1.9615942028985507,4,8,3
6,1.9615942028985507,4,8,3
7,1.9615942028985507,4,8,3
8,1.9615942028985507,4,8,3
9,1.9615942028985507,4,8,3
10,1.9615942028985507,4,8,3
11,1.9615942028985507,4,8,3
12,1.9615942028985507,4,8,3
13,1.9615942028985507,4,8,3
14,1.9615942028985507,4,8,3
15,1.9615942028985507,4,8,3
16,1.9615942028985507,4,8,3
17,1.9615942028985507,4,8,3
18,1.9615942028985507,4,8,3
19,1.9615942028985507,4,8,3
20,1.9615942028985507,4,8,3
21,1.9615942028985507,4,8,3
22,1.9615942028985507,4,8,3
23,1.9615942028985507,4,8,3
24,1.9615942028985507,4,8,3
25,1.9615942028985507,4,8,3
26,1.9615942028985507,4,8,3
27,1.9615942028985507,4,8,3
28,1.9576293097424287,4,8,3
29,1.9296380090497738,4,7,3
30,1.9296380090497738,4,7,3
31,1.9296380090497738,4,7,3
32,1.9296380090497738,4,7,3
33,1.9296380090497738,4,7,3
34,1.9296380090497738,4,7,3
35,1.9234956051386072,4,9,3
36,1.9234956051386072,4,9,3
37,1.8938798672952681,4,8,3
38,1.8938798672952681,4,8,3
39,1.884228473998295,4,7,4
40,1.884228473998295,4,7,4
41,1.884228473998295,4,7,4
42,1.8833487102602544,4,9,3
43,1.8525794794910238,4,9,3
44,1.8455084359325125,4,8,4
45,1.8252559688729901,4,8,3
46,1.774592310284929,4,8,4
47,1.774592310284929,4,8,4
48,1.774592310284929,4,8,4
49,1.6872188340219032,4,8,2
