,mq,No. Clus,Max clus,Min clus
0,1.920786110441283,4,6,4
1,1.920786110441283,4,6,4
2,1.920786110441283,4,6,4
3,1.920786110441283,4,6,4
4,1.920786110441283,4,6,4
5,1.920786110441283,4,6,4
6,1.920786110441283,4,6,4
7,1.920786110441283,4,6,4
8,1.920786110441283,4,6,4
9,1.920786110441283,4,6,4
10,1.920786110441283,4,6,4
11,1.920786110441283,4,6,4
12,1.920786110441283,4,6,4
13,1.920786110441283,4,6,4
14,1.8562173458725182,4,6,4
15,1.8562173458725182,4,6,4
16,1.8562173458725182,4,6,4
17,1.8562173458725182,4,6,4
18,1.8562173458725182,4,6,4
19,1.8562173458725182,4,6,4
20,1.8562173458725182,4,6,4
21,1.8562173458725182,4,6,4
22,1.8562173458725182,4,6,4
23,1.8562173458725182,4,6,4
24,1.8562173458725182,4,6,4
25,1.8525974025974026,4,6,4
26,1.8525974025974026,4,6,4
27,1.8015151515151515,4,6,4
28,1.7454545454545454,4,7,4
29,1.737025426680599,4,7,4
30,1.7255639097744362,4,5,5
31,1.674481658692185,4,6,4
32,1.6597402597402597,4,6,4
33,1.6597402597402597,4,6,4
34,1.6597402597402597,4,6,4
35,1.644096133751306,4,7,4
36,1.6229055258467022,4,6,4
37,1.6222222222222222,4,7,3
38,1.5365079365079364,4,6,3
39,1.5365079365079364,4,6,3
40,1.4958720330237358,4,6,4
41,1.4867132867132866,4,7,4
