,mq,No. Clus,Max clus,Min clus
0,2.1310530049660485,7,4,2
1,2.1310530049660485,7,4,2
2,2.1310530049660485,7,4,2
3,2.104040404040404,7,4,2
4,2.0248803827751196,6,4,2
5,2.0248803827751196,6,4,2
6,2.02020202020202,7,4,2
7,1.9948221712927596,6,6,2
8,1.958175158175158,7,4,2
9,1.9548795052631371,6,6,2
10,1.9548795052631371,6,6,2
11,1.9346542346542348,8,3,2
12,1.934141414141414,7,4,2
13,1.930566534914361,5,7,3
14,1.919443301796243,6,7,2
15,1.8911223642258124,7,4,2
16,1.886628893981835,6,4,3
17,1.8503030303030301,7,4,2
18,1.8463680584648325,7,5,2
19,1.834606938954765,7,3,2
20,1.8127820760799485,5,8,3
21,1.8127820760799485,5,8,3
22,1.7854864433811801,6,4,2
23,1.7846681096681096,7,4,2
24,1.7765861589391,7,4,2
25,1.7765861589391,7,4,2
26,1.7454545454545456,8,3,1
27,1.7010698877706552,7,4,2
28,1.6782955606485017,7,4,2
29,1.6656306656306656,5,9,2
30,1.6487037037037036,6,5,1
31,1.634571521668296,6,5,2
32,1.6029919900887641,7,5,2
33,1.4990497425280034,8,4,1
34,1.4746469833119384,3,10,4
35,1.457816257816258,5,9,1
36,1.4113756613756614,3,11,4
37,1.4026287721939896,5,11,1
38,1.3807697678665418,8,5,1
39,1.3397832817337463,5,10,1
40,1.33659469185785,4,12,2
41,0.9245283018867925,3,18,1
