,mq,No. Clus,Max clus,Min clus
0,1.486888111888112,4,4,3
1,1.486888111888112,4,4,3
2,1.486888111888112,4,4,3
3,1.486888111888112,4,4,3
4,1.486888111888112,4,4,3
5,1.486888111888112,4,4,3
6,1.486888111888112,4,4,3
7,1.486888111888112,4,4,3
8,1.486888111888112,4,4,3
9,1.486888111888112,4,4,3
10,1.486888111888112,4,4,3
11,1.486888111888112,4,4,3
12,1.486888111888112,4,4,3
13,1.4591332580463015,4,4,3
14,1.4591332580463015,4,4,3
15,1.4591332580463015,4,4,3
16,1.3332309582309583,3,7,3
17,1.3332309582309583,3,7,3
18,1.3106060606060606,4,4,3
19,1.3106060606060606,4,4,3
20,1.3106060606060606,4,4,3
21,1.3106060606060606,4,4,3
22,1.2743506493506493,4,4,3
23,1.2112554112554113,3,6,3
24,1.1590909090909092,5,3,2
25,1.1332442067736186,4,4,3
26,1.1332442067736186,4,4,3
27,0.9822222222222222,3,9,2
