,mq,No. Clus,Max clus,Min clus
0,1.7574128855333324,5,10,2
1,1.7574128855333324,5,10,2
2,1.7574128855333324,5,10,2
3,1.7574128855333324,5,10,2
4,1.7574128855333324,5,10,2
5,1.7574128855333324,5,10,2
6,1.7574128855333324,5,10,2
7,1.7574128855333324,5,10,2
8,1.7574128855333324,5,10,2
9,1.7574128855333324,5,10,2
10,1.7574128855333324,5,10,2
11,1.7574128855333324,5,10,2
12,1.7574128855333324,5,10,2
13,1.7574128855333324,5,10,2
14,1.7574128855333324,5,10,2
15,1.7574128855333324,5,10,2
16,1.7574128855333324,5,10,2
17,1.7574128855333324,5,10,2
18,1.7574128855333324,5,10,2
19,1.7574128855333324,5,10,2
20,1.7574128855333324,5,10,2
21,1.7574128855333324,5,10,2
22,1.7574128855333324,5,10,2
23,1.7574128855333324,5,10,2
24,1.7574128855333324,5,10,2
25,1.7574128855333324,5,10,2
26,1.7574128855333324,5,10,2
27,1.7574128855333324,5,10,2
28,1.7574128855333324,5,10,2
29,1.7574128855333324,5,10,2
30,1.7574128855333324,5,10,2
31,1.7574128855333324,5,10,2
32,1.7574128855333324,5,10,2
33,1.7574128855333324,5,10,2
34,1.7574128855333324,5,10,2
35,1.7574128855333324,5,10,2
36,1.7574128855333324,5,10,2
37,1.7574128855333324,5,10,2
38,1.7574128855333324,5,10,2
39,1.7574128855333324,5,10,2
40,1.755071017055433,6,8,2
41,1.7149545947604348,5,10,2
42,1.7137692716640085,5,8,2
43,1.7137692716640085,5,8,2
44,1.7147590438637919,5,11,2
45,1.7133696840185622,5,9,2
46,1.7147590438637919,5,11,2
47,1.7147590438637919,5,11,2
48,1.639943408819005,6,8,2
49,1.639943408819005,6,8,2
50,1.638881046489742,5,11,2
51,1.6198520078954861,5,10,2
52,1.6198520078954861,5,10,2
53,1.6198520078954861,5,10,2
54,1.5974099928678676,6,8,2
55,1.550260721320595,6,8,2
56,1.550260721320595,6,8,2
57,1.44342037890425,5,11,2
58,1.4137336093857833,5,9,3
59,1.376528753577934,5,8,3
