,mq,No. Clus,Max clus,Min clus
0,2.246651295564339,6,4,2
1,2.246651295564339,6,4,2
2,2.246651295564339,6,4,2
3,2.1769480519480515,7,4,2
4,2.1285353535353533,6,5,2
5,2.0982555736392055,6,6,2
6,2.09520202020202,7,4,2
7,2.0675809822361546,5,5,3
8,2.0368686868686865,6,5,2
9,2.0285523300229182,7,6,2
10,1.986111111111111,6,5,2
11,1.9675201673485425,7,3,2
12,1.958092833092833,6,4,2
13,1.9522005772005773,7,5,1
14,1.9009143155694879,5,6,2
15,1.8783787532071283,6,4,3
16,1.8726708074534162,4,8,4
17,1.8582564778216952,7,4,2
18,1.8545768241420415,6,4,2
19,1.8371402815338742,7,3,2
20,1.8356957052609224,6,5,2
21,1.822058823529412,7,6,2
22,1.8124417520969245,4,7,3
23,1.7482323232323234,7,6,1
24,1.7314470617102198,7,4,2
25,1.7088133714820373,5,7,2
26,1.6879618113284174,6,4,3
27,1.678918303918304,6,6,2
28,1.6659367286053943,7,4,2
29,1.6666980362632537,6,5,2
30,1.6505650146954496,7,4,2
31,1.6466374269005848,7,6,1
32,1.6123163818815993,6,7,2
33,1.6133463280015004,5,7,2
34,1.5922956353990838,6,5,2
35,1.5595830808812554,5,6,2
36,1.5574162679425838,6,6,2
37,1.537857318120476,8,3,2
38,1.539337474120083,3,12,4
39,1.4917160737812911,7,5,1
40,1.4240264046298527,6,5,2
41,1.4036906624934793,3,13,3
