,mq,No. Clus,Max clus,Min clus
0,1.7302468263443873,6,10,2
1,1.7302468263443873,6,10,2
2,1.4310260186548847,3,23,2
3,1.3148982669991074,9,7,1
4,1.315609046660312,8,9,2
5,1.2725346247971412,6,13,2
6,1.2583267495032202,6,18,2
7,1.2328085257091344,4,22,2
8,1.2300357655506617,11,4,2
9,1.2170117073505682,4,18,2
10,1.2095238095238097,4,22,2
11,1.1973214214756307,8,10,2
12,1.210492332526231,3,25,2
13,1.1947035778105102,7,11,2
14,1.1816386228150935,11,6,1
15,1.1798534798534799,5,22,1
16,1.173530122419589,5,14,2
17,1.1794486215538846,4,24,1
18,1.1794486215538846,4,24,1
19,1.1756810365740542,5,19,2
20,1.1650062656641604,5,20,2
21,1.1596948196963905,9,7,2
22,1.16187034442068,5,12,2
23,1.1632036911657764,5,18,2
24,1.1632036911657764,5,18,2
25,1.1526594263436367,4,13,2
26,1.1488769068198446,5,13,2
27,1.148553279973653,7,16,2
28,1.1423962084074444,4,14,2
29,1.127070517202096,7,13,2
30,1.118197141020635,8,7,2
31,1.1188274654601558,5,18,2
32,1.114699081179528,7,16,2
33,1.1134919774005911,6,15,2
34,1.1085278835453654,7,10,1
35,1.1065162235205317,6,10,2
36,1.099495151857493,9,7,2
37,1.0943847033469674,11,5,1
38,1.0885193238134414,9,6,1
39,1.0900555419423346,7,9,2
40,1.080933559194429,7,12,2
41,1.0794313084923481,11,5,1
42,1.071445279614542,6,11,2
43,1.0700105042016808,7,9,1
44,1.067325461391428,8,8,1
45,1.0634920634920635,5,17,2
46,1.0565358909421063,6,12,2
47,1.0452460864225568,6,16,2
48,1.035194380782616,7,9,2
49,1.0246207393848628,4,11,2
50,1.019959651998487,9,6,2
51,1.0227789380776198,3,12,6
52,0.9975036239250553,9,5,2
53,0.9980831882466201,8,7,2
54,0.9690664727429433,12,5,1
55,0.9737280533128284,4,24,1
56,0.9636655011655011,12,5,2
57,0.9653540157668536,8,10,1
58,0.9429779842150976,4,17,2
59,0.9395880807645514,7,10,2
