,mq,No. Clus,Max clus,Min clus
0,1.3398268398268398,3,5,3
1,1.3398268398268398,3,5,3
2,1.3398268398268398,3,5,3
3,1.3398268398268398,3,5,3
4,1.3398268398268398,3,5,3
5,1.3398268398268398,3,5,3
6,1.3398268398268398,3,5,3
7,1.3160173160173159,4,5,2
8,1.3150134889265326,4,5,2
9,1.3109730848861285,3,5,4
10,1.3073593073593073,4,5,2
11,1.3073593073593073,4,5,2
12,1.2724682724682723,3,6,3
13,1.2724682724682723,3,6,3
14,1.2743506493506493,3,7,3
15,1.1493506493506493,4,5,2
16,1.124537298450342,5,4,2
17,1.1204968944099378,4,4,2
18,1.0283790283790282,4,5,2
19,1.0172387490465293,4,4,2
20,1.0109730848861282,4,4,2
21,1.005489679402723,5,4,2
22,0.9480101219231654,3,5,4
23,0.9480101219231654,3,5,4
24,0.9466666666666667,3,5,3
25,0.9466666666666667,3,5,3
26,0.9152542372881356,3,11,1
27,0.8264935064935066,5,4,2
