,mq,No. Clus,Max clus,Min clus
0,2.032277429719885,5,5,3
1,2.032277429719885,5,5,3
2,2.032277429719885,5,5,3
3,2.032277429719885,5,5,3
4,1.9230401844532279,5,5,3
5,1.9230401844532279,5,5,3
6,1.9230401844532279,5,5,3
7,1.9230401844532279,5,5,3
8,1.9230401844532279,5,5,3
9,1.9230401844532279,5,5,3
10,1.9230401844532279,5,5,3
11,1.8949307184601303,5,5,3
12,1.8946310935441368,5,6,3
13,1.8946310935441368,5,6,3
14,1.8821102056396175,5,5,2
15,1.8821102056396175,5,5,2
16,1.7728729603729605,5,5,2
17,1.7728729603729605,5,5,2
18,1.7647651261781698,5,5,2
19,1.7647651261781698,5,5,2
20,1.7443704943704943,5,5,2
21,1.7197629125260703,5,5,3
22,1.7197629125260703,5,5,3
23,1.7197629125260703,5,5,3
24,1.7197629125260703,5,5,3
25,1.6994299817829228,5,6,3
26,1.632238373617684,5,6,2
27,1.6246400658165365,5,6,2
28,1.618180018180018,5,5,3
29,1.6059319990354473,5,5,3
30,1.595534899882726,5,5,3
31,1.591479784583233,5,5,3
32,1.591479784583233,5,5,3
33,1.577135674586949,5,5,3
34,1.5734927536929761,5,5,2
35,1.5614878542510122,5,5,2
36,1.544986544986545,5,5,3
37,1.5411549235078645,5,6,2
38,1.5038283134392976,5,5,3
39,1.4927232854864432,5,5,3
40,1.4819226750261234,5,5,3
41,1.462540967804126,5,6,3
