,mq,No. Clus,Max clus,Min clus
0,2.0702279045959244,8,5,2
1,2.0702279045959244,8,5,2
2,1.8389507482031342,8,4,2
3,1.8316302214746285,8,4,2
4,1.7047584541062801,11,3,2
5,1.7049774750994262,9,4,2
6,1.7047584541062801,11,3,2
7,1.6844685990338164,11,3,2
8,1.672270531400966,9,4,2
9,1.672270531400966,9,4,2
10,1.6319841269841269,11,3,2
11,1.6378493999225707,10,4,2
12,1.6378493999225707,10,4,2
13,1.6319841269841269,11,3,2
14,1.625048309178744,11,4,2
15,1.625048309178744,11,4,2
16,1.625048309178744,11,4,2
17,1.5965019762845851,10,3,2
18,1.6010662525879917,8,4,2
19,1.5965019762845851,10,3,2
20,1.5772222222222223,10,3,2
21,1.5645238095238096,10,4,2
22,1.541572391478839,10,4,2
23,1.537197323373794,11,3,2
24,1.5262454212454213,11,3,2
25,1.5312121212121212,9,3,2
26,1.4947676608730895,8,4,2
27,1.4844685990338164,10,3,2
28,1.4583816425120772,12,2,2
29,1.4583816425120772,12,2,2
30,1.4583816425120772,12,2,2
31,1.4510020371785077,11,3,2
32,1.4113204508856683,10,3,2
33,1.3819841269841269,11,3,2
34,1.3825420942176574,9,4,2
35,1.336984126984127,10,3,2
36,1.3120074016945704,8,8,2
37,1.287197323373794,11,3,2
38,1.1567316017316016,7,8,2
39,1.16853613865809,6,10,2
40,1.087957378837463,8,6,2
41,1.0455499776330832,6,8,2
42,0.9810658566498388,7,9,2
43,0.9925712250712251,6,12,2
44,0.9762643678160919,5,14,2
45,0.9762643678160919,5,14,2
46,0.9319592476489029,7,11,2
47,0.855,3,19,2
