,mq,No. Clus,Max clus,Min clus
0,2.314461753080679,5,5,3
1,2.314461753080679,5,5,3
2,2.0884425651867513,5,6,3
3,2.07845663108821,6,4,2
4,1.946127946127946,6,5,1
5,1.9384662956091527,5,6,3
6,1.9109662267557006,6,5,2
7,1.910368807393979,6,5,2
8,1.8885167464114834,6,4,3
9,1.8359187785786253,6,4,2
10,1.8095483133218981,5,8,1
11,1.807965229617082,6,4,3
12,1.8098729227761488,5,9,1
13,1.806027255476971,6,5,1
14,1.7709235209235208,6,4,2
15,1.7677375256322625,6,5,3
16,1.7449707272132902,6,4,3
17,1.743495101389838,6,4,3
18,1.7423714701191482,6,4,2
19,1.7139393939393939,6,4,2
20,1.713156230234029,5,6,3
21,1.6990794016110473,3,13,3
22,1.6707678286625656,6,5,3
23,1.6550342130987292,6,4,2
24,1.6491563651906367,5,7,3
25,1.6222829801777168,6,5,2
26,1.6033623910336239,4,12,1
27,1.6010354168248906,6,4,3
28,1.5673639226270804,6,5,2
29,1.5470938437267039,7,4,1
30,1.533767574015252,6,4,2
31,1.5127591706539074,3,14,3
32,1.5127591706539074,3,14,3
33,1.5033623910336238,3,12,3
34,1.4688095238095238,6,4,2
35,1.4454514783462151,6,5,2
36,1.4315208600922886,5,7,2
37,1.414776334776335,7,4,1
38,1.392615596963423,6,4,2
39,1.3807833033839227,6,4,2
40,1.3546138072453862,6,6,2
41,1.2036541889483066,4,9,3
