,mq,No. Clus,Max clus,Min clus
0,1.6333691297344182,3,20,3
1,1.6333691297344182,3,20,3
2,1.6333691297344182,3,20,3
3,1.6333691297344182,3,20,3
4,1.6333691297344182,3,20,3
5,1.6333691297344182,3,20,3
6,1.6333691297344182,3,20,3
7,1.6333691297344182,3,20,3
8,1.6333691297344182,3,20,3
9,1.6333691297344182,3,20,3
10,1.6333691297344182,3,20,3
11,1.6333691297344182,3,20,3
12,1.6333691297344182,3,20,3
13,1.6333691297344182,3,20,3
14,1.6333691297344182,3,20,3
15,1.6333691297344182,3,20,3
16,1.6333691297344182,3,20,3
17,1.6333691297344182,3,20,3
18,1.6333691297344182,3,20,3
19,1.6333691297344182,3,20,3
20,1.6333691297344182,3,20,3
21,1.6333691297344182,3,20,3
22,1.6333691297344182,3,20,3
23,1.6333691297344182,3,20,3
24,1.6333691297344182,3,20,3
25,1.6333691297344182,3,20,3
26,1.6333691297344182,3,20,3
27,1.6333691297344182,3,20,3
28,1.6333691297344182,3,20,3
29,1.6333691297344182,3,20,3
30,1.6333691297344182,3,20,3
31,1.6333691297344182,3,20,3
32,1.6157993730407523,3,21,3
33,1.6157993730407523,3,21,3
34,1.6157993730407523,3,21,3
35,1.6157993730407523,3,21,3
36,1.6157993730407523,3,21,3
37,1.6157993730407523,3,21,3
38,1.5943661971830987,3,20,4
39,1.5943661971830987,3,20,4
40,1.5943661971830987,3,20,4
41,1.5943661971830987,3,20,4
42,1.5943661971830987,3,20,4
43,1.5943661971830987,3,20,4
44,1.5943661971830987,3,20,4
45,1.5943661971830987,3,20,4
46,1.5943661971830987,3,20,4
47,1.5943661971830987,3,20,4
48,1.5930735930735929,3,19,3
49,1.5522648083623694,3,19,4
50,1.5522648083623694,3,19,4
51,1.5522648083623694,3,19,4
52,1.5522648083623694,3,19,4
53,1.4150375939849624,3,19,5
54,1.3515090543259558,3,20,2
55,1.3515090543259558,3,20,2
56,1.3515090543259558,3,20,2
57,1.3515090543259558,3,20,2
58,1.3515090543259558,3,20,2
59,1.3339901477832514,3,21,2
