,mq,No. Clus,Max clus,Min clus
0,1.8986486486486487,4,8,2
1,1.8986486486486487,4,8,2
2,1.8986486486486487,4,8,2
3,1.8986486486486487,4,8,2
4,1.8303921568627453,4,8,2
5,1.8303921568627453,4,8,2
6,1.8208708708708707,4,9,2
7,1.8113470613470612,4,8,2
8,1.8113470613470612,4,8,2
9,1.8113470613470612,4,8,2
10,1.8113470613470612,4,8,2
11,1.794944944944945,4,7,2
12,1.794944944944945,4,7,2
13,1.7637254901960784,4,9,2
14,1.7489106753812638,4,7,2
15,1.7430905695611578,4,8,2
16,1.7336159689100867,4,8,2
17,1.7336159689100867,4,8,2
18,1.7336159689100867,4,8,2
19,1.7336159689100867,4,8,2
20,1.697635135135135,4,7,2
21,1.697635135135135,4,7,2
22,1.6922994422994422,4,8,2
23,1.678013728013728,4,7,2
24,1.6515873015873015,4,8,2
25,1.6493650793650794,4,8,2
26,1.6462962962962964,4,8,2
27,1.6385118149824032,4,10,2
28,1.6385118149824032,4,10,2
29,1.594028520499109,4,10,2
30,1.5935610302351624,4,8,2
31,1.594028520499109,4,10,2
32,1.594028520499109,4,10,2
33,1.5852775852775853,4,7,2
34,1.5852775852775853,4,7,2
35,1.5805482902257095,4,9,2
36,1.5805482902257095,4,9,2
37,1.56648244883539,4,8,2
38,1.5472012736718619,4,8,2
39,1.5444444444444445,4,8,2
40,1.5252197430696417,4,7,2
41,1.526797385620915,4,9,2
