,mq,No. Clus,Max clus,Min clus
0,1.762187421342351,4,18,3
1,1.762187421342351,4,18,3
2,1.762187421342351,4,18,3
3,1.762187421342351,4,18,3
4,1.762187421342351,4,18,3
5,1.762187421342351,4,18,3
6,1.762187421342351,4,18,3
7,1.762187421342351,4,18,3
8,1.762187421342351,4,18,3
9,1.762187421342351,4,18,3
10,1.762187421342351,4,18,3
11,1.762187421342351,4,18,3
12,1.762187421342351,4,18,3
13,1.762187421342351,4,18,3
14,1.762187421342351,4,18,3
15,1.7376114081996434,4,18,3
16,1.7376114081996434,4,18,3
17,1.7376114081996434,4,18,3
18,1.7376114081996434,4,18,3
19,1.7376114081996434,4,18,3
20,1.714202172096909,4,17,2
21,1.7134847004175497,4,17,3
22,1.7099778270509978,4,19,3
23,1.6902523771852265,4,17,2
24,1.629829802287646,4,16,3
25,1.6211744334097276,4,19,3
26,1.6146016146016147,4,19,3
27,1.6146016146016147,4,19,3
28,1.6109033336654819,4,18,3
29,1.5508021390374331,4,17,3
30,1.5464292043239412,4,18,2
31,1.527087165029572,4,18,3
32,1.527087165029572,4,18,3
33,1.527087165029572,4,18,3
34,1.527087165029572,4,18,3
35,1.527087165029572,4,18,3
36,1.527087165029572,4,18,3
37,1.527087165029572,4,18,3
38,1.527087165029572,4,18,3
39,1.527087165029572,4,18,3
40,1.5206436511029287,4,17,3
41,1.5170729596678831,4,19,3
42,1.5161828367710721,4,18,2
43,1.5161828367710721,4,18,2
44,1.5161828367710721,4,18,2
45,1.5091354723707666,4,17,3
46,1.4980797303599682,4,17,3
47,1.4912959381044488,4,19,2
48,1.4782748355456627,4,17,3
49,1.4747542653425005,4,18,3
50,1.475150364039253,4,18,2
51,1.4747542653425005,4,18,3
52,1.4512417124357424,4,18,2
53,1.4334836973725862,4,18,2
54,1.4334836973725862,4,18,2
55,1.4075237511492493,4,19,2
56,1.4034292712798533,4,17,2
57,1.323115323115323,4,19,2
58,1.317404426559356,4,19,2
59,1.2917429916293734,4,19,2
