,mq,No. Clus,Max clus,Min clus
0,2.12020202020202,6,6,2
1,2.12020202020202,6,6,2
2,1.9184926184926185,7,4,2
3,1.8735778841042,7,4,2
4,1.827688020791469,7,4,2
5,1.8252525252525251,6,5,2
6,1.8025252525252524,7,3,2
7,1.8025252525252524,7,3,2
8,1.752232854864434,7,3,2
9,1.752232854864434,7,3,2
10,1.7488361879666228,7,4,2
11,1.7343434343434345,7,4,2
12,1.7080808080808083,8,3,2
13,1.6914862914862914,6,7,2
14,1.6513930513930515,7,4,2
15,1.6106951871657755,6,6,2
16,1.5985569985569985,3,9,3
17,1.5880116959064328,7,4,2
18,1.5985569985569985,3,9,3
19,1.5985569985569985,3,9,3
20,1.5636363636363635,5,8,3
21,1.5469696969696969,7,3,2
22,1.5636363636363635,5,8,3
23,1.551207729468599,5,9,2
24,1.4945165945165946,6,7,2
25,1.496969696969697,3,14,3
26,1.4374417520969245,3,7,6
27,1.4587943701867754,4,12,2
28,1.4370903606197725,8,3,1
29,1.4243006993006995,7,3,2
30,1.4082934609250397,7,5,2
31,1.3657894736842104,7,4,2
32,1.350592885375494,8,4,2
33,1.3504273504273505,3,12,2
34,1.3404040404040405,5,11,2
35,1.3356421356421357,4,11,2
36,1.3422222222222222,4,13,2
37,1.3060317460317459,5,7,1
38,1.3017254542678272,3,9,3
39,1.2705128205128204,7,5,1
