,mq,No. Clus,Max clus,Min clus
0,2.1802371541501975,7,4,2
1,2.1802371541501975,7,4,2
2,1.9591978133740149,8,4,2
3,1.9591978133740149,8,4,2
4,1.896017871017871,7,5,2
5,1.896017871017871,7,5,2
6,1.8268721699756183,7,4,2
7,1.8021637426900585,7,4,2
8,1.7946581196581195,8,4,2
9,1.7852433189403665,5,5,2
10,1.740686274509804,7,6,2
11,1.7440034512510785,4,9,2
12,1.738047138047138,7,5,1
13,1.7291049530179965,8,4,2
14,1.7200746965452849,3,7,6
15,1.7130227001194744,4,9,2
16,1.7065079365079365,7,4,2
17,1.704153766769866,8,3,2
18,1.6768487551096247,5,9,2
19,1.6516239316239316,6,6,2
20,1.6422022737962019,6,6,2
21,1.6389169000933705,7,4,2
22,1.6352480338777977,6,4,2
23,1.6282905982905982,8,4,2
24,1.6077192982456139,4,8,4
25,1.6077192982456139,4,8,4
26,1.5864893560545732,8,4,1
27,1.5864893560545732,8,4,1
28,1.5818495514147688,7,5,1
29,1.5699429569398609,5,6,1
30,1.5486291486291486,6,5,2
31,1.5205128205128204,9,3,2
32,1.5129084967320263,5,9,2
33,1.4762626262626264,6,7,2
34,1.4311333111333113,8,5,1
35,1.381766381766382,5,8,2
36,1.3592738984043333,8,4,2
37,1.3428571428571427,5,6,1
38,1.3460693895476505,5,10,2
39,1.31468253968254,8,3,2
40,1.311654805462855,6,5,2
41,1.1982420208226658,6,5,2
