,mq,No. Clus,Max clus,Min clus
0,2.0452069716775596,5,6,2
1,2.0452069716775596,5,6,2
2,2.0452069716775596,5,6,2
3,2.0452069716775596,5,6,2
4,2.0452069716775596,5,6,2
5,1.979529958632126,5,6,2
6,1.979529958632126,5,6,2
7,1.943755547857715,6,6,2
8,1.8811858076563959,5,6,2
9,1.8811858076563959,5,6,2
10,1.793725543725544,5,7,2
11,1.7865693130399012,5,6,2
12,1.7699134199134199,6,6,2
13,1.7576252723311547,5,7,2
14,1.7258812615955472,4,8,2
15,1.7113719613719613,5,5,2
16,1.7102615037397646,5,7,2
17,1.6872823416301679,5,7,2
18,1.6796114296114295,5,7,2
19,1.6731622927275103,5,7,2
20,1.6482191982191985,6,7,2
21,1.6367566643882436,8,4,2
22,1.6456521739130434,3,9,2
23,1.6126196729645006,4,9,2
24,1.595887445887446,4,7,3
25,1.5775622305659853,4,7,2
26,1.574031824031824,4,7,2
27,1.5687644336731559,4,7,4
28,1.565151515151515,4,11,2
29,1.565151515151515,4,11,2
30,1.5478582820688085,5,10,2
31,1.5445945945945945,4,9,2
32,1.5397796817625458,4,8,2
33,1.5346464646464648,5,6,2
34,1.5213286713286713,7,5,2
35,1.5097324597324597,6,6,2
36,1.5001942501942502,7,4,2
37,1.4522546897546897,7,5,2
38,1.4405723905723904,7,5,2
39,1.391585865115277,6,5,2
40,1.3969879518072288,3,14,3
41,1.3252705627705628,7,5,1
