,mq,No. Clus,Max clus,Min clus
0,2.126599326599327,6,4,2
1,2.0117003367003368,6,4,3
2,2.0117003367003368,6,4,3
3,1.987420791768618,6,4,2
4,1.987420791768618,6,4,2
5,1.987420791768618,6,4,2
6,1.975949975949976,5,5,3
7,1.975949975949976,5,5,3
8,1.948712910955474,6,4,2
9,1.9478114478114477,5,5,3
10,1.9478114478114477,5,5,3
11,1.9478114478114477,5,5,3
12,1.9478114478114477,5,5,3
13,1.9190476190476191,6,4,2
14,1.9190476190476191,6,4,2
15,1.9190476190476191,6,4,2
16,1.8997538409303116,6,4,3
17,1.8997538409303116,6,4,3
18,1.872521801869628,6,4,3
19,1.8610459601171674,6,4,3
20,1.8588493631971894,7,4,2
21,1.85993265993266,4,7,3
22,1.8404104065868772,6,4,3
23,1.8404104065868772,6,4,3
24,1.8455988455988455,6,4,2
25,1.8228114478114477,6,4,2
26,1.8068909647857017,6,4,2
27,1.8033670033670033,6,4,2
28,1.7962231005709266,6,4,3
29,1.7831601401395452,6,4,3
30,1.7714357534151586,7,3,2
31,1.75836189953837,7,4,2
32,1.7368796662274923,6,4,3
33,1.7419662463140724,6,5,1
34,1.7206951871657754,6,6,2
35,1.6625176247601878,6,5,3
36,1.5712622135047765,6,4,2
37,1.5180731803157435,7,3,2
38,1.4918894413985577,4,11,3
39,1.3946127946127946,3,9,2
