,mq,No. Clus,Max clus,Min clus
0,2.2622236861367293,6,5,2
1,2.0107022607022604,7,5,2
2,1.9908369408369408,9,4,2
3,1.9954777958614276,7,6,2
4,1.991774092157724,6,6,2
5,1.9908369408369408,9,4,2
6,1.9908369408369408,9,4,2
7,1.9257745522451404,8,6,2
8,1.9257745522451404,8,6,2
9,1.924951561652329,7,4,2
10,1.9070684217743041,6,6,2
11,1.8983532807062218,8,4,2
12,1.9027998855364583,6,6,2
13,1.8970588235294117,6,6,2
14,1.8876623376623374,8,4,2
15,1.8811688311688308,6,6,2
16,1.878722002635046,8,4,2
17,1.8608519269776878,6,6,2
18,1.8120490620490621,10,2,2
19,1.82266139657444,6,6,2
20,1.8120490620490621,10,2,2
21,1.8120490620490621,10,2,2
22,1.8120490620490621,10,2,2
23,1.8120490620490621,10,2,2
24,1.8120490620490621,10,2,2
25,1.8120490620490621,10,2,2
26,1.8120490620490621,10,2,2
27,1.8045898545898547,9,4,2
28,1.8053150553150557,8,4,2
29,1.76701982228298,8,5,2
30,1.7541679250981574,7,8,2
31,1.6997877122877123,7,6,1
32,1.6969806763285025,8,3,2
33,1.6711102622867327,8,4,2
34,1.6531543505227715,4,10,2
35,1.643019261440314,5,10,2
36,1.6136363636363635,7,8,2
37,1.5953703703703703,6,5,2
38,1.5684173669467787,6,5,2
39,1.4339968310556546,4,12,2
40,1.3009803921568628,7,5,2
41,1.2889433551198257,8,4,2
