,mq,No. Clus,Max clus,Min clus
0,1.9598046098046098,5,6,2
1,1.9598046098046098,5,6,2
2,1.9598046098046098,5,6,2
3,1.9598046098046098,5,6,2
4,1.7159673659673658,7,4,2
5,1.7159673659673658,7,4,2
6,1.7159673659673658,7,4,2
7,1.7159673659673658,7,4,2
8,1.6759146650450998,6,5,2
9,1.668516731016731,5,6,2
10,1.668516731016731,5,6,2
11,1.615967365967366,7,4,2
12,1.5897072072072074,5,6,2
13,1.5523643023643023,7,4,2
14,1.5643500643500645,4,8,2
15,1.5557765988800472,5,5,2
16,1.5557765988800472,5,5,2
17,1.5294500185804534,6,6,2
18,1.4745532245532247,9,3,2
19,1.4931336779162867,4,12,2
20,1.4883116883116883,7,4,2
21,1.4879832810867293,6,5,2
22,1.446031746031746,9,3,2
23,1.4457793033307906,4,10,3
24,1.43280193236715,6,5,2
25,1.4457793033307906,4,10,3
26,1.4146825396825395,7,4,2
27,1.4038461538461537,6,6,2
28,1.380977845683728,5,6,2
29,1.369047619047619,5,8,2
30,1.3443223443223444,5,8,2
31,1.3326923076923078,3,14,2
32,1.2911810411810412,7,4,2
33,1.277994227994228,7,4,2
34,1.3326923076923078,3,14,2
35,1.2555921855921857,7,5,2
36,1.2549019607843137,5,9,2
37,1.1957070707070705,7,3,2
38,1.2060041407867494,3,12,4
39,1.155844155844156,4,11,2
