,mq,No. Clus,Max clus,Min clus
0,1.3554175293305728,5,4,1
1,1.3554175293305728,5,4,1
2,1.2903381642512075,4,5,2
3,1.1589656152316,4,4,2
4,1.1589656152316,4,4,2
5,1.1589656152316,4,5,2
6,1.1570048309178742,5,5,1
7,1.1555555555555554,3,6,2
8,1.1145211707871554,5,4,1
9,1.0991830065359478,5,3,2
10,1.0610452349582784,6,4,1
11,1.0452586206896552,3,7,1
12,1.0317460317460316,6,4,1
13,1.0138888888888888,3,9,2
14,1.0138888888888888,3,9,2
15,0.9977324263038548,3,10,1
16,0.9903381642512077,5,5,2
17,0.9703703703703704,4,6,1
18,0.957516339869281,5,4,2
19,0.9555555555555555,5,5,2
20,0.9305555555555556,6,3,2
21,0.9365079365079365,4,8,1
22,0.9365079365079365,4,8,1
23,0.8738738738738738,3,9,2
24,0.8700483091787439,4,5,2
25,0.8133333333333332,5,5,2
26,0.8,6,3,2
27,0.7373737373737375,6,3,2
