,mq,No. Clus,Max clus,Min clus
0,1.791797797499192,8,7,2
1,1.6140787592910235,11,4,2
2,1.592153695879333,12,3,2
3,1.5536157712472303,10,4,2
4,1.5451027163010194,11,3,2
5,1.5197921812501143,11,3,2
6,1.4711141182267438,8,7,2
7,1.4188217720976342,11,4,2
8,1.4188217720976342,11,4,2
9,1.4066299912426166,9,6,2
10,1.3843694508895097,12,3,2
11,1.3843694508895097,12,3,2
12,1.3799215534158602,11,4,2
13,1.3770810509451483,10,4,2
14,1.3770810509451483,10,4,2
15,1.3595486538625263,12,3,2
16,1.3526305495723534,10,3,2
17,1.3315747424076432,11,3,2
18,1.320503668026614,9,7,2
19,1.2695086895930623,11,3,2
20,1.2630475037201117,11,3,2
21,1.2630475037201117,11,3,2
22,1.240398271819408,11,3,2
23,1.2179262936978243,12,3,2
24,1.2173441734417345,8,6,2
25,1.195881614241849,12,3,2
26,1.1983802829307824,10,4,2
27,1.2171930544161882,7,10,2
28,1.1981109288123235,9,6,2
29,1.1981109288123235,9,6,2
30,1.137506378178986,11,3,2
31,1.1757023711863746,8,10,2
32,1.1757023711863746,8,10,2
33,1.1364894494865334,11,4,2
34,1.110627721853359,12,3,2
35,1.107943469785575,5,15,2
36,1.0995938429696812,10,7,2
37,1.0492353823088456,9,10,2
38,0.9969700264179711,11,3,2
39,0.9980043400759514,3,13,3
40,1.037037037037037,3,24,2
41,0.9752396327313086,8,7,2
42,0.990418118466899,3,23,3
43,0.9675854273541432,4,21,2
44,0.9295435260057902,10,5,2
45,0.922499653273998,6,15,2
46,0.9131958758346107,11,3,2
47,0.9495338736161874,4,21,2
48,0.9178991688436533,6,14,2
49,0.8983120161530955,5,19,2
50,0.822857442309775,11,3,2
51,0.8491880970214812,8,10,2
52,0.8474809148872118,7,13,2
53,0.7871005891099606,11,3,2
54,0.7904861061532724,9,7,2
55,0.784121878109386,8,9,2
56,0.7695427178185799,6,17,2
57,0.742550084847686,9,10,2
