,mq,No. Clus,Max clus,Min clus
0,1.8593189964157704,6,5,2
1,1.7305555555555556,7,5,2
2,1.57015873015873,7,4,2
3,1.54,7,4,2
4,1.5395104895104894,8,5,2
5,1.52719298245614,8,3,2
6,1.4926850926850928,9,4,2
7,1.4733282481566232,9,3,1
8,1.4672882672882674,9,4,2
9,1.4672882672882674,9,4,2
10,1.4672882672882674,9,4,2
11,1.4672882672882674,9,4,2
12,1.4672882672882674,9,4,2
13,1.4672882672882674,8,4,2
14,1.4661186766449923,7,4,2
15,1.4018457128555304,6,5,2
16,1.3923809523809525,7,5,2
17,1.3787265366212733,6,5,2
18,1.3782051282051282,8,3,2
19,1.3782051282051282,8,3,2
20,1.344337035513506,9,3,2
21,1.3403041403041405,10,2,2
22,1.3403041403041405,10,2,2
23,1.3403041403041405,10,2,2
24,1.3403041403041405,10,2,2
25,1.27719298245614,8,4,2
26,1.257626431539475,7,8,2
27,1.2549572649572651,6,6,2
28,1.2463052427448713,8,4,2
29,1.2486215538847116,5,10,2
30,1.2228438228438228,9,4,2
31,1.2228438228438228,9,4,2
32,1.2140800719748088,7,6,2
33,1.2057745796876231,8,5,2
34,1.1988795518207283,4,10,2
35,1.1942723942723943,6,10,2
36,1.1931328952899272,5,11,2
37,1.175224775224775,8,5,2
38,1.1489621489621489,9,4,2
39,1.1494017094017093,8,4,2
40,1.0376586376586376,8,4,2
41,0.99,4,14,1
