,mq,No. Clus,Max clus,Min clus
0,2.314461753080679,5,5,3
1,2.314461753080679,5,5,3
2,2.314461753080679,5,5,3
3,2.314461753080679,5,5,3
4,2.314461753080679,5,5,3
5,2.314461753080679,5,5,3
6,2.314461753080679,5,5,3
7,2.314461753080679,5,5,3
8,2.314461753080679,5,5,3
9,2.314461753080679,5,5,3
10,2.314461753080679,5,5,3
11,2.314461753080679,5,5,3
12,2.314461753080679,5,5,3
13,2.314461753080679,5,5,3
14,2.314461753080679,5,5,3
15,2.314461753080679,5,5,3
16,2.314461753080679,5,5,3
17,2.2468780210232624,5,5,3
18,2.2468780210232624,5,5,3
19,2.2468780210232624,5,5,3
20,2.2468780210232624,5,5,3
21,2.2468780210232624,5,5,3
22,2.2468780210232624,5,5,3
23,2.2468780210232624,5,5,3
24,2.2468780210232624,5,5,3
25,2.2468780210232624,5,5,3
26,2.0528049372442965,5,5,3
27,2.048703206810168,5,5,3
28,1.9940328270015981,5,5,3
29,1.986631016042781,5,5,3
30,1.857477121234237,5,5,3
31,1.857477121234237,5,5,3
32,1.857477121234237,5,5,3
33,1.857477121234237,5,5,3
34,1.857477121234237,5,5,3
35,1.857477121234237,5,5,3
36,1.857477121234237,5,5,3
37,1.857477121234237,5,5,3
38,1.857477121234237,5,5,3
39,1.82994782994783,5,5,3
40,1.82983682983683,5,5,3
41,1.7398300624107075,5,5,3
