,mq,No. Clus,Max clus,Min clus
0,2.161861085774129,6,6,2
1,2.0894496650654952,7,4,2
2,2.096798697182329,5,6,2
3,2.0241550783312796,7,4,2
4,1.9544518347149928,8,3,2
5,1.9537878787878789,7,4,2
6,1.9528721278721277,7,4,2
7,1.8734407484407485,6,7,2
8,1.8524251805985554,6,6,2
9,1.815892672858617,7,4,2
10,1.818421052631579,5,7,2
11,1.815203761755486,7,4,2
12,1.8058966861598442,7,4,2
13,1.7964698699992816,7,6,1
14,1.7964698699992816,7,6,1
15,1.7844017094017097,8,3,2
16,1.7619379412857672,8,3,2
17,1.7619379412857672,8,3,2
18,1.7251501501501503,6,7,2
19,1.6722868634633343,9,3,2
20,1.6888294711824123,7,4,2
21,1.6521929824561403,8,3,1
22,1.6456521739130434,3,9,2
23,1.5766582230978519,8,3,2
24,1.5834608543910869,6,8,2
25,1.5049974535268653,6,5,3
26,1.5316696914700545,4,10,2
27,1.5316696914700545,4,10,2
28,1.4704189763797055,7,5,2
29,1.47494623655914,3,13,2
30,1.4686154686154689,6,7,1
31,1.4498132586367882,7,6,2
32,1.4524570273003032,3,8,4
33,1.4536675020885546,4,10,3
34,1.400505419559128,8,4,1
35,1.4051515151515153,4,13,2
36,1.3540441683919946,7,4,2
37,1.3493382860390533,7,4,2
38,1.3493382860390533,7,4,2
39,1.3260606060606062,6,5,2
