,mq,No. Clus,Max clus,Min clus
0,1.9209806644589253,4,7,3
1,1.9209806644589253,4,7,3
2,1.9209806644589253,4,7,3
3,1.9209806644589253,4,7,3
4,1.9209806644589253,4,7,3
5,1.9209806644589253,4,7,3
6,1.9209806644589253,4,7,3
7,1.9209806644589253,4,7,3
8,1.9209806644589253,4,7,3
9,1.9209806644589253,4,7,3
10,1.9209806644589253,4,7,3
11,1.9209806644589253,4,7,3
12,1.9209806644589253,4,7,3
13,1.9209806644589253,4,7,3
14,1.9209806644589253,4,7,3
15,1.9209806644589253,4,7,3
16,1.9209806644589253,4,7,3
17,1.9209806644589253,4,7,3
18,1.9209806644589253,4,7,3
19,1.9209806644589253,4,7,3
20,1.9209806644589253,4,7,3
21,1.9209806644589253,4,7,3
22,1.9209806644589253,4,7,3
23,1.9209806644589253,4,7,3
24,1.9209806644589253,4,7,3
25,1.9209806644589253,4,7,3
26,1.9209806644589253,4,7,3
27,1.9011739011739013,4,8,2
28,1.8312941123861246,4,7,3
29,1.8128635772720707,4,8,2
30,1.7958708708708708,4,8,2
31,1.7710591947880083,4,9,2
32,1.7501097935880545,4,7,3
33,1.7501097935880545,4,7,3
34,1.7370973759482653,4,8,3
35,1.6854907539118065,4,7,3
36,1.6854907539118065,4,7,3
37,1.6852737905369484,4,8,3
38,1.6764562629224282,4,7,2
39,1.6764562629224282,4,7,2
40,1.5517148226450552,4,8,2
41,1.5013440860215053,4,10,2
