,mq,No. Clus,Max clus,Min clus
0,1.869047619047619,5,6,3
1,1.812907268170426,6,5,3
2,1.757936507936508,5,8,3
3,1.7258506768488617,6,4,3
4,1.7394378804153239,5,8,3
5,1.7044927536231884,6,4,3
6,1.7394378804153239,5,8,3
7,1.7044927536231884,6,4,3
8,1.680952380952381,3,10,5
9,1.675902229145803,5,7,3
10,1.6374435732953194,4,10,3
11,1.6211001642036127,7,4,2
12,1.6185331576635926,7,4,2
13,1.6185331576635926,7,4,2
14,1.6006493506493507,6,5,3
15,1.5904408457040038,6,4,3
16,1.5795739348370925,7,3,2
17,1.5655806182121972,7,3,2
18,1.5655806182121972,7,3,2
19,1.5534920634920635,7,4,2
20,1.5081453634085213,7,3,2
21,1.5081453634085213,7,3,2
22,1.5081453634085213,7,3,2
23,1.5407894736842103,3,13,3
24,1.4673160173160174,5,6,3
25,1.4414212378608662,6,4,3
26,1.3708102698814773,6,4,3
27,1.334885290148448,7,3,2
28,1.3693650793650793,5,7,3
29,1.278173374613003,6,4,3
30,1.2619340583736869,7,4,1
31,1.2140591966173362,3,11,3
32,1.2200199866755497,3,14,3
33,1.1344393592677344,6,4,3
34,1.1726475279106858,4,11,3
35,1.1726475279106858,4,11,3
36,1.1726475279106858,4,11,3
37,1.1337289301685587,7,4,2
38,1.1684149184149184,3,12,3
39,1.100103519668737,7,4,2
