,mq,No. Clus,Max clus,Min clus
0,1.9096094877344876,7,9,2
1,1.7163007567205,8,7,1
2,1.655954936078591,6,9,3
3,1.6275943818214351,5,17,3
4,1.5930825409949014,4,12,3
5,1.555646688929248,5,14,2
6,1.549269110951354,6,8,1
7,1.547549019607843,4,15,3
8,1.54641598119859,5,17,3
9,1.5410946227383686,5,14,3
10,1.5298136645962732,7,11,3
11,1.5258027488701886,8,5,2
12,1.5319065135410652,5,13,3
13,1.5183712121212123,5,8,3
14,1.522215620254836,3,14,3
15,1.5211172380487756,6,14,1
16,1.5139666577410174,7,8,1
17,1.5131741821396993,5,13,3
18,1.5131741821396993,5,13,3
19,1.5105691056910568,4,17,3
20,1.501546323113286,8,6,1
21,1.4988578146479927,8,5,2
22,1.498587213225371,5,12,3
23,1.4957846479970374,5,10,1
24,1.4840218037148982,8,7,2
25,1.4896825396825397,5,15,3
26,1.4834335740985358,8,8,3
27,1.485565424066605,5,15,3
28,1.480232825060411,8,7,1
29,1.4778950608974837,9,4,2
30,1.4796360862127482,7,7,2
31,1.4770067525727342,9,5,1
32,1.4748860470524745,6,10,3
33,1.474154674154674,4,20,1
34,1.4609296224297885,6,10,2
35,1.4598112829434062,6,9,3
36,1.457660913133177,6,13,3
37,1.4549579647405737,8,7,3
38,1.4466201423097975,9,6,1
39,1.4493807008296888,6,10,1
40,1.4463435610123179,7,12,1
41,1.4414339473163003,8,5,3
42,1.4443841061133,7,10,2
43,1.4346685375799495,9,5,2
44,1.396691122650202,7,13,2
45,1.3945219100148676,8,6,1
46,1.390904056431538,8,8,1
47,1.378418403311617,10,5,1
48,1.3752538998440635,4,11,3
49,1.3570872098197477,9,4,2
50,1.359423676012461,7,8,2
51,1.3631218905472637,6,14,1
52,1.3541157864717015,7,10,3
53,1.3357879234167893,3,22,3
54,1.316106405132338,8,7,1
55,1.2869072782974615,9,5,2
56,1.28358497870693,9,6,2
57,1.2405529953917052,3,26,1
58,1.2360695002638735,4,13,2
59,1.201697608393406,3,17,6
