,mq,No. Clus,Max clus,Min clus
0,1.9059533431591626,4,9,3
1,1.9059533431591626,4,9,3
2,1.9059533431591626,4,9,3
3,1.9059533431591626,4,9,3
4,1.9059533431591626,4,9,3
5,1.9059533431591626,4,9,3
6,1.8812552862940461,4,9,3
7,1.8812552862940461,4,9,3
8,1.8812552862940461,4,9,3
9,1.8812552862940461,4,9,3
10,1.8567851232471038,4,9,3
11,1.8567851232471038,4,9,3
12,1.8477589515223922,4,9,3
13,1.8477589515223922,4,9,3
14,1.8477589515223922,4,9,3
15,1.8477589515223922,4,9,3
16,1.8477589515223922,4,9,3
17,1.8477589515223922,4,9,3
18,1.8402980956053012,4,9,3
19,1.8402980956053012,4,9,3
20,1.8402980956053012,4,9,3
21,1.8402980956053012,4,9,3
22,1.8402980956053012,4,9,3
23,1.8402980956053012,4,9,3
24,1.8365992867766967,4,10,3
25,1.833747831116252,4,8,3
26,1.8221223981497954,4,8,3
27,1.7962363668871806,4,10,3
28,1.7954563220637092,4,9,3
29,1.7954563220637092,4,9,3
30,1.7962363668871806,4,10,3
31,1.771260474237832,4,8,3
32,1.771260474237832,4,8,3
33,1.7622295754479662,4,9,3
34,1.7622295754479662,4,9,3
35,1.7621818940342093,4,9,3
36,1.7621818940342093,4,9,3
37,1.7411909795630724,4,9,4
38,1.735645933014354,4,9,3
39,1.7312217194570136,4,9,3
40,1.7312217194570136,4,9,3
41,1.7212936186620396,4,8,4
42,1.7165464632454923,4,10,3
43,1.7019846963175513,4,9,3
44,1.6989213433167767,4,10,3
45,1.6053475935828878,4,9,2
46,1.4398540811673506,4,9,2
47,1.4075573549257758,4,9,2
48,1.4075573549257758,4,9,2
49,1.369265845873233,4,9,2
