,mq,No. Clus,Max clus,Min clus
0,1.946171867348338,10,5,2
1,1.946171867348338,10,5,2
2,1.8074311316359908,10,4,2
3,1.7844416812501918,11,3,2
4,1.7729395441160147,12,3,2
5,1.7411953415066241,11,3,2
6,1.7013802981888086,11,4,2
7,1.6474610238106464,9,4,3
8,1.6395326895326894,12,3,2
9,1.6395326895326894,12,3,2
10,1.6268302210693972,10,3,2
11,1.6211503236514337,11,3,2
12,1.6211503236514337,11,3,2
13,1.6211503236514337,11,3,2
14,1.6211503236514337,11,3,2
15,1.6211503236514337,11,3,2
16,1.6150855387631196,12,3,2
17,1.607165156605246,11,3,2
18,1.5976600326462378,10,5,2
19,1.585825385265475,10,4,2
20,1.5814565826330533,10,4,2
21,1.562588065529242,11,3,2
22,1.5473750443762682,10,4,2
23,1.5370481721525364,12,3,2
24,1.5461904495977072,10,4,2
25,1.532575946532165,12,3,2
26,1.5318571312972207,11,4,2
27,1.5243746241243112,11,3,2
28,1.5118288144603933,11,3,2
29,1.5171617389702494,10,4,2
30,1.493310146372852,11,3,2
31,1.477994227994228,11,3,2
32,1.4409997430714114,11,4,2
33,1.3836280126497975,11,3,2
34,1.360357681534152,11,3,2
35,1.3168831168831168,6,15,2
36,1.2742409680507025,10,4,2
37,1.2727954235711023,11,3,2
38,1.266609710419445,11,4,2
39,1.2457407960520785,11,3,2
40,1.203914691899673,9,5,2
41,1.1700562638659984,9,7,2
42,1.1580191967832416,8,10,2
43,1.1294192651118646,10,7,2
44,1.1228976697061803,10,4,2
45,1.075938323368989,6,15,2
46,1.0673905085686641,8,8,3
47,1.0806035297554604,5,16,2
48,1.075938323368989,6,15,2
49,1.0130577300467964,5,11,2
50,0.9714425359586649,13,3,1
51,1.018264931431569,3,23,3
52,0.9341704469398378,7,13,2
53,0.946218487394958,5,18,2
54,0.946218487394958,5,18,2
55,0.9264883414529521,3,24,2
56,0.9056022408963584,7,9,2
57,0.892420560829843,8,8,2
