,mq,No. Clus,Max clus,Min clus
0,1.3984189723320157,3,6,3
1,1.3984189723320157,3,6,3
2,1.3984189723320157,3,6,3
3,1.3984189723320157,3,6,3
4,1.3984189723320157,3,6,3
5,1.3984189723320157,3,6,3
6,1.3984189723320157,3,6,3
7,1.3984189723320157,3,6,3
8,1.3984189723320157,3,6,3
9,1.3984189723320157,3,6,3
10,1.3984189723320157,3,6,3
11,1.3984189723320157,3,6,3
12,1.3984189723320157,3,6,3
13,1.3984189723320157,3,6,3
14,1.3172161172161172,3,5,4
15,1.3139034878165312,3,5,4
16,1.3139034878165312,3,5,4
17,1.3139034878165312,3,5,4
18,1.3139034878165312,3,5,4
19,1.2195048309178742,3,7,2
20,1.2195048309178742,3,7,2
21,1.2195048309178742,3,7,2
22,1.2195048309178742,3,7,2
23,1.2195048309178742,3,7,2
24,1.2100415923945338,3,7,3
25,1.2100415923945338,3,7,3
26,1.1555555555555554,3,6,2
27,1.1312217194570136,3,6,3
