,mq,No. Clus,Max clus,Min clus
0,2.014300722127893,8,8,1
1,2.014300722127893,8,8,1
2,2.014300722127893,8,8,1
3,1.9634149764963715,6,7,2
4,1.9634149764963715,6,7,2
5,1.9634149764963715,6,7,2
6,1.9634149764963715,6,7,2
7,1.9634149764963715,6,7,2
8,1.9634149764963715,6,7,2
9,1.9634149764963715,6,7,2
10,1.9634149764963715,6,7,2
11,1.9634149764963715,6,7,2
12,1.9634149764963715,6,7,2
13,1.9634149764963715,6,7,2
14,1.9634149764963715,6,7,2
15,1.9634149764963715,6,7,2
16,1.9634149764963715,6,7,2
17,1.9634149764963715,6,7,2
18,1.9634149764963715,6,7,2
19,1.9634149764963715,6,7,2
20,1.9634149764963715,6,7,2
21,1.9634149764963715,6,7,2
22,1.9634149764963715,6,7,2
23,1.9634149764963715,6,7,2
24,1.948374575462676,6,8,2
25,1.9449116148145271,6,7,2
26,1.9449116148145271,6,7,2
27,1.9449116148145271,6,7,2
28,1.9449116148145271,6,7,2
29,1.9449116148145271,6,7,2
30,1.9449116148145271,6,7,2
31,1.9449116148145271,6,7,2
32,1.9449116148145271,6,7,2
33,1.9429351550521807,8,8,1
34,1.8971442603518076,6,7,2
35,1.8933750997430243,6,8,2
36,1.8933750997430243,6,8,2
37,1.8933750997430243,6,8,2
38,1.8933750997430243,6,8,2
39,1.8933750997430243,6,8,2
40,1.8933750997430243,6,8,2
41,1.8933750997430243,6,8,2
42,1.8933750997430243,6,8,2
43,1.8933750997430243,6,8,2
44,1.8851499377815166,6,7,2
45,1.8851499377815166,6,7,2
46,1.8841250387642137,6,7,2
47,1.8841250387642137,6,7,2
48,1.880936390798142,8,8,1
49,1.8392797678511963,6,8,2
50,1.8100894975008281,6,8,2
51,1.787388637932116,6,8,2
52,1.7611596140792627,6,8,2
53,1.7611596140792627,6,8,2
54,1.7611596140792627,6,8,2
55,1.5609955308984436,6,7,2
56,1.5609955308984436,6,7,2
57,1.5609955308984436,6,7,2
58,1.5609955308984436,6,7,2
59,1.4701815341521223,6,7,2
