,mq,No. Clus,Max clus,Min clus
0,1.3696969696969696,3,6,3
1,1.3696969696969696,3,6,3
2,1.3696969696969696,3,6,3
3,1.3696969696969696,3,6,3
4,1.3696969696969696,3,6,3
5,1.3585858585858586,3,8,2
6,1.3585858585858586,3,8,2
7,1.287878787878788,3,6,2
8,1.287878787878788,3,6,2
9,1.287878787878788,3,6,2
10,1.287878787878788,3,6,2
11,1.247086247086247,3,6,3
12,1.247086247086247,3,6,3
13,1.247086247086247,3,6,3
14,1.247086247086247,3,6,3
15,1.247086247086247,3,6,3
16,1.247086247086247,3,6,3
17,1.145748987854251,3,7,2
18,1.145748987854251,3,7,2
19,1.145748987854251,3,7,2
20,1.1186221186221186,3,5,3
21,1.1186221186221186,3,5,3
22,1.1186221186221186,3,5,3
23,1.0675990675990676,3,6,2
24,1.0675990675990676,3,6,2
25,1.0675990675990676,3,6,2
26,1.0651629072681703,3,7,2
27,1.0651629072681703,3,7,2
