,mq,No. Clus,Max clus,Min clus
0,1.7743859649122806,5,6,2
1,1.7743859649122806,5,6,2
2,1.7743859649122806,5,6,2
3,1.7743859649122806,5,6,2
4,1.7743859649122806,5,6,2
5,1.7743859649122806,5,6,2
6,1.7743859649122806,5,6,2
7,1.7743859649122806,5,6,2
8,1.7743859649122806,5,6,2
9,1.7743859649122806,5,6,2
10,1.7743859649122806,5,6,2
11,1.7743859649122806,5,6,2
12,1.7743859649122806,5,6,2
13,1.7743859649122806,5,6,2
14,1.7743859649122806,5,6,2
15,1.7743859649122806,5,6,2
16,1.7743859649122806,5,6,2
17,1.7743859649122806,5,6,2
18,1.7743859649122806,5,6,2
19,1.7743859649122806,5,6,2
20,1.7743859649122806,5,6,2
21,1.7743859649122806,5,6,2
22,1.7377192982456138,5,7,2
23,1.7377192982456138,5,7,2
24,1.7377192982456138,5,7,2
25,1.7377192982456138,5,7,2
26,1.7377192982456138,5,7,2
27,1.6900762006025163,5,6,2
28,1.6900762006025163,5,6,2
29,1.676966610073571,5,5,2
30,1.676966610073571,5,5,2
31,1.676966610073571,5,5,2
32,1.675707286233602,5,6,2
33,1.6649122807017542,5,6,2
34,1.5999999999999999,5,6,2
35,1.5999999999999999,5,6,2
36,1.5999999999999999,5,6,2
37,1.5999999999999999,5,6,2
38,1.5999999999999999,5,6,2
39,1.5623116615067079,5,7,2
40,1.547623089983022,5,5,2
41,1.4662080961416823,5,6,2
