,mq,No. Clus,Max clus,Min clus
0,1.9760631525337407,4,6,3
1,1.9760631525337407,4,6,3
2,1.9760631525337407,4,6,3
3,1.9760631525337407,4,6,3
4,1.9760631525337407,4,6,3
5,1.9760631525337407,4,6,3
6,1.9760631525337407,4,6,3
7,1.9760631525337407,4,6,3
8,1.9760631525337407,4,6,3
9,1.9760631525337407,4,6,3
10,1.9760631525337407,4,6,3
11,1.9760631525337407,4,6,3
12,1.9760631525337407,4,6,3
13,1.9760631525337407,4,6,3
14,1.9760631525337407,4,6,3
15,1.9760631525337407,4,6,3
16,1.9760631525337407,4,6,3
17,1.9760631525337407,4,6,3
18,1.9760631525337407,4,6,3
19,1.9760631525337407,4,6,3
20,1.9760631525337407,4,6,3
21,1.9760631525337407,4,6,3
22,1.9760631525337407,4,6,3
23,1.9760631525337407,4,6,3
24,1.9760631525337407,4,6,3
25,1.9760631525337407,4,6,3
26,1.9760631525337407,4,6,3
27,1.9760631525337407,4,6,3
28,1.9760631525337407,4,6,3
29,1.9760631525337407,4,6,3
30,1.9760631525337407,4,6,3
31,1.9760631525337407,4,6,3
32,1.9760631525337407,4,6,3
33,1.9760631525337407,4,6,3
34,1.9760631525337407,4,6,3
35,1.9760631525337407,4,6,3
36,1.9760631525337407,4,6,3
37,1.9760631525337407,4,6,3
38,1.9760631525337407,4,6,3
39,1.9760631525337407,4,6,3
40,1.9760631525337407,4,6,3
41,1.9760631525337407,4,6,3
