,mq,No. Clus,Max clus,Min clus
0,1.6601319217418289,4,14,2
1,1.652052757020232,4,12,4
2,1.652052757020232,4,12,4
3,1.652052757020232,4,12,4
4,1.652052757020232,4,12,4
5,1.652052757020232,4,12,4
6,1.652052757020232,4,12,4
7,1.652052757020232,4,12,4
8,1.652052757020232,4,12,4
9,1.652052757020232,4,12,4
10,1.652052757020232,4,12,4
11,1.652052757020232,4,12,4
12,1.652052757020232,4,12,4
13,1.652052757020232,4,12,4
14,1.6021080368906457,4,13,4
15,1.6021080368906457,4,13,4
16,1.6021080368906457,4,13,4
17,1.6021080368906457,4,13,4
18,1.6021080368906457,4,13,4
19,1.6000438327342859,4,11,4
20,1.6002563803248637,4,13,4
21,1.6002563803248637,4,13,4
22,1.6000438327342859,4,11,4
23,1.6000438327342859,4,11,4
24,1.6000438327342859,4,11,4
25,1.5971202710333146,4,12,4
26,1.5971202710333146,4,12,4
27,1.5971202710333146,4,12,4
28,1.5971202710333146,4,12,4
29,1.5971202710333146,4,12,4
30,1.5699670529425132,4,13,3
31,1.5699670529425132,4,13,3
32,1.5638528138528138,4,12,3
33,1.5588673621460507,4,12,3
34,1.5588673621460507,4,12,3
35,1.5457806458030263,4,11,4
36,1.5115197808128191,4,11,4
37,1.5114712267030148,4,12,4
38,1.5114712267030148,4,12,4
39,1.5072463768115942,4,13,4
40,1.5060331825037707,4,13,4
41,1.5060331825037707,4,13,4
42,1.5014916424152909,4,11,4
43,1.5009572231114459,4,11,4
44,1.5009572231114459,4,11,4
45,1.5009572231114459,4,11,4
46,1.5009572231114459,4,11,4
47,1.5009572231114459,4,11,4
48,1.4974920200638395,4,12,4
49,1.4944346447835979,4,12,4
50,1.4944346447835979,4,12,4
51,1.4771591308501337,4,10,4
52,1.4490833352494386,4,11,4
53,1.422872421695951,4,12,4
54,1.352456797424272,4,12,3
55,1.2975243114373547,4,12,3
56,1.2553236271584538,4,12,4
57,1.2455592469545957,4,12,4
58,1.2244038641097466,4,11,3
59,1.1927230328869673,4,12,3
