,mq,No. Clus,Max clus,Min clus
0,1.7111098130588385,4,14,3
1,1.1950476424160636,4,14,3
2,1.1782822874277146,3,13,4
3,1.1782822874277146,3,13,4
4,1.1782822874277146,3,13,4
5,1.1782822874277146,3,13,4
6,1.1782822874277146,3,13,4
7,1.1782822874277146,3,13,4
8,1.1782822874277146,3,13,4
9,1.1782822874277146,3,13,4
10,1.1782822874277146,3,13,4
11,1.1782822874277146,3,13,4
12,1.1782822874277146,3,13,4
13,1.1782822874277146,3,13,4
14,1.1782822874277146,3,13,4
15,1.1782822874277146,3,13,4
16,1.1782822874277146,3,13,4
17,1.1782822874277146,3,13,4
18,1.1782822874277146,3,13,4
19,1.1782822874277146,3,13,4
20,1.1782822874277146,3,13,4
21,1.1782822874277146,3,13,4
22,1.1782822874277146,3,13,4
23,1.1782822874277146,3,13,4
24,1.1782822874277146,3,13,4
25,1.1782822874277146,3,13,4
26,1.170500583077787,3,13,4
27,1.170500583077787,3,13,4
28,1.170500583077787,3,13,4
29,1.170500583077787,3,13,4
30,1.170500583077787,3,13,4
31,1.170500583077787,3,13,4
32,1.170500583077787,3,13,4
33,1.170500583077787,3,13,4
34,1.170500583077787,3,13,4
35,1.170500583077787,3,13,4
36,1.170500583077787,3,13,4
37,1.170500583077787,3,13,4
38,1.170500583077787,3,13,4
39,1.170500583077787,3,13,4
40,1.170500583077787,3,13,4
41,1.170500583077787,3,13,4
42,1.170500583077787,3,13,4
43,1.170500583077787,3,13,4
44,1.170500583077787,3,13,4
45,1.170500583077787,3,13,4
46,1.170500583077787,3,13,4
47,1.170500583077787,3,13,4
48,1.170500583077787,3,13,4
49,1.170500583077787,3,13,4
50,1.170500583077787,3,13,4
51,1.170500583077787,3,13,4
52,1.1289951050964584,3,13,4
53,1.1007829546913104,3,13,4
54,1.0999368019828377,3,13,4
55,1.0930485803788972,3,13,4
56,1.0864232884693243,3,13,4
57,1.078762866093183,3,13,4
58,1.0181820184132857,3,13,4
59,1.0101010101010102,4,14,3
