,mq,No. Clus,Max clus,Min clus
0,2.073950435655613,8,5,2
1,2.0289948853401016,8,4,2
2,2.0046546048871923,5,11,2
3,1.9070799184030016,9,4,2
4,1.8881261710009785,9,4,2
5,1.8188179751478986,8,4,2
6,1.7747635933806145,9,4,2
7,1.7420026901734218,8,4,2
8,1.7083173645044871,6,8,2
9,1.7053153486080315,8,4,2
10,1.6813186813186811,8,4,2
11,1.659395680947405,10,3,2
12,1.6518531027526528,9,3,2
13,1.6020092780660669,8,5,1
14,1.5996753246753248,8,4,2
15,1.5807210920441754,10,5,2
16,1.5730676328502415,9,4,2
17,1.529055493620711,10,4,2
18,1.5250878348704435,10,4,2
19,1.5186423054070115,8,4,2
20,1.500304771856496,9,4,2
21,1.4933603274120515,9,4,2
22,1.4921201814058955,6,9,2
23,1.4794293509810752,10,3,2
24,1.4701635924462009,9,4,2
25,1.4622305027547995,10,5,2
26,1.4602560581377055,10,3,2
27,1.4480068309601712,8,5,2
28,1.4043880837359097,11,4,2
29,1.3849682740087486,10,3,2
30,1.3849682740087486,10,3,2
31,1.366586028350734,9,4,2
32,1.357375478927203,10,3,2
33,1.3272354835654068,11,4,2
34,1.306400966183575,9,4,2
35,1.2969981395856693,6,8,2
36,1.2861220904699164,8,4,2
37,1.2869943049324786,6,8,2
38,1.2800186247860665,5,8,2
39,1.2781807874665017,6,9,2
40,1.2641215106732349,11,3,1
41,1.2687191035125953,4,11,2
42,1.262461572244181,9,4,2
43,1.2377214170692432,11,4,2
44,1.1845238095238095,10,3,2
45,1.1689162286988373,10,5,1
46,1.1144758394758396,7,7,2
47,1.0429334877009295,7,8,1
48,1.0398936170212765,3,21,1
49,1.0398936170212765,3,21,1
