,mq,No. Clus,Max clus,Min clus
0,1.2380952380952381,3,5,4
1,1.2380952380952381,3,5,4
2,1.2380952380952381,3,5,4
3,1.2380952380952381,3,5,4
4,1.2380952380952381,3,5,4
5,1.2380952380952381,3,5,4
6,1.2380952380952381,3,5,4
7,1.2380952380952381,3,5,4
8,1.2380952380952381,3,5,4
9,1.2380952380952381,3,5,4
10,1.2380952380952381,3,5,4
11,1.1166666666666667,3,6,3
12,1.1166666666666667,3,6,3
13,1.1166666666666667,3,6,3
14,1.0857142857142856,3,5,3
15,1.038095238095238,3,5,3
16,1.038095238095238,3,5,3
17,1.038095238095238,3,5,3
18,1.0289855072463767,3,5,4
19,1.0289855072463767,3,5,4
20,1.0133333333333332,3,6,2
21,1.0,3,6,2
22,0.9824561403508771,3,6,3
23,0.9824561403508771,3,6,3
24,0.9824561403508771,3,6,3
25,0.9824561403508771,3,6,3
26,0.9761904761904762,3,7,2
27,0.8657748049052397,3,6,3
