,mq,No. Clus,Max clus,Min clus
0,2.2832674571805005,6,4,2
1,2.1683684672815104,6,4,3
2,2.084916098100682,6,4,2
3,2.0826648841354722,6,6,2
4,2.046398770311814,8,4,2
5,2.0219102792632206,7,4,2
6,2.007708665603402,7,3,2
7,1.9897470950102527,6,5,2
8,1.9568170391699802,6,4,2
9,1.9543512043512044,8,3,2
10,1.9549910873440284,7,4,1
11,1.9462481962481961,6,4,2
12,1.9290595025889146,7,4,2
13,1.885708898944193,7,4,2
14,1.876864056659453,7,5,1
15,1.8313492063492065,7,4,2
16,1.8316239316239318,7,5,2
17,1.8279400338223868,7,4,2
18,1.8124472276949057,7,4,1
19,1.813382695735637,6,5,1
20,1.8056126879656293,7,4,2
21,1.8027544351073763,6,5,2
22,1.794528098320668,7,4,2
23,1.772613660848955,7,5,2
24,1.764803204458377,7,4,2
25,1.7587068160597574,8,4,2
26,1.74141299876594,6,5,2
27,1.7332961156490567,6,5,1
28,1.72344790759113,5,9,2
29,1.7078063241106718,4,8,3
30,1.6958438877943522,4,10,3
31,1.6855921855921856,8,4,2
32,1.6397383576176146,7,4,2
33,1.6330447330447329,9,4,1
34,1.6205128205128205,6,5,2
35,1.6022727272727273,8,4,2
36,1.553363145393506,4,11,2
37,1.5379359202888616,8,4,2
38,1.4934034919329038,8,4,2
39,1.4906882591093118,5,10,2
40,1.4874969474969473,8,6,1
41,1.4015352691074252,5,11,2
