,mq,No. Clus,Max clus,Min clus
0,2.1262689001819437,7,4,2
1,2.1262689001819437,7,4,2
2,2.1262689001819437,7,4,2
3,2.1262689001819437,7,4,2
4,2.1262689001819437,7,4,2
5,2.056305530218574,8,4,2
6,1.9912431416267733,7,6,2
7,1.9912431416267733,7,6,2
8,1.9866022866022865,9,4,2
9,1.9912431416267733,7,6,2
10,1.9866022866022865,9,4,2
11,1.9866022866022865,9,4,2
12,1.9866022866022865,9,4,2
13,1.9866022866022865,9,4,2
14,1.921539898010486,8,6,2
15,1.8717032967032967,9,3,2
16,1.8834276834276835,8,4,2
17,1.8172161172161174,10,2,2
18,1.8172161172161174,10,2,2
19,1.8172161172161174,10,2,2
20,1.8172161172161174,10,2,2
21,1.8172161172161174,10,2,2
22,1.8172161172161174,10,2,2
23,1.8172161172161174,10,2,2
24,1.8172161172161174,10,2,2
25,1.8417016806722688,5,6,2
26,1.8172161172161174,10,2,2
27,1.8368006993006993,7,6,2
28,1.8172161172161174,10,2,2
29,1.8172161172161174,10,2,2
30,1.8167032967032966,9,4,2
31,1.6905869843950339,8,4,2
32,1.714957264957265,7,8,2
33,1.6821958270487682,7,6,1
34,1.6323901376681964,5,8,2
35,1.6074783401732786,3,8,4
36,1.5212008150088647,9,3,2
37,1.4519936204146728,5,10,2
38,1.4519936204146728,5,10,2
39,1.3374517374517376,3,7,6
