,mq,No. Clus,Max clus,Min clus
0,2.0293338907469343,5,7,2
1,1.9128513394817743,6,5,2
2,1.90267094017094,6,5,2
3,1.8857927097057532,4,7,4
4,1.8773192387322821,7,5,2
5,1.827579365079365,7,5,2
6,1.7980921855921856,8,5,2
7,1.796079524340394,7,4,2
8,1.7855263094393532,7,5,2
9,1.7897546897546897,5,7,2
10,1.780904280904281,7,4,2
11,1.7808949220713925,7,4,2
12,1.776128762541806,6,5,2
13,1.7676157419489533,4,8,2
14,1.7531954823716838,7,4,2
15,1.744787587891036,8,4,2
16,1.7256854256854255,7,4,2
17,1.7146971386101821,7,5,2
18,1.7060508935508936,6,5,2
19,1.7060508935508936,6,5,2
20,1.700583566760037,6,5,2
21,1.6702517788724685,5,9,2
22,1.660467843001576,5,9,2
23,1.6377268929900508,7,4,2
24,1.6317523056653491,5,7,2
25,1.630861040068201,6,6,2
26,1.6257575757575757,7,4,2
27,1.620561821219716,6,7,2
28,1.6115181115181119,8,4,2
29,1.607522010153589,8,3,2
30,1.5933362933362933,7,5,2
31,1.5830409356725141,7,4,2
32,1.579866332497911,7,4,2
33,1.5644810744810744,8,4,2
34,1.5629056795131846,6,5,2
35,1.5381237120367555,7,4,2
36,1.5311612364243943,7,6,2
37,1.5040771864301274,6,6,2
38,1.4571923994712601,8,5,2
39,1.4471824471824473,8,4,2
40,1.4204583144881653,5,11,2
41,1.4047106338868351,8,4,2
