,mq,No. Clus,Max clus,Min clus
0,2.314461753080679,5,5,3
1,2.314461753080679,5,5,3
2,2.2447585094643916,6,5,2
3,2.0818181818181816,5,5,3
4,2.0425579322638145,5,7,3
5,2.0216450216450217,6,4,2
6,2.0055821371610847,4,9,3
7,1.9719696969696972,5,6,3
8,1.9221525600835947,6,5,1
9,1.9163254163254164,5,7,2
10,1.9133876074174583,4,10,3
11,1.9028622474577517,6,4,3
12,1.8787878787878787,5,5,3
13,1.8686729936729938,7,4,1
14,1.8523268398268398,5,5,3
15,1.8293380047943941,6,4,2
16,1.827219954967633,6,4,3
17,1.8052375256322624,6,4,3
18,1.7905242905242904,6,5,2
19,1.7679425837320573,4,9,3
20,1.7543664196140978,6,4,3
21,1.7496278575225943,5,7,3
22,1.7453794915095227,6,4,3
23,1.6993664196140976,6,4,2
24,1.7050342130987293,4,8,3
25,1.687447227694906,6,4,2
26,1.6990794016110473,3,13,3
27,1.6897199549676332,5,6,3
28,1.674122807017544,5,6,3
29,1.6677375256322624,7,4,2
30,1.6611587014063796,5,8,2
31,1.6365301365301361,6,4,2
32,1.6091643994120775,5,6,3
33,1.5707678286625655,6,5,2
34,1.5684308146107808,5,5,3
35,1.5227272727272727,3,10,5
36,1.5130718954248366,6,5,1
37,1.4888125830748782,3,9,4
38,1.4850453614281531,3,10,4
39,1.3913955609607784,7,5,1
40,1.3647005772005771,6,4,2
41,1.330952380952381,3,11,4
