,mq,No. Clus,Max clus,Min clus
0,2.1481525720656154,7,4,2
1,1.8837162837162837,5,6,2
2,1.8545687049523365,5,6,2
3,1.8545687049523365,5,6,2
4,1.8058885558885556,8,4,2
5,1.8053613053613053,5,5,2
6,1.7870617944147358,6,5,2
7,1.7870617944147358,6,5,2
8,1.7638028638028638,6,5,2
9,1.7507499746630182,7,4,2
10,1.7447019211725094,5,6,2
11,1.720847324130498,5,8,2
12,1.6996031746031748,7,3,2
13,1.6932251641553968,5,8,2
14,1.672771672771673,7,6,2
15,1.6627731092436973,4,8,3
16,1.6538461538461537,4,8,3
17,1.6374603174603175,7,4,2
18,1.6233488733488737,8,4,2
19,1.5815295815295816,6,4,2
20,1.5716209716209715,5,6,2
21,1.5764025448235974,4,10,2
22,1.5554101127630537,8,3,2
23,1.5472727272727274,5,5,2
24,1.515031265031265,7,4,2
25,1.4515321280027162,5,6,2
26,1.428500355366027,5,11,2
27,1.3736633736633737,7,4,2
28,1.3692285492285494,7,5,2
29,1.369047619047619,3,14,3
30,1.3531385281385282,7,5,2
31,1.3504784688995215,4,10,2
32,1.3322296124927704,8,3,2
33,1.3211233211233213,3,15,2
34,1.3047246870776283,8,4,2
35,1.3082706766917291,3,10,2
36,1.2928827444956479,8,5,2
37,1.285280242633184,8,3,2
38,1.2758785332314744,8,4,2
39,1.2281385281385282,8,4,2
40,1.1893939393939394,7,5,2
41,1.1166666666666667,3,15,2
