,mq,No. Clus,Max clus,Min clus
0,2.0338493631971892,6,4,3
1,2.0338493631971892,6,4,3
2,2.0338493631971892,6,4,3
3,2.0338493631971892,6,4,3
4,2.0338493631971892,6,4,3
5,2.0338493631971892,6,4,3
6,2.009090909090909,6,4,3
7,1.927651515151515,6,4,3
8,1.9096744758509465,6,4,3
9,1.9096744758509465,6,4,3
10,1.909090909090909,6,4,3
11,1.8881071924550183,5,5,3
12,1.875574304922131,6,5,2
13,1.8696969696969696,6,4,3
14,1.870376799724626,5,7,3
15,1.8456183456183457,5,7,3
16,1.8386866401572286,5,6,3
17,1.8219001811801,6,4,2
18,1.8021541324172903,6,5,3
19,1.769376456876457,6,5,2
20,1.7646464646464646,6,5,2
21,1.7499492731330877,5,6,3
22,1.7292557932263817,5,6,3
23,1.7091078855784736,4,8,3
24,1.7081900081900083,6,5,2
25,1.6982030834662412,7,4,2
26,1.6935388366422848,6,5,2
27,1.6888636363636365,5,5,3
28,1.6741626794258373,6,4,3
29,1.6687960687960688,6,5,2
30,1.6630515683147262,6,5,3
31,1.6508158508158508,7,4,2
32,1.6225950088019054,4,9,2
33,1.6127591706539075,7,3,2
34,1.5832541507598714,6,5,1
35,1.5464482284141727,8,4,1
36,1.524621212121212,4,11,2
37,1.5181405895691609,3,10,2
38,1.500891265597148,4,11,1
39,1.4627192982456139,4,11,2
40,1.3521927016645328,3,13,3
41,1.2963849016480595,3,14,3
