,mq,No. Clus,Max clus,Min clus
0,1.3721767363071709,4,4,3
1,1.3721767363071709,4,4,3
2,1.3551587301587302,4,4,3
3,1.3551587301587302,4,4,3
4,1.3114624505928854,3,6,3
5,1.2944444444444443,3,6,3
6,1.2944444444444443,3,6,3
7,1.2829365079365078,4,5,2
8,1.253129117259552,5,4,1
9,1.173160173160173,4,4,3
10,1.173160173160173,4,4,3
11,1.1557910120569965,4,4,2
12,1.1462450592885376,4,4,2
13,1.1398268398268399,6,3,1
14,1.1303706435552279,4,5,2
15,1.119047619047619,3,5,3
16,1.0571348156487477,3,8,2
17,1.0455917874396135,3,7,2
18,1.0524109014675052,3,10,1
19,1.03015873015873,4,6,1
20,1.0237481816429184,4,4,3
21,1.026776301918617,4,6,2
22,1.0238095238095237,5,5,1
23,1.0091185410334347,3,9,1
24,1.0048309178743962,3,9,2
25,0.9824561403508771,3,5,4
26,0.9777777777777777,3,6,2
27,0.9508196721311475,2,12,1
