,mq,No. Clus,Max clus,Min clus
0,1.5339193148523775,5,7,5
1,1.5339193148523775,5,7,5
2,1.5339193148523775,5,7,5
3,1.5339193148523775,5,7,5
4,1.5339193148523775,5,7,5
5,1.5339193148523775,5,7,5
6,1.5339193148523775,5,7,5
7,1.5339193148523775,5,7,5
8,1.5339193148523775,5,7,5
9,1.5339193148523775,5,7,5
10,1.5339193148523775,5,7,5
11,1.5339193148523775,5,7,5
12,1.5339193148523775,5,7,5
13,1.5339193148523775,5,7,5
14,1.5339193148523775,5,7,5
15,1.5339193148523775,5,7,5
16,1.5339193148523775,5,7,5
17,1.5339193148523775,5,7,5
18,1.5339193148523775,5,7,5
19,1.5339193148523775,5,7,5
20,1.5249481906583773,5,7,5
21,1.4975027746947838,5,7,5
22,1.4828811369509043,5,7,5
23,1.4828811369509043,5,7,5
24,1.4828811369509043,5,7,5
25,1.4828811369509043,5,7,5
26,1.4828811369509043,5,7,5
27,1.4828811369509043,5,7,5
28,1.4828811369509043,5,7,5
29,1.4828811369509043,5,7,5
30,1.4828811369509043,5,7,5
31,1.4828811369509043,5,7,5
32,1.4828811369509043,5,7,5
33,1.4828811369509043,5,7,5
34,1.4828811369509043,5,7,5
35,1.4828811369509043,5,7,5
36,1.4828811369509043,5,7,5
37,1.4828811369509043,5,7,5
38,1.4786045573704376,5,7,5
39,1.4786045573704376,5,7,5
40,1.4786045573704376,5,7,5
41,1.4786045573704376,5,7,5
42,1.4786045573704376,5,7,5
43,1.4786045573704376,5,7,5
44,1.4691454507198896,5,7,5
45,1.4691454507198896,5,7,5
46,1.4638852391279151,5,7,5
47,1.4590643274853803,5,7,5
48,1.4424100156494521,5,7,5
49,1.4424100156494521,5,7,5
50,1.4424100156494521,5,7,5
51,1.4424100156494521,5,7,5
52,1.4304584134755496,5,7,5
53,1.4205473078712516,5,7,5
54,1.384462115596289,5,7,5
55,1.36388053479439,5,7,5
56,1.3331415063809429,5,7,5
57,1.3331415063809429,5,7,5
58,1.3331415063809429,5,7,5
59,1.234465648020635,5,7,5
