,mq,No. Clus,Max clus,Min clus
0,2.089387227759321,6,8,2
1,1.9566319374874774,6,10,2
2,1.9268497183819764,6,8,2
3,1.8887527754412985,8,4,2
4,1.8833266216987148,8,4,2
5,1.876964726888544,9,4,2
6,1.7695098828819757,8,4,2
7,1.7276563589862821,10,3,2
8,1.7207891123213703,8,4,2
9,1.6912328412328415,11,3,2
10,1.6776563589862823,10,4,2
11,1.6658337497917708,10,3,2
12,1.6546456442108615,10,3,2
13,1.5690690369101161,10,4,2
14,1.5504842671579424,9,4,2
15,1.529033929033929,9,4,2
16,1.5182994361405155,9,3,2
17,1.5182994361405155,9,3,2
18,1.510134991464915,9,4,2
19,1.510134991464915,9,4,2
20,1.510134991464915,9,4,2
21,1.4777991956402752,11,3,2
22,1.4777991956402752,11,3,2
23,1.47352704954388,6,10,2
24,1.4611259754738015,10,4,2
25,1.4533271764314137,8,6,2
26,1.44017158832629,8,6,2
27,1.4341972420383216,9,6,2
28,1.4276563589862823,11,3,2
29,1.4114725093593554,11,4,2
30,1.4114725093593554,11,4,2
31,1.410730998137295,10,4,2
32,1.3575215848297049,9,3,2
33,1.3567227458531805,10,4,2
34,1.3567227458531805,10,4,2
35,1.3526560437729853,10,4,1
36,1.3329050946762024,8,4,2
37,1.3126798322450495,10,4,2
38,1.284279526903215,12,2,2
39,1.287777992018132,6,10,2
40,1.2650534390304211,7,10,2
41,1.2495277535600116,10,4,2
42,1.2251644064943297,8,7,2
43,1.182585609849942,4,11,2
44,1.1278942399172325,5,13,2
45,1.109096989966555,6,12,2
46,1.0982516678168852,4,16,2
47,1.0837289943985062,3,20,2
48,1.0450278262229429,9,6,2
49,1.0135711798755276,6,12,2
