,mq,No. Clus,Max clus,Min clus
0,1.9849026567148598,4,8,2
1,1.9849026567148598,4,8,2
2,1.9849026567148598,4,8,2
3,1.9849026567148598,4,8,2
4,1.9849026567148598,4,8,2
5,1.9849026567148598,4,8,2
6,1.9849026567148598,4,8,2
7,1.9849026567148598,4,8,2
8,1.9849026567148598,4,8,2
9,1.9849026567148598,4,8,2
10,1.9849026567148598,4,8,2
11,1.9849026567148598,4,8,2
12,1.9849026567148598,4,8,2
13,1.9849026567148598,4,8,2
14,1.9849026567148598,4,8,2
15,1.9849026567148598,4,8,2
16,1.9849026567148598,4,8,2
17,1.9849026567148598,4,8,2
18,1.9849026567148598,4,8,2
19,1.9849026567148598,4,8,2
20,1.9056586270871985,4,8,2
21,1.8903698603187093,4,7,2
22,1.8903698603187093,4,7,2
23,1.8903698603187093,4,7,2
24,1.8903698603187093,4,7,2
25,1.8903698603187093,4,7,2
26,1.8903698603187093,4,7,2
27,1.8903698603187093,4,7,2
28,1.8509049773755657,4,9,2
29,1.8509049773755657,4,9,2
30,1.8383553421368546,4,8,2
31,1.8383553421368546,4,8,2
32,1.8383553421368546,4,8,2
33,1.8383553421368546,4,8,2
34,1.82730364873222,4,8,2
35,1.82730364873222,4,8,2
36,1.7719604757717407,4,6,2
37,1.758695652173913,4,7,2
38,1.747584541062802,4,7,2
39,1.7371794871794872,4,9,2
40,1.7371794871794872,4,9,2
41,1.7371794871794872,4,9,2
