,mq,No. Clus,Max clus,Min clus
0,1.9053349600709848,6,7,2
1,1.796499954496849,6,7,2
2,1.7343053602644396,9,5,2
3,1.6837137296728089,9,3,2
4,1.67654286132547,8,5,2
5,1.65521207570897,7,5,2
6,1.6457506845655514,8,4,2
7,1.6067377481841938,10,4,2
8,1.6077475069264004,9,4,2
9,1.608642010163749,10,5,1
10,1.6047331528594149,9,3,2
11,1.5970960185541903,9,3,2
12,1.5978552887354582,8,4,2
13,1.591473707590649,9,4,2
14,1.5809313085392787,8,6,1
15,1.5485549622849395,7,6,2
16,1.5183361070660841,8,5,2
17,1.5120988228405108,9,5,2
18,1.4880147227973315,9,4,2
19,1.4606464655529132,10,4,2
20,1.4180458463578667,10,3,2
21,1.4180458463578667,10,3,2
22,1.4145758522996374,11,3,2
23,1.4079464966764736,9,4,2
24,1.4074044654245945,9,4,1
25,1.3615752581225726,10,4,2
26,1.3598528147592623,10,4,1
27,1.3033558087266526,10,4,1
28,1.2546344977335364,10,4,2
29,1.2301910964022633,9,4,2
30,1.2191510156983303,11,4,2
31,1.2103968069441216,11,4,2
32,1.2061835623541612,10,3,2
33,1.193939256353444,10,4,1
34,1.1641385989212074,7,6,2
35,1.156738439674263,11,4,1
36,1.1613941003600121,7,8,2
37,1.1359389233531112,7,7,2
38,1.103430922871986,7,6,2
39,1.088738755100311,10,3,1
40,1.0886273655152374,3,16,2
41,1.067555348885272,8,5,2
42,1.0561935991068794,7,8,2
43,1.0431411935468964,6,12,2
44,1.0383361070660844,7,8,2
45,1.0085587788035724,8,8,1
46,0.9915149262975349,3,20,2
47,0.9496345844171932,5,14,2
48,0.9157894736842105,3,22,1
49,0.8871857043212543,8,6,2
