,mq,No. Clus,Max clus,Min clus
0,1.9228998149616707,4,11,3
1,1.9228998149616707,4,11,3
2,1.9228998149616707,4,11,3
3,1.9228998149616707,4,11,3
4,1.9228998149616707,4,11,3
5,1.8901612540875163,4,11,3
6,1.8669449398284022,4,8,3
7,1.8669449398284022,4,8,3
8,1.8669449398284022,4,8,3
9,1.8669449398284022,4,8,3
10,1.8669449398284022,4,8,3
11,1.862463768115942,4,9,3
12,1.862463768115942,4,9,3
13,1.850556157457566,4,8,3
14,1.850556157457566,4,8,3
15,1.850556157457566,4,8,3
16,1.850556157457566,4,8,3
17,1.850556157457566,4,8,3
18,1.8416666666666668,4,9,3
19,1.8416666666666668,4,9,3
20,1.837316384180791,4,9,3
21,1.837316384180791,4,9,3
22,1.837316384180791,4,9,3
23,1.7939192020786185,4,11,3
24,1.7939192020786185,4,11,3
25,1.7939192020786185,4,11,3
26,1.7841754798276535,4,8,4
27,1.7724542124542126,4,7,4
28,1.7673913043478262,4,9,3
29,1.7633783783783783,4,8,4
30,1.763361344537815,4,11,2
31,1.763361344537815,4,11,2
32,1.7538461538461538,4,9,4
33,1.7506759906759908,4,9,4
34,1.7504245707589627,4,10,3
35,1.7311399711399709,4,8,4
36,1.725088660829175,4,9,4
37,1.7194921446839606,4,8,3
38,1.7194921446839606,4,8,3
39,1.7050174539348681,4,8,3
40,1.7057509157509156,4,9,3
41,1.7050174539348681,4,8,3
42,1.7050174539348681,4,8,3
43,1.7050174539348681,4,8,3
44,1.696116037126026,4,11,3
45,1.69364544236667,4,11,3
46,1.6835956460224515,4,12,2
47,1.6623125302370583,4,9,4
48,1.6507477567298106,4,9,2
49,1.4819724284199363,4,12,2
