,mq,No. Clus,Max clus,Min clus
0,2.133178330620786,7,4,1
1,1.885137085137085,8,4,2
2,1.8667398777692896,6,5,2
3,1.7556985462611596,7,5,2
4,1.7182905982905985,8,4,1
5,1.6911477411477414,8,4,1
6,1.6911477411477414,8,4,1
7,1.651781225310637,5,6,2
8,1.6313421492628057,7,6,1
9,1.6201128936423057,6,5,2
10,1.5781954887218044,4,10,2
11,1.5679262258209627,9,4,1
12,1.565175565175565,6,5,1
13,1.5497385620915032,8,4,2
14,1.452222222222222,7,5,1
15,1.4490817919610492,8,4,1
16,1.4472431077694234,5,10,1
17,1.4460784313725492,4,12,1
18,1.416798603499371,10,3,1
19,1.385673270657791,8,3,2
20,1.378282828282828,8,4,1
21,1.3777777777777778,8,5,1
22,1.3661408423018329,7,5,1
23,1.3507950478202195,7,5,1
24,1.3490683229813665,9,4,1
25,1.349810801513588,6,6,1
26,1.3413878403258488,7,6,1
27,1.3262032085561497,8,4,1
28,1.3125874125874124,8,4,1
29,1.2682724682724684,4,7,2
30,1.265183792815372,9,3,1
31,1.2537154348919055,9,3,1
32,1.2474196855775803,7,7,1
33,1.1890756302521006,8,4,1
34,1.1655844155844157,5,8,2
35,1.1751633986928103,3,14,2
36,1.1581291573701442,7,4,1
37,1.1467979291508703,7,6,1
38,1.142687747035573,6,9,1
39,1.001553795361845,9,3,1
40,0.9786941580756013,3,17,1
41,0.9142857142857143,3,18,1
