,mq,No. Clus,Max clus,Min clus
0,1.9259972763809081,4,6,4
1,1.9259972763809081,4,6,4
2,1.9259972763809081,4,6,4
3,1.9259972763809081,4,6,4
4,1.9259972763809081,4,6,4
5,1.824698575082207,4,7,3
6,1.824698575082207,4,7,3
7,1.824698575082207,4,7,3
8,1.794244970715559,4,6,3
9,1.7922072858836007,4,7,3
10,1.7922072858836007,4,7,3
11,1.7922072858836007,4,7,3
12,1.7922072858836007,4,7,3
13,1.7813488213876254,4,6,4
14,1.7813488213876254,4,6,4
15,1.7740429505135387,4,6,2
16,1.7455436720142603,4,8,3
17,1.7356875860712178,4,8,2
18,1.7356875860712178,4,8,2
19,1.7164074825332434,4,6,3
20,1.6769230769230767,4,7,3
21,1.6467105128362736,4,6,4
22,1.6398320845953558,4,7,3
23,1.6398320845953558,4,7,3
24,1.6348717352553668,4,6,4
25,1.6348717352553668,4,6,4
26,1.6348717352553668,4,6,4
27,1.6348717352553668,4,6,4
28,1.623749813404986,4,5,5
29,1.596061040824312,4,7,2
30,1.594028520499109,4,7,3
31,1.594028520499109,4,7,3
32,1.5865800865800865,4,6,4
33,1.5859477124183008,4,6,4
34,1.5803921568627453,4,7,3
35,1.5215647523831668,4,6,4
36,1.5215647523831668,4,6,4
37,1.5215647523831668,4,6,4
38,1.4942126838678562,4,6,4
39,1.4747107129525943,4,9,3
40,1.4330917874396136,4,7,4
41,1.3860582306830906,4,8,3
