,mq,No. Clus,Max clus,Min clus
0,1.3050699300699302,4,4,3
1,1.3050699300699302,4,4,3
2,1.3050699300699302,4,4,3
3,1.3012820512820513,4,4,2
4,1.3012820512820513,4,4,2
5,1.2287157287157287,5,4,2
6,1.2076118326118326,4,5,2
7,1.204059829059829,4,4,2
8,1.204059829059829,4,4,2
9,1.204059829059829,4,4,2
10,1.2035714285714285,3,5,3
11,1.1835458658988072,4,4,2
12,1.143859649122807,4,4,3
13,1.1514127764127764,3,7,3
14,1.143859649122807,4,4,3
15,1.1095238095238094,4,4,2
16,1.1095238095238094,4,4,2
17,1.1035714285714284,4,4,2
18,1.0953823953823953,6,3,2
19,1.1006778309409888,4,4,3
20,1.086732711732712,5,4,1
21,1.0901098901098902,3,6,2
22,1.068284936479129,3,7,3
23,1.0607142857142857,4,5,2
24,1.0095238095238095,5,5,2
25,0.9855263157894737,4,5,2
26,0.9607142857142856,4,5,2
27,0.9428571428571428,3,9,2
