,mq,No. Clus,Max clus,Min clus
0,2.0039396859588456,8,6,2
1,1.977736910401787,8,6,2
2,1.9610158562739022,8,6,2
3,1.9452980785498695,8,6,2
4,1.9358558311138774,8,6,2
5,1.9231545290867325,8,8,1
6,1.8944035770684535,8,8,1
7,1.876591678821773,8,6,2
8,1.876591678821773,8,6,2
9,1.876591678821773,8,6,2
10,1.876591678821773,8,6,2
11,1.859870624693888,8,6,2
12,1.859870624693888,8,6,2
13,1.859870624693888,8,6,2
14,1.8254787166433037,8,6,2
15,1.7968244920825382,8,6,2
16,1.7968244920825382,8,6,2
17,1.7959431747864085,8,6,2
18,1.7526815345623303,8,7,2
19,1.7420226246875012,8,6,2
20,1.7420226246875012,8,6,2
21,1.696319271321242,8,6,2
22,1.667869790841545,8,6,1
23,1.6527051491494007,8,7,2
24,1.647489380154257,8,6,2
25,1.6408773931074871,8,6,2
26,1.6408773931074871,8,6,2
27,1.6348932803488547,8,6,1
28,1.6123275873295582,8,6,2
29,1.6051405003985466,8,6,2
30,1.598667320560847,8,5,2
31,1.577616048202709,8,6,1
32,1.5753106962578922,8,6,2
33,1.5551915489144499,8,6,2
34,1.5551915489144499,8,6,2
35,1.5515599175693864,8,7,2
36,1.5476689036011069,8,8,1
37,1.5384536571765581,8,6,1
38,1.524414282245246,8,6,2
39,1.5199746752327212,8,6,1
40,1.5071418380740413,8,6,2
41,1.502483016691082,8,6,2
42,1.4485461038041498,8,6,2
43,1.443642388620666,8,6,2
44,1.4427145916902848,8,6,2
45,1.4434195911274954,8,7,1
46,1.433388180447004,8,9,1
47,1.4219803822972197,8,6,2
48,1.4219803822972197,8,6,2
49,1.4166377932478933,8,7,2
50,1.409429590017825,8,6,2
51,1.4005212322397163,8,6,2
52,1.3998025396002858,8,7,2
53,1.3998025396002858,8,7,2
54,1.3998025396002858,8,7,2
55,1.3880920143882634,8,7,2
56,1.3318407069696092,8,8,1
57,1.2281822184146023,8,7,1
58,1.179399753980109,8,7,2
59,1.052306510618449,8,6,1
