,mq,No. Clus,Max clus,Min clus
0,1.920563097033685,4,6,4
1,1.920563097033685,4,6,4
2,1.920563097033685,4,6,4
3,1.920563097033685,4,6,4
4,1.920563097033685,4,6,4
5,1.920563097033685,4,6,4
6,1.920563097033685,4,6,4
7,1.920563097033685,4,6,4
8,1.8416007338607958,4,6,4
9,1.8416007338607958,4,6,4
10,1.8416007338607958,4,6,4
11,1.8416007338607958,4,6,4
12,1.8333333333333333,4,6,4
13,1.7987196626902509,4,6,4
14,1.7987196626902509,4,6,4
15,1.7987196626902509,4,6,4
16,1.7987196626902509,4,6,4
17,1.7987196626902509,4,6,4
18,1.7987196626902509,4,6,4
19,1.7987196626902509,4,6,4
20,1.7987196626902509,4,6,4
21,1.7987196626902509,4,6,4
22,1.7987196626902509,4,6,4
23,1.7987196626902509,4,6,4
24,1.7881827060326048,4,6,4
25,1.7888888888888888,4,7,4
26,1.711489898989899,4,6,4
27,1.7110739750445632,4,6,4
28,1.7110739750445632,4,6,4
29,1.7110739750445632,4,6,4
30,1.7110739750445632,4,6,4
31,1.6977687626774847,4,6,3
32,1.6837254901960783,4,6,4
33,1.6837254901960783,4,6,4
34,1.6837254901960783,4,6,4
35,1.6702093397745572,4,7,4
36,1.6702093397745572,4,7,4
37,1.6702093397745572,4,7,4
38,1.6670454545454545,4,7,4
39,1.6278752436647173,4,7,3
40,1.6201758834205189,4,6,3
41,1.617348484848485,4,5,5
