,mq,No. Clus,Max clus,Min clus
0,1.8148148148148149,6,9,3
1,1.6330730389830195,9,5,2
2,1.6330730389830195,9,5,2
3,1.5734113753295111,8,5,1
4,1.5519427529878032,7,7,3
5,1.5093524883042257,11,4,1
6,1.5023865512583179,5,14,3
7,1.4928449227605618,8,7,1
8,1.4876933657428477,10,4,2
9,1.4852439073303583,10,5,1
10,1.4731198315332457,8,5,3
11,1.4553697840330293,9,5,1
12,1.4600338444898031,6,13,2
13,1.448815335901787,10,5,1
14,1.442079007044911,10,4,2
15,1.4416666666666669,6,14,1
16,1.3976163734413423,9,5,1
17,1.3876129403440327,9,5,2
18,1.3803498256129836,8,5,2
19,1.3766088314585678,9,5,2
20,1.3736235502158423,8,5,1
21,1.3626018455322968,10,5,1
22,1.3617703043779255,8,4,2
23,1.343651374373465,9,5,2
24,1.343807821640334,8,5,2
25,1.3423066878827663,9,5,1
26,1.3294837747089376,8,5,2
27,1.3222687400318978,9,5,2
28,1.3210649186360761,9,5,2
29,1.2940160222918844,9,5,2
30,1.270579073391994,10,5,1
31,1.2671357280490407,7,6,2
32,1.244780597276731,9,4,2
33,1.2413886950612993,8,5,2
34,1.2309597854294823,10,5,2
35,1.1961538973396681,4,14,3
36,1.1939228534364497,8,6,1
37,1.192779831980393,4,15,3
38,1.1811050412397575,9,6,1
39,1.1822560667120252,7,13,1
40,1.1809745809745809,8,6,1
41,1.1728144513826941,4,15,3
42,1.1390114584819044,6,10,2
43,1.1357645150097981,6,10,3
44,1.0934042690520704,4,17,3
45,1.0817932557062993,4,19,1
46,1.0750850034805066,5,13,3
47,1.0611128173191307,8,6,2
48,1.0526559098954928,5,11,4
49,1.047070707070707,6,11,1
50,1.033659622732097,7,9,2
51,1.0079508000353483,10,4,1
52,0.9824220856249326,3,24,2
53,0.9613778775543482,6,13,2
54,0.9560513798758312,6,14,2
55,0.9422448979591838,3,19,4
56,0.939085914085914,5,13,3
57,0.9248784909136445,8,8,2
58,0.9236742698928075,7,15,1
59,0.8786055273509137,8,12,1
