,mq,No. Clus,Max clus,Min clus
0,2.127240584441151,7,8,2
1,2.127240584441151,7,8,2
2,1.9509807277385935,9,3,2
3,1.9509807277385935,9,3,2
4,1.9509807277385935,9,3,2
5,1.9509807277385935,9,3,2
6,1.9509807277385935,9,3,2
7,1.9509807277385935,9,3,2
8,1.9509807277385935,9,3,2
9,1.9509807277385935,9,3,2
10,1.9471288330879122,9,3,2
11,1.9422168119158545,9,3,2
12,1.9240593793724723,9,3,2
13,1.9196961208725911,8,4,2
14,1.8676473944052603,9,4,2
15,1.863346914523385,9,3,2
16,1.863346914523385,9,3,2
17,1.8504535914761633,9,3,2
18,1.8346803614382272,9,4,2
19,1.8365874056884044,8,4,2
20,1.8346803614382272,9,4,2
21,1.8330065359477123,9,4,2
22,1.7799762329174094,9,3,2
23,1.7530294542059246,9,3,2
24,1.7222117893473392,10,3,2
25,1.708547661488838,8,5,2
26,1.7009807277385935,9,4,2
27,1.6577777614542322,9,3,2
28,1.6577777614542322,9,3,2
29,1.6446778549841081,9,3,2
30,1.646767535098531,9,4,2
31,1.5871747951091317,10,3,2
32,1.6428218839983546,5,14,2
33,1.504786308462779,9,3,2
34,1.503608597285068,10,4,2
35,1.4600099029510796,9,4,2
36,1.4628854896433554,7,8,2
37,1.4363491900256606,10,3,2
38,1.4490001501766208,6,11,2
39,1.4380465721642193,9,5,2
40,1.3779930588587637,7,6,2
41,1.3588709512102124,5,11,2
42,1.3267880096158562,5,13,2
43,1.2833805501384161,7,8,2
44,1.1613163161862181,3,11,3
45,1.1354292766057472,8,6,2
46,1.0522785458269328,9,3,2
47,1.054786308462779,8,6,2
