,mq,No. Clus,Max clus,Min clus
0,2.0456228956228957,6,5,2
1,2.0456228956228957,6,5,2
2,1.8455874534821903,7,4,2
3,1.8267676767676768,8,3,2
4,1.8433589091483829,5,7,2
5,1.8267676767676768,8,3,2
6,1.8267676767676768,8,3,2
7,1.7503108003108,7,5,2
8,1.7343156843156842,7,5,2
9,1.725924075924076,6,6,2
10,1.6859751359751358,8,3,2
11,1.6859751359751358,8,3,2
12,1.6782024282024284,5,7,2
13,1.64005439005439,6,7,2
14,1.6202798543224075,3,8,5
15,1.5860943404421664,8,3,2
16,1.6202798543224075,3,8,5
17,1.6251253989968082,3,8,4
18,1.585512440775599,8,3,2
19,1.5831814384445964,8,3,2
20,1.5676490176490174,8,3,2
21,1.5572832396361809,7,5,2
22,1.5572832396361809,7,5,2
23,1.5155471979001391,6,4,3
24,1.5271714348024346,5,8,2
25,1.501928093892019,6,5,2
26,1.5231829573934836,4,10,2
27,1.4856316452426295,8,3,2
28,1.4733704547946032,7,4,2
29,1.4496424628003575,8,4,1
30,1.4181020733652312,7,3,2
31,1.4261843867981976,5,9,2
32,1.3977743271221532,8,3,2
33,1.4116785175608706,7,4,1
34,1.393445322793149,7,4,2
35,1.3482905982905984,5,7,2
36,1.303763440860215,4,11,2
37,1.2471489295018707,6,7,2
38,1.2104170339464457,7,4,2
39,1.1708115827834138,4,13,2
