,mq,No. Clus,Max clus,Min clus
0,1.9261322789360174,4,10,3
1,1.9261322789360174,4,10,3
2,1.9261322789360174,4,10,3
3,1.9261322789360174,4,10,3
4,1.9261322789360174,4,10,3
5,1.9261322789360174,4,10,3
6,1.9261322789360174,4,10,3
7,1.9261322789360174,4,10,3
8,1.9261322789360174,4,10,3
9,1.9261322789360174,4,10,3
10,1.9261322789360174,4,10,3
11,1.9261322789360174,4,10,3
12,1.9261322789360174,4,10,3
13,1.9261322789360174,4,10,3
14,1.9261322789360174,4,10,3
15,1.9261322789360174,4,10,3
16,1.9261322789360174,4,10,3
17,1.9261322789360174,4,10,3
18,1.9261322789360174,4,10,3
19,1.9261322789360174,4,10,3
20,1.9261322789360174,4,10,3
21,1.9261322789360174,4,10,3
22,1.9261322789360174,4,10,3
23,1.9261322789360174,4,10,3
24,1.9261322789360174,4,10,3
25,1.9261322789360174,4,10,3
26,1.9261322789360174,4,10,3
27,1.9261322789360174,4,10,3
28,1.9261322789360174,4,10,3
29,1.9261322789360174,4,10,3
30,1.9261322789360174,4,10,3
31,1.9029515231466738,4,9,3
32,1.9029515231466738,4,9,3
33,1.9029515231466738,4,9,3
34,1.9029515231466738,4,9,3
35,1.8635167335618512,4,10,3
36,1.8635167335618512,4,10,3
37,1.835892731249661,4,10,3
38,1.8241396761133604,4,11,3
39,1.8241396761133604,4,11,3
40,1.8241396761133604,4,11,3
41,1.8241396761133604,4,11,3
42,1.8241396761133604,4,11,3
43,1.7931383498534135,4,11,3
44,1.75622009569378,4,11,3
45,1.75622009569378,4,11,3
46,1.5852975817183412,4,10,4
47,1.5288613109103322,4,10,4
48,1.4945812313281666,4,9,4
49,1.4748888450839959,4,9,2
