,mq,No. Clus,Max clus,Min clus
0,1.787194597384462,6,8,3
1,1.2748431185285547,6,8,3
2,1.2748021581091202,6,7,4
3,1.2557129683881831,7,7,3
4,1.2301291627762216,6,6,2
5,1.1732446758607749,5,10,3
6,1.1679549418564854,3,16,6
7,1.1422509688768965,4,16,3
8,1.1236323298029287,8,7,1
9,1.1213985062345717,8,6,2
10,1.1066940728081534,5,7,4
11,1.1031025673477615,4,12,5
12,1.1022449362340585,5,10,3
13,1.0957623994086578,4,10,6
14,1.0815752461322081,4,13,4
15,1.0798736272948277,3,16,6
16,1.0709277224062137,5,10,3
17,1.0691139334521687,7,6,3
18,1.06630900939858,7,7,3
19,1.053600816891835,6,7,3
20,1.0498976412995105,4,8,6
21,1.051324200913242,4,14,4
22,1.0446504260347758,6,7,2
23,1.0352117088199164,5,13,1
24,1.0339702740034353,5,8,3
25,1.0286006492696607,5,8,3
26,1.0256236864228667,4,11,5
27,1.019618441971383,4,14,4
28,1.0151836768641709,6,7,2
29,1.0236641645815958,3,20,3
30,1.0123212012573715,7,7,1
31,1.017018604100012,4,14,4
32,0.9912769353680546,5,9,3
33,0.9841629185407297,6,7,2
34,0.9863843462156162,5,17,3
35,0.9805194805194805,3,26,1
36,0.9666913665576438,6,7,2
37,0.9710144927536231,3,19,1
38,0.958841139546113,6,7,2
39,0.9650849599308349,3,18,5
40,0.9564523705597472,6,6,3
41,0.9273622077613526,8,7,2
42,0.925439251090438,7,7,3
43,0.9248008270996777,5,13,2
44,0.9226472198074632,5,10,3
45,0.9231186391915704,4,15,4
46,0.9121359568217532,6,10,2
47,0.9116645539037365,5,8,3
48,0.920919170989054,3,21,4
49,0.9116497951965932,5,10,4
50,0.8976127354441247,7,5,3
51,0.9006741357020263,5,10,4
52,0.8911992564058914,7,6,3
53,0.888598637210845,7,5,3
54,0.883651913506067,6,7,3
55,0.882971160295104,6,7,3
56,0.8293003136404444,5,11,3
57,0.8244893141992937,5,13,2
58,0.7530286010999608,7,6,2
59,0.6830787993803822,9,5,2
