,mq,No. Clus,Max clus,Min clus
0,2.0454018361988004,8,4,2
1,2.0454018361988004,8,4,2
2,2.0216207926809147,9,4,2
3,2.010574860574861,8,4,2
4,2.010433101230065,9,4,2
5,1.9318935474775296,9,4,2
6,1.9207030712870534,9,3,2
7,1.8443690234012813,8,4,2
8,1.8352201100027188,10,4,2
9,1.8159403401217977,9,3,2
10,1.7718935474775297,10,3,2
11,1.6517556517556518,10,4,2
12,1.6468105968105968,9,4,2
13,1.6463045239361027,9,4,2
14,1.6328221989391405,8,4,2
15,1.6128587468246587,11,3,2
16,1.601398300577194,10,4,2
17,1.5415510163793915,9,4,2
18,1.5355017068818062,10,3,2
19,1.5296645544471632,11,4,2
20,1.5296645544471632,11,4,2
21,1.503895724158882,10,4,2
22,1.4927080327080327,10,4,2
23,1.4768074115900203,9,5,2
24,1.4582208895552224,10,3,2
25,1.4298781554621376,9,4,2
26,1.429136604136604,8,6,2
27,1.4116682706341823,9,5,2
28,1.3979666227492316,10,4,2
29,1.4014061214872575,7,7,2
30,1.369664554447163,12,2,2
31,1.369664554447163,12,2,2
32,1.369664554447163,12,2,2
33,1.3340454187262698,9,4,2
34,1.3145262145262144,10,4,2
35,1.2713045239361027,10,4,2
36,1.262072285669761,11,3,1
37,1.2565175565175564,7,10,2
38,1.1939474839932505,8,5,2
39,1.1691225441225441,5,13,2
40,1.1515880318511897,8,8,2
41,1.1233780216338356,6,12,2
42,1.107692963389166,5,11,2
43,1.0952295352753019,8,6,2
44,1.0744071409539035,3,18,2
45,1.046835422794502,7,10,2
46,1.0436729449887343,7,9,2
47,1.0181449259119162,7,13,1
48,1.0142090378065132,8,8,2
49,1.010690195472804,9,8,2
