,mq,No. Clus,Max clus,Min clus
0,2.0732502791326324,7,4,2
1,2.0732502791326324,7,4,2
2,1.9716553828008938,7,3,2
3,1.9716553828008938,7,3,2
4,1.8907733357861236,7,4,2
5,1.8491817779743478,7,3,2
6,1.8491817779743478,7,3,2
7,1.8491817779743478,7,3,2
8,1.7682060543515652,7,3,2
9,1.7444444444444445,5,6,2
10,1.7277957336780867,6,7,2
11,1.7234479075911302,5,9,2
12,1.6869681745842735,6,5,2
13,1.685714285714286,6,6,1
14,1.6703222703222704,5,5,3
15,1.6725289758121495,5,8,2
16,1.6136543195366726,8,3,2
17,1.5931584755114168,6,4,3
18,1.59204097714736,3,9,4
19,1.59204097714736,3,9,4
20,1.59204097714736,3,9,4
21,1.501690331304936,3,8,6
22,1.5255611288443025,3,9,3
23,1.4303221288515409,8,3,2
24,1.4392989124696443,5,8,2
25,1.4152380952380952,7,4,2
26,1.4090146258140281,6,4,3
27,1.4010246948327443,5,7,2
28,1.4067072455819258,5,9,2
29,1.3273809523809526,5,9,2
30,1.3057644110275688,8,3,2
31,1.272425430320167,7,4,2
32,1.2594440647072225,7,4,2
33,1.1951084003715582,7,4,2
34,1.215623729555618,4,11,3
35,1.10057661636609,8,3,2
36,1.0805824439480434,3,14,3
37,1.0805824439480434,3,14,3
38,0.9948412698412699,5,12,1
39,0.9908722109533469,3,13,3
