,mq,No. Clus,Max clus,Min clus
0,2.0284086629001883,6,6,2
1,2.0284086629001883,6,6,2
2,2.022289781781307,6,6,2
3,2.022289781781307,6,6,2
4,2.022289781781307,6,6,2
5,2.0164493015068645,6,6,2
6,2.0164493015068645,6,6,2
7,2.0145197740112994,6,7,2
8,1.9497509578544059,6,6,2
9,1.9497509578544059,6,6,2
10,1.943632076735525,6,6,2
11,1.943632076735525,6,6,2
12,1.943632076735525,6,6,2
13,1.943632076735525,6,6,2
14,1.9382813946015645,6,7,2
15,1.9382813946015645,6,7,2
16,1.9230406386066763,6,6,2
17,1.9230406386066763,6,6,2
18,1.9211111111111112,6,7,2
19,1.9204919962335216,6,6,2
20,1.8982366318236068,6,6,2
21,1.8735459605906775,6,6,2
22,1.8735459605906775,6,6,2
23,1.8650105239836048,6,7,2
24,1.8576480990274093,6,6,2
25,1.8548057217237177,6,6,2
26,1.8508454106280192,6,6,2
27,1.8447265295091382,6,6,2
28,1.8388164585282514,6,6,2
29,1.838542907041359,6,7,2
30,1.830899713050743,6,7,2
31,1.8283945157010173,6,7,2
32,1.8062435500515996,6,7,2
33,1.7948882555448953,6,6,2
34,1.7847398642045533,6,6,2
35,1.7827742433005591,6,7,2
36,1.7787473898075512,6,6,2
37,1.7704991087344029,6,7,2
38,1.7576653738418444,6,8,2
39,1.7553332909074195,6,6,2
40,1.7504615477739778,6,7,2
41,1.7498899795582017,6,6,2
42,1.746763089440435,6,7,2
43,1.7394354293441516,6,6,2
44,1.6919945725915873,6,6,2
45,1.6580775788576299,6,8,2
46,1.6066811510352816,6,6,2
47,1.6028506375227687,6,7,2
48,1.472678606446187,6,7,2
49,1.402484151555359,6,8,2
