,mq,No. Clus,Max clus,Min clus
0,2.065072609539823,6,7,2
1,1.9588431013431016,7,5,2
2,1.9376546463346125,8,5,2
3,1.852811336397435,8,4,2
4,1.7220166997284712,9,3,2
5,1.7004513574281017,8,4,2
6,1.6918867766693855,7,5,2
7,1.673318437834567,9,4,2
8,1.6659959660761587,8,3,3
9,1.6659959660761587,8,3,3
10,1.600236263416015,9,4,2
11,1.5539746892258455,10,3,2
12,1.5539746892258455,10,3,2
13,1.527657698837665,10,3,2
14,1.4998316498316497,8,5,2
15,1.4978195469713822,9,4,1
16,1.4914750340282255,8,4,2
17,1.4503348424825504,10,3,2
18,1.4685256410256413,7,5,2
19,1.450138641315112,9,3,2
20,1.393095785243493,11,3,2
21,1.374154447702835,6,7,3
22,1.3112535612535612,10,3,2
23,1.2661546307629539,9,4,2
24,1.2455069472903615,10,3,2
25,1.2379995097588627,9,4,2
26,1.2425708502024293,6,11,2
27,1.1866268693355981,8,5,2
28,1.1894277108433735,5,11,2
29,1.1109910321709981,10,3,2
30,1.1243027015178915,3,11,3
31,1.1109910321709981,10,3,2
32,1.1082868908790242,6,11,2
33,1.1050435196518427,10,4,2
34,1.0718817204301074,9,4,2
35,1.08550241008528,3,17,3
36,1.0618118150276283,7,9,2
37,1.0420918866080158,8,4,2
38,1.0336681758158837,11,3,1
39,1.0459683714839716,6,9,2
40,1.0555601530030527,5,13,2
41,1.0574322346466833,4,17,2
42,1.039050805626342,7,9,2
43,0.9974747627761552,6,12,2
44,0.9239400933029911,7,10,2
45,0.8811369509043928,7,7,2
46,0.8840668511906019,5,13,2
47,0.8390627007756261,10,4,1
