,mq,No. Clus,Max clus,Min clus
0,2.026918250831294,7,6,2
1,2.026918250831294,7,6,2
2,1.9911710427929004,8,4,2
3,1.9051964355587026,8,4,2
4,1.8133502729154902,10,3,2
5,1.795091313618244,7,6,2
6,1.7269687012334072,7,5,2
7,1.7221641261963843,8,3,3
8,1.7221641261963843,8,3,3
9,1.7132804571103804,9,3,2
10,1.7129345307967976,9,3,2
11,1.7103968253968254,9,3,2
12,1.7103968253968254,9,3,2
13,1.6746238218046727,9,4,2
14,1.6919987572493786,6,9,2
15,1.6652526395173455,8,4,2
16,1.6551964355587026,8,4,2
17,1.5874129544290834,9,3,2
18,1.5735078646843352,9,4,2
19,1.5735078646843352,9,4,2
20,1.494187935720194,8,4,2
21,1.4577396333210286,9,4,2
22,1.4523725536533885,8,4,2
23,1.3890379614163573,9,3,2
24,1.3755365202173713,9,4,2
25,1.358420120184826,10,3,2
26,1.3203972656059944,8,4,2
27,1.3007568880394969,10,4,2
28,1.2813964610234339,10,3,2
29,1.2697891461040127,9,4,2
30,1.2345729114351416,8,5,2
31,1.2253103378103378,8,4,2
32,1.2137619193421396,6,9,2
33,1.18857492128365,9,4,2
34,1.1769200649656058,9,3,2
35,1.162463712485422,8,5,2
36,1.0883528784648187,4,15,2
37,1.0867991394329761,6,7,2
38,1.0845893970893972,3,18,3
39,1.0807036934696508,6,11,2
40,1.0804136231782757,6,9,3
41,1.0279133180252584,4,15,3
42,1.0068071240892105,6,11,2
43,0.9855493599308882,4,13,2
44,0.9172285461842424,6,10,2
45,0.9097211397743312,7,7,2
46,0.9117718446601941,6,12,2
47,0.8541666666666666,3,20,2
