,mq,No. Clus,Max clus,Min clus
0,2.0458818958818963,6,4,2
1,2.0458818958818963,6,4,2
2,2.0458818958818963,6,4,2
3,2.0458818958818963,6,4,2
4,2.0458818958818963,6,4,2
5,2.0458818958818963,6,4,2
6,2.0458818958818963,6,4,2
7,2.0458818958818963,6,4,2
8,2.0458818958818963,6,4,2
9,2.0458818958818963,6,4,2
10,1.8645021645021647,6,5,2
11,1.8592074592074592,6,4,2
12,1.8592074592074592,6,4,2
13,1.8219038208168643,6,5,2
14,1.8102755371936958,6,5,2
15,1.7777056277056278,6,4,2
16,1.7502872794634807,6,5,2
17,1.7502872794634807,6,5,2
18,1.7502872794634807,6,5,2
19,1.7402867852051156,6,5,2
20,1.6963869463869463,6,4,2
21,1.6963869463869463,6,4,2
22,1.6963869463869463,6,4,2
23,1.6963869463869463,6,4,2
24,1.6679413179413178,6,5,2
25,1.6679413179413178,6,5,2
26,1.6151838901838902,6,5,2
27,1.6146853146853146,6,5,2
28,1.5918994688176273,6,5,2
29,1.587889693152851,6,5,2
30,1.5815517815517814,6,5,2
31,1.5815517815517814,6,5,2
32,1.5596530920060332,6,5,2
33,1.516311385876603,6,5,2
34,1.508371950388442,6,5,2
35,1.508371950388442,6,5,2
36,1.5058534058534057,6,5,2
37,1.4607805876987463,6,5,2
38,1.4493589743589743,6,5,2
39,1.441958041958042,6,5,2
40,1.3881497812532295,6,5,2
41,1.3475616921269096,6,7,2
