,mq,No. Clus,Max clus,Min clus
0,1.7583887657058388,3,7,6
1,1.7583887657058388,3,7,6
2,1.7583887657058388,3,7,6
3,1.7583887657058388,3,7,6
4,1.7583887657058388,3,7,6
5,1.7583887657058388,3,7,6
6,1.7583887657058388,3,7,6
7,1.7583887657058388,3,7,6
8,1.7583887657058388,3,7,6
9,1.7583887657058388,3,7,6
10,1.7583887657058388,3,7,6
11,1.7583887657058388,3,7,6
12,1.7534957902154966,3,8,6
13,1.7534957902154966,3,8,6
14,1.7534957902154966,3,8,6
15,1.7534957902154966,3,8,6
16,1.7534957902154966,3,8,6
17,1.7534957902154966,3,8,6
18,1.7534957902154966,3,8,6
19,1.7118588157677719,3,8,5
20,1.7095991201122618,3,8,6
21,1.7095991201122618,3,8,6
22,1.7095991201122618,3,8,6
23,1.6726533628972653,3,7,6
24,1.6726533628972653,3,7,6
25,1.6726533628972653,3,7,6
26,1.6726533628972653,3,7,6
27,1.6726533628972653,3,7,6
28,1.6726533628972653,3,7,6
29,1.6726533628972653,3,7,6
30,1.6726533628972653,3,7,6
31,1.6726533628972653,3,7,6
32,1.6589635854341735,3,9,5
33,1.6521459633200983,3,8,5
34,1.6521459633200983,3,8,5
35,1.647684214398705,3,7,6
36,1.647684214398705,3,7,6
37,1.647684214398705,3,7,6
38,1.647684214398705,3,7,6
39,1.5805626598465472,3,8,6
40,1.5788819875776396,3,8,5
41,1.5788819875776396,3,8,5
