,mq,No. Clus,Max clus,Min clus
0,1.4024593763724198,5,4,2
1,1.3327561327561326,6,3,2
2,1.3327561327561326,6,3,2
3,1.3327561327561326,6,3,2
4,1.3327561327561326,6,3,2
5,1.3327561327561326,6,3,2
6,1.3327561327561326,6,3,2
7,1.3287157287157285,5,4,2
8,1.328080808080808,5,4,2
9,1.328080808080808,5,4,2
10,1.328080808080808,5,4,2
11,1.2287157287157287,5,3,2
12,1.2630616509926855,3,5,3
13,1.2088376020264566,3,6,3
14,1.1735480943738656,3,5,4
15,1.137973137973138,4,5,2
16,1.1191919191919193,5,3,2
17,1.1255411255411256,3,5,3
18,1.1173856209150326,5,4,2
19,1.1173856209150326,5,4,2
20,0.9826839826839826,5,3,2
21,0.9826839826839826,5,3,2
22,0.9826839826839826,5,3,2
23,0.9638888888888889,5,4,2
24,0.9046783625730994,5,4,2
25,0.9062271062271062,3,7,3
