,mq,No. Clus,Max clus,Min clus
0,1.9054154459397425,8,7,2
1,1.7131251853792837,10,6,2
2,1.707797536632123,11,4,2
3,1.5627684161488014,9,5,2
4,1.5558911023898818,10,5,2
5,1.5393841025082615,12,4,2
6,1.5387771315411896,11,4,2
7,1.5369650622282198,12,4,1
8,1.5231958990481922,12,4,2
9,1.5231958990481922,12,4,2
10,1.5231958990481922,12,4,2
11,1.5231958990481922,12,4,2
12,1.5067136340620886,10,5,2
13,1.4881761174631545,11,5,2
14,1.4881761174631545,11,5,2
15,1.4780496651807282,10,5,2
16,1.4423951492620808,11,5,2
17,1.4175068530387631,9,5,2
18,1.4175068530387631,9,5,2
19,1.4126569954056394,10,5,2
20,1.406109901115666,11,4,2
21,1.3831737081231301,10,5,2
22,1.3511523891514816,9,6,2
23,1.3377068415398874,12,4,1
24,1.276272790715284,9,5,2
25,1.2644350855116873,6,18,2
26,1.257264884156006,11,4,2
27,1.257264884156006,11,4,2
28,1.248603969594105,7,9,2
29,1.2451473234367971,11,6,2
30,1.2344918742459727,9,7,1
31,1.2176403434926368,12,4,2
32,1.2105970806028452,11,4,2
33,1.201378778687696,6,16,2
34,1.201378778687696,6,16,2
35,1.1847660703323686,5,18,2
36,1.1377250315330811,5,20,2
37,1.134060634773609,12,4,1
38,1.1318566184670042,9,8,1
39,1.1294674185463658,6,15,2
40,1.1118402701313954,3,18,4
41,1.1118402701313954,3,18,4
42,1.106514725622067,10,5,2
43,1.090316742081448,5,12,1
44,1.0793548387096774,5,11,1
45,1.0448292266120887,11,4,2
46,1.0321100637165053,9,7,1
47,1.0236957540528968,9,7,1
48,1.0110760426875967,8,10,2
49,0.998587812435456,9,9,1
50,0.9973566788034555,3,16,6
51,0.994078947368421,10,6,2
52,0.9871926010006505,11,7,1
53,0.983794823455481,4,22,2
54,0.970138735961242,3,23,2
55,0.965634689142196,9,6,2
56,0.9587424443461594,5,19,1
57,0.9428865182436611,10,4,2
58,0.8983037256353318,6,19,1
59,0.8739035087719298,7,13,1
