,mq,No. Clus,Max clus,Min clus
0,1.6122664554037103,3,15,3
1,1.6122664554037103,3,15,3
2,1.6122664554037103,3,15,3
3,1.6122664554037103,3,15,3
4,1.6122664554037103,3,15,3
5,1.6122664554037103,3,15,3
6,1.6122664554037103,3,15,3
7,1.6122664554037103,3,15,3
8,1.6122664554037103,3,15,3
9,1.6122664554037103,3,15,3
10,1.6122664554037103,3,15,3
11,1.6084848484848484,3,14,3
12,1.6084848484848484,3,14,3
13,1.6084848484848484,3,14,3
14,1.6084848484848484,3,14,3
15,1.6084848484848484,3,14,3
16,1.6084848484848484,3,14,3
17,1.6084848484848484,3,14,3
18,1.6084848484848484,3,14,3
19,1.6084848484848484,3,14,3
20,1.6084848484848484,3,14,3
21,1.6084848484848484,3,14,3
22,1.6084848484848484,3,14,3
23,1.6084848484848484,3,14,3
24,1.6084848484848484,3,14,3
25,1.6070905838347698,3,16,3
26,1.6070905838347698,3,16,3
27,1.6070905838347698,3,16,3
28,1.6070905838347698,3,16,3
29,1.6070905838347698,3,16,3
30,1.575084175084175,3,15,3
31,1.575084175084175,3,15,3
32,1.575084175084175,3,15,3
33,1.575084175084175,3,15,3
34,1.575084175084175,3,15,3
35,1.575084175084175,3,15,3
36,1.575084175084175,3,15,3
37,1.575084175084175,3,15,3
38,1.575084175084175,3,15,3
39,1.575084175084175,3,15,3
40,1.575084175084175,3,15,3
41,1.575084175084175,3,15,3
42,1.575084175084175,3,15,3
43,1.575084175084175,3,15,3
44,1.575084175084175,3,15,3
45,1.575084175084175,3,15,3
46,1.575084175084175,3,15,3
47,1.5627744348674582,3,14,3
48,1.5627744348674582,3,14,3
49,1.5627744348674582,3,14,3
50,1.5627744348674582,3,14,3
51,1.5627744348674582,3,14,3
52,1.5627744348674582,3,14,3
53,1.5138792206674854,3,16,3
54,1.3326797385620914,3,14,4
55,1.3326797385620914,3,14,4
56,1.3085939701324314,3,14,2
57,1.2968253968253969,3,15,4
58,1.2876778896216592,3,14,4
59,1.2795706819850559,3,13,4
