,mq,No. Clus,Max clus,Min clus
0,1.9802954292084727,6,5,2
1,1.9802954292084727,6,5,2
2,1.919797593710637,5,5,2
3,1.752903084710865,6,5,2
4,1.6991895701198025,4,8,2
5,1.675210650488709,5,8,2
6,1.625,4,11,2
7,1.5772200772200773,4,9,2
8,1.5713127452257887,7,4,2
9,1.5762458471760796,5,8,2
10,1.5612745098039216,8,3,2
11,1.5589656152316,7,4,2
12,1.5589656152316,7,4,2
13,1.5589656152316,7,4,2
14,1.5355984595115033,8,4,2
15,1.5218008255933955,8,3,2
16,1.5282987591171735,6,6,2
17,1.5095365418894833,7,4,2
18,1.5039682539682537,6,5,2
19,1.495981554677207,6,4,2
20,1.477170868347339,5,5,2
21,1.4602948525737132,7,5,1
22,1.4557271933432925,8,3,2
23,1.4509211718514043,5,8,2
24,1.447835497835498,5,7,2
25,1.4275252525252526,7,4,2
26,1.4275252525252526,7,4,2
27,1.4228545219257291,6,4,2
28,1.4195652173913045,6,7,1
29,1.3935672514619883,5,8,2
30,1.387163240582274,7,4,2
31,1.3837662337662338,7,4,2
32,1.3772946859903383,6,4,2
33,1.3772946859903383,6,4,2
34,1.357997936016512,6,6,2
35,1.3413390956869218,7,4,2
36,1.2953823953823955,8,4,2
37,1.3003310415075122,4,12,2
38,1.2703933747412008,7,6,2
39,1.2203703703703703,7,4,2
40,1.1931216931216932,3,14,2
41,1.1797682709447417,7,4,2
