,mq,No. Clus,Max clus,Min clus
0,1.3872850122850124,3,7,3
1,1.3872850122850124,3,7,3
2,1.3872850122850124,3,7,3
3,1.3872850122850124,3,7,3
4,1.3872850122850124,3,7,3
5,1.3872850122850124,3,7,3
6,1.3872850122850124,3,7,3
7,1.3078224101479914,3,8,2
8,1.3078224101479914,3,8,2
9,1.3078224101479914,3,8,2
10,1.3078224101479914,3,8,2
11,1.3078224101479914,3,8,2
12,1.3078224101479914,3,8,2
13,1.2722077922077921,3,6,3
14,1.2722077922077921,3,6,3
15,1.2722077922077921,3,6,3
16,1.2054668304668306,3,7,2
17,1.2054668304668306,3,7,2
18,1.2054668304668306,3,7,2
19,1.2054668304668306,3,7,2
20,1.2054668304668306,3,7,2
21,1.2054668304668306,3,7,2
22,1.1158695652173913,3,6,3
23,1.0971272229822162,3,8,2
24,1.0834312573443008,3,7,2
25,0.9583333333333333,3,9,2
26,0.9583333333333333,3,9,2
27,0.9583333333333333,3,9,2
