,mq,No. Clus,Max clus,Min clus
0,1.2476190476190476,3,7,3
1,1.2476190476190476,3,7,3
2,1.2476190476190476,3,7,3
3,1.2476190476190476,3,7,3
4,1.2476190476190476,3,7,3
5,1.2476190476190476,3,7,3
6,1.2476190476190476,3,7,3
7,1.2442002442002442,3,7,2
8,1.2442002442002442,3,7,2
9,1.2442002442002442,3,7,2
10,1.2442002442002442,3,7,2
11,1.188001188001188,3,6,3
12,1.188001188001188,3,6,3
13,1.1587301587301586,3,7,2
14,1.1587301587301586,3,7,2
15,1.1587301587301586,3,7,2
16,1.1587301587301586,3,7,2
17,1.1587301587301586,3,7,2
18,1.1587301587301586,3,7,2
19,1.1475357710651828,3,6,3
20,1.0514285714285714,3,6,2
21,1.0293772032902468,3,6,2
22,1.0293772032902468,3,6,2
23,1.0293772032902468,3,6,2
24,1.0279279279279279,3,6,2
25,1.0279279279279279,3,6,2
26,0.9573283858998145,3,8,2
27,0.9573283858998145,3,8,2
