,mq,No. Clus,Max clus,Min clus
0,1.4099511599511598,4,5,2
1,1.4059290382819793,5,4,2
2,1.311556743909685,6,3,2
3,1.311556743909685,6,3,2
4,1.3115384615384615,4,5,2
5,1.3115384615384615,4,5,2
6,1.3115384615384615,3,6,2
7,1.2635642135642136,5,4,2
8,1.2408496732026142,5,3,2
9,1.238888888888889,4,6,2
10,1.2381796690307327,3,9,2
11,1.1691919191919191,6,3,2
12,1.169631093544137,3,6,2
13,1.1691919191919191,6,3,2
14,1.1680555555555556,4,7,2
15,1.1680555555555556,4,7,2
16,1.1474025974025974,4,5,2
17,1.1458333333333333,3,7,2
18,1.1458333333333333,3,7,2
19,1.1458333333333333,3,7,2
20,1.1456521739130434,3,9,2
21,1.1456521739130434,3,9,2
22,1.120617944147356,5,4,2
23,1.1075163398692809,5,4,2
24,1.084207896051974,3,5,3
25,1.0403381642512077,5,5,2
26,1.0403381642512077,5,5,2
27,0.9690476190476189,5,3,2
