,mq,No. Clus,Max clus,Min clus
0,2.026010101010101,6,5,2
1,2.026010101010101,6,5,2
2,2.026010101010101,6,5,2
3,2.026010101010101,6,5,2
4,2.026010101010101,6,5,2
5,2.026010101010101,6,5,2
6,2.026010101010101,6,5,2
7,2.026010101010101,6,5,2
8,2.026010101010101,6,5,2
9,2.026010101010101,6,5,2
10,2.026010101010101,6,5,2
11,2.026010101010101,6,5,2
12,2.026010101010101,6,5,2
13,2.026010101010101,6,5,2
14,2.026010101010101,6,5,2
15,2.026010101010101,6,5,2
16,2.026010101010101,6,5,2
17,2.026010101010101,6,5,2
18,2.026010101010101,6,5,2
19,2.026010101010101,6,5,2
20,2.026010101010101,6,5,2
21,2.026010101010101,6,5,2
22,2.026010101010101,6,5,2
23,2.026010101010101,6,5,2
24,2.026010101010101,6,5,2
25,2.026010101010101,6,5,2
26,2.026010101010101,6,5,2
27,2.026010101010101,6,5,2
28,2.026010101010101,6,5,2
29,2.026010101010101,6,5,2
30,2.026010101010101,6,5,2
31,2.026010101010101,6,5,2
32,2.026010101010101,6,5,2
33,2.026010101010101,6,5,2
34,2.026010101010101,6,5,2
35,2.026010101010101,6,5,2
36,2.026010101010101,6,5,2
37,2.026010101010101,6,5,2
38,1.7834967320261437,6,5,2
39,1.7215811965811965,6,5,2
40,1.7215811965811965,6,5,2
41,1.7121345029239765,6,5,2
