,mq,No. Clus,Max clus,Min clus
0,2.0672477553613597,6,8,2
1,2.0672477553613597,6,8,2
2,2.0672477553613597,6,8,2
3,2.0672477553613597,6,8,2
4,2.041377172940189,6,9,2
5,2.0394855862659935,6,9,2
6,2.0394855862659935,6,9,2
7,2.0394855862659935,6,9,2
8,2.036344155909373,6,8,2
9,2.0248518505340893,6,8,2
10,1.9846230069848096,6,9,2
11,1.9368714112753382,6,8,2
12,1.899027517198249,6,8,2
13,1.896467370871298,6,8,2
14,1.8801354652453919,6,9,2
15,1.8467134069565905,6,8,2
16,1.8467134069565905,6,8,2
17,1.8278813559322034,6,7,2
18,1.8138613541582789,6,9,2
19,1.8031709956709956,6,8,2
20,1.8027729580361158,6,8,2
21,1.8027729580361158,6,8,2
22,1.744768740031898,6,8,2
23,1.7403871748336357,6,8,2
24,1.7313229678123294,6,8,2
25,1.7297084385593702,6,8,2
26,1.7267147407363443,6,9,2
27,1.7235097683665772,6,9,2
28,1.7228295376121463,6,8,2
29,1.7185077519379846,6,9,2
30,1.693389355742297,6,8,2
31,1.6721902421902421,6,8,2
32,1.658066230428033,6,9,2
33,1.637051594831481,6,6,2
34,1.5985721343873518,6,7,2
35,1.5984284532671629,6,7,2
36,1.5792321477805351,6,7,2
37,1.5734496124031008,6,9,2
38,1.5697256368082757,6,9,2
39,1.5498870694522868,6,8,2
40,1.4890350877192982,6,8,2
41,1.4867667441196852,6,8,2
42,1.4834803155913332,6,9,2
43,1.4449749373433585,6,8,2
44,1.444753086419753,6,8,2
45,1.444753086419753,6,8,2
46,1.4317186198906628,6,7,2
47,1.4317186198906628,6,7,2
48,1.4317186198906628,6,7,2
49,1.3579251294305057,6,8,2
