,mq,No. Clus,Max clus,Min clus
0,1.3454715219421103,3,7,2
1,1.3454715219421103,3,7,2
2,1.3454715219421103,3,7,2
3,1.3454715219421103,3,7,2
4,1.3454715219421103,3,7,2
5,1.3454715219421103,3,7,2
6,1.1550179211469533,3,6,2
7,1.1550179211469533,3,6,2
8,1.1550179211469533,3,6,2
9,1.1541107671138633,3,7,2
10,1.1541107671138633,3,7,2
11,1.1541107671138633,3,7,2
12,1.1541107671138633,3,7,2
13,1.1541107671138633,3,7,2
14,1.0895962275272622,3,6,2
15,1.0895962275272622,3,6,2
16,1.0895962275272622,3,6,2
17,1.0895962275272622,3,6,2
18,1.0895962275272622,3,6,2
19,1.0895962275272622,3,6,2
20,1.0895962275272622,3,6,2
21,1.0895962275272622,3,6,2
22,1.0876068376068377,3,8,2
23,1.0876068376068377,3,8,2
24,1.0876068376068377,3,8,2
25,1.0876068376068377,3,8,2
26,1.0404040404040402,3,8,2
27,1.0404040404040402,3,8,2
