,mq,No. Clus,Max clus,Min clus
0,1.8956302521008404,4,7,3
1,1.8956302521008404,4,7,3
2,1.8956302521008404,4,7,3
3,1.8956302521008404,4,7,3
4,1.8956302521008404,4,7,3
5,1.8956302521008404,4,7,3
6,1.8956302521008404,4,7,3
7,1.8956302521008404,4,7,3
8,1.8956302521008404,4,7,3
9,1.8956302521008404,4,7,3
10,1.8956302521008404,4,7,3
11,1.8956302521008404,4,7,3
12,1.8956302521008404,4,7,3
13,1.8956302521008404,4,7,3
14,1.8014923210663576,4,7,3
15,1.8014923210663576,4,7,3
16,1.8014923210663576,4,7,3
17,1.8014923210663576,4,7,3
18,1.8014923210663576,4,7,3
19,1.8014923210663576,4,7,3
20,1.8014923210663576,4,7,3
21,1.7914285714285714,4,7,2
22,1.7914285714285714,4,7,2
23,1.7914285714285714,4,7,2
24,1.7819047619047619,4,7,4
25,1.7524844720496893,4,7,3
26,1.7524844720496893,4,7,3
27,1.7524844720496893,4,7,3
28,1.7524844720496893,4,7,3
29,1.7524844720496893,4,7,3
30,1.741976405946994,4,7,2
31,1.7375457875457876,4,7,3
32,1.713186813186813,4,7,2
33,1.7026143790849675,4,8,3
34,1.7026143790849675,4,8,3
35,1.6365079365079365,4,7,3
36,1.587497695002766,4,6,4
37,1.5451431147171513,4,8,2
38,1.5384898459860978,4,7,3
39,1.523551161482196,4,6,4
40,1.5187910093536228,4,7,3
41,1.5187910093536228,4,7,3
