,mq,No. Clus,Max clus,Min clus
0,1.4415584415584415,4,5,2
1,1.4117965367965368,5,3,2
2,1.4117965367965368,5,3,2
3,1.4117965367965368,5,3,2
4,1.4034632034632035,5,3,2
5,1.4072871572871573,4,5,2
6,1.4034632034632035,5,3,2
7,1.3775252525252526,5,3,2
8,1.2293195934500283,4,5,2
9,1.2293195934500283,4,5,2
10,1.2186147186147187,6,3,1
11,1.206105006105006,5,4,2
12,1.1957070707070705,5,3,2
13,1.1873737373737372,5,3,2
14,1.1873737373737372,5,3,2
15,1.1873737373737372,5,3,2
16,1.173160173160173,3,8,2
17,1.173160173160173,3,8,2
18,1.1523150762281196,4,4,3
19,1.1523150762281196,4,4,3
20,1.135064935064935,4,6,2
21,1.135064935064935,4,6,2
22,1.1180926916221035,5,3,1
23,1.1112637362637363,4,4,2
24,1.0925324675324675,4,4,3
25,1.08475935828877,4,4,3
26,1.0595238095238095,3,9,2
27,0.9665775401069518,5,3,2
