,mq,No. Clus,Max clus,Min clus
0,1.2824960127591707,4,4,3
1,1.2824960127591707,4,4,3
2,1.3332309582309583,3,7,3
3,1.2824960127591707,4,4,3
4,1.2824960127591707,4,4,3
5,1.3332309582309583,3,7,3
6,1.3332309582309583,3,7,3
7,1.2824960127591707,4,4,3
8,1.2824960127591707,4,4,3
9,1.2824960127591707,4,4,3
10,1.1953748006379585,4,4,3
11,1.1953748006379585,4,4,3
12,1.1953748006379585,4,4,3
13,1.175,3,5,3
14,1.1424825174825175,4,4,3
15,1.1424825174825175,4,4,3
16,1.1424825174825175,4,4,3
17,1.1424825174825175,4,4,3
18,1.1424825174825175,4,4,3
19,1.1424825174825175,4,4,3
20,1.1545454545454545,3,6,3
21,1.1545454545454545,3,6,3
22,1.1424825174825175,4,4,3
23,1.1002747252747254,3,7,3
24,1.0183566433566433,4,4,3
25,1.0183566433566433,4,4,3
