,mq,No. Clus,Max clus,Min clus
0,1.874417741967651,5,5,3
1,1.874417741967651,5,5,3
2,1.874417741967651,5,5,3
3,1.874417741967651,5,5,3
4,1.874417741967651,5,5,3
5,1.874417741967651,5,5,3
6,1.874417741967651,5,5,3
7,1.874417741967651,5,5,3
8,1.874417741967651,5,5,3
9,1.874417741967651,5,5,3
10,1.874417741967651,5,5,3
11,1.874417741967651,5,5,3
12,1.874417741967651,5,5,3
13,1.874417741967651,5,5,3
14,1.874417741967651,5,5,3
15,1.832335164835165,5,6,3
16,1.832335164835165,5,6,3
17,1.832335164835165,5,6,3
18,1.832335164835165,5,6,3
19,1.7944177419676515,5,5,3
20,1.7944177419676515,5,5,3
21,1.791400758950668,5,5,2
22,1.781761002155739,5,6,3
23,1.781761002155739,5,6,3
24,1.7777242056189424,5,5,3
25,1.7571996968548693,5,5,3
26,1.7460887066150224,5,5,3
27,1.716842105263158,5,7,1
28,1.712000159550069,5,5,2
29,1.6976249676249675,5,5,3
30,1.698744019138756,5,6,2
31,1.6976249676249675,5,5,3
32,1.6594258373205741,5,7,2
33,1.647050804945542,5,5,3
34,1.647050804945542,5,5,3
35,1.647050804945542,5,5,3
36,1.5794258373205743,5,7,2
37,1.5479024587383718,5,6,3
38,1.5479024587383718,5,6,3
39,1.5421964000911368,5,7,2
40,1.4923387723387722,5,5,3
41,1.4442424242424243,5,5,2
