,mq,No. Clus,Max clus,Min clus
0,2.0868686868686868,6,5,2
1,1.8353760731042676,7,4,2
2,1.776030986557302,5,5,3
3,1.7362993260276791,7,5,2
4,1.730953639383872,4,8,3
5,1.6959821337103285,7,4,2
6,1.6994001802926286,5,9,2
7,1.6963849016480594,6,5,3
8,1.6696248196248193,8,4,2
9,1.657188588645137,3,8,4
10,1.647953216374269,5,6,2
11,1.6450335502967082,5,7,3
12,1.603533004463237,5,8,2
13,1.584700387331966,6,5,2
14,1.5868751983317466,4,8,4
15,1.5762458471760796,5,8,2
16,1.5399521531100477,8,3,2
17,1.518156185919344,7,4,2
18,1.5163849016480597,7,4,2
19,1.5163849016480597,7,4,2
20,1.4986749736749738,5,7,2
21,1.4854326959590118,7,3,2
22,1.4854326959590118,7,3,2
23,1.4791919191919192,6,4,3
24,1.458403361344538,5,5,2
25,1.4653846153846153,4,10,2
26,1.454103390888288,6,6,2
27,1.4318549871181452,8,3,2
28,1.4442236024844721,4,9,2
29,1.4328533308796467,7,4,2
30,1.4263556618819777,7,4,2
31,1.406095452535081,6,5,2
32,1.361842105263158,7,5,2
33,1.327325242151943,7,6,2
34,1.3258116883116884,6,5,2
35,1.295,7,4,2
36,1.2767379679144386,8,4,2
37,1.280701754385965,3,11,4
38,1.2774415239932482,7,4,2
39,1.1936026936026938,9,4,2
40,1.1936026936026938,9,4,2
41,1.1844222625529341,4,11,2
