,mq,No. Clus,Max clus,Min clus
0,1.9815652438078066,7,3,2
1,1.9815652438078066,7,3,2
2,1.9815652438078066,7,3,2
3,1.9815652438078066,7,3,2
4,1.9815652438078066,7,3,2
5,1.9815652438078066,7,3,2
6,1.9815652438078066,7,3,2
7,1.9815652438078066,7,3,2
8,1.9815652438078066,7,3,2
9,1.9815652438078066,7,3,2
10,1.9815652438078066,7,3,2
11,1.9815652438078066,7,3,2
12,1.9815652438078066,7,3,2
13,1.9815652438078066,7,3,2
14,1.9815652438078066,7,3,2
15,1.9815652438078066,7,3,2
16,1.9815652438078066,7,3,2
17,1.9815652438078066,7,3,2
18,1.9815652438078066,7,3,2
19,1.9815652438078066,7,3,2
20,1.9815652438078066,7,3,2
21,1.9815652438078066,7,3,2
22,1.9815652438078066,7,3,2
23,1.9815652438078066,7,3,2
24,1.9815652438078066,7,3,2
25,1.9815652438078066,7,3,2
26,1.906817769060332,7,4,2
27,1.8649099692577953,6,6,2
28,1.8649099692577953,6,6,2
29,1.8649099692577953,6,6,2
30,1.8649099692577953,6,6,2
31,1.8649099692577953,6,6,2
32,1.8649099692577953,6,6,2
33,1.8649099692577953,6,6,2
34,1.6514627443420014,7,4,2
35,1.6506988929777535,5,6,2
36,1.5565320726446046,5,9,2
37,1.5565320726446046,5,9,2
38,1.4673414304993253,7,3,2
39,1.2849673202614378,4,9,2
40,1.2637369487299361,4,12,2
41,1.2544139379326438,5,8,2
