,mq,No. Clus,Max clus,Min clus
0,1.7228079611440577,7,8,2
1,1.7228079611440577,7,8,2
2,1.7228079611440577,7,8,2
3,1.7228079611440577,7,8,2
4,1.7228079611440577,7,8,2
5,1.7228079611440577,7,8,2
6,1.6435739503656257,10,4,2
7,1.6463205668503682,3,24,2
8,1.5859007947074888,10,4,2
9,1.585616317280154,10,6,2
10,1.5482142062825375,10,6,2
11,1.5301291144245304,11,4,2
12,1.5247451590405747,12,3,2
13,1.5156265979707944,12,3,2
14,1.5158434001388157,12,4,2
15,1.491091940541145,11,4,2
16,1.4532452996849279,12,3,2
17,1.404732289027705,13,3,2
18,1.3902223833557983,10,4,2
19,1.3985072618433585,7,8,2
20,1.3648478112874396,11,4,2
21,1.3148171133377802,11,3,2
22,1.3220198675496688,3,24,2
23,1.298004869301789,11,4,2
24,1.298004869301789,11,4,2
25,1.2603315603371272,10,5,2
26,1.2603315603371272,10,5,2
27,1.2965017064846416,4,22,2
28,1.191325898670095,12,3,2
29,1.1667597565341927,7,6,2
30,1.1343304094287814,10,6,1
31,1.1007972517500648,11,4,2
32,1.1007972517500648,11,4,2
33,1.1007972517500648,11,4,2
34,1.0712406015037592,12,3,2
35,1.070013825276983,13,3,2
36,1.0889895998708201,9,5,2
37,1.0691071967387757,12,3,2
38,1.0422677760835657,11,4,2
39,1.0478956228956229,4,17,2
40,1.0422677760835657,11,4,2
41,1.041965322645682,12,3,2
42,1.0431369740878806,8,8,2
43,0.9986107263418188,12,3,2
44,1.0077518074565572,9,6,2
45,1.010721217087406,7,15,2
46,0.9896934479170818,7,14,2
47,0.9520298498127618,8,9,2
48,0.9196304058068764,12,4,2
49,0.9541298818892991,8,11,1
50,0.9054896681510741,12,3,2
51,0.9074025583247917,8,5,3
52,0.9420963693016986,4,21,2
53,0.9002673796791443,4,19,2
54,0.9060034305317325,3,24,2
55,0.8603676134163939,12,3,2
56,0.8886512180629828,5,19,2
57,0.8572002385689309,8,13,2
