,mq,No. Clus,Max clus,Min clus
0,2.01793515409076,6,5,2
1,2.01793515409076,6,5,2
2,1.9347212665290467,6,5,2
3,1.8586638698194762,6,5,2
4,1.851268487424094,7,4,2
5,1.83630380589931,7,3,2
6,1.83630380589931,7,4,2
7,1.826009688252251,7,4,2
8,1.8184466630421672,7,4,2
9,1.7530899183375963,7,3,2
10,1.7530899183375963,7,3,2
11,1.7530899183375963,7,4,2
12,1.7530899183375963,7,4,2
13,1.734001696244259,5,5,3
14,1.7336638698194762,7,4,2
15,1.729251012145749,5,5,3
16,1.7073355519310562,7,4,2
17,1.6974573582293329,7,4,2
18,1.6770325216280255,7,3,2
19,1.6770325216280255,7,3,2
20,1.6041594370541739,7,4,2
21,1.5683257055682684,7,3,2
22,1.5840295669243036,6,5,2
23,1.560510567863509,7,3,2
24,1.560510567863509,7,3,2
25,1.560510567863509,7,3,2
26,1.5529689608636976,7,4,2
27,1.5480642676597716,7,4,2
28,1.5204191033138401,5,6,2
29,1.4922434544860173,7,4,2
30,1.4924037197526656,4,9,3
31,1.4924037197526656,4,9,3
32,1.4085922247686953,8,3,2
33,1.4572145944571573,5,8,3
34,1.427056277056277,6,6,2
35,1.3597871426818795,7,4,1
36,1.2961038961038962,6,5,2
37,1.3402058369311582,4,12,2
38,1.2905479277904905,7,4,2
39,1.3148575072350028,3,12,3
