,mq,No. Clus,Max clus,Min clus
0,1.2619047619047619,3,5,3
1,1.2619047619047619,3,5,3
2,1.2619047619047619,3,5,3
3,1.2619047619047619,3,5,3
4,1.2619047619047619,3,5,3
5,1.2619047619047619,3,5,3
6,1.2619047619047619,3,5,3
7,1.2619047619047619,3,5,3
8,1.2619047619047619,3,5,3
9,1.2383512544802868,3,6,2
10,1.2383512544802868,3,6,2
11,1.2383512544802868,3,6,2
12,1.2383512544802868,3,6,2
13,1.2171717171717171,3,5,4
14,1.2171717171717171,3,5,4
15,1.2171717171717171,3,5,4
16,1.2171717171717171,3,5,4
17,1.2171717171717171,3,5,4
18,1.0238213399503722,3,6,3
19,0.9706744868035191,3,6,3
20,0.9706744868035191,3,6,3
21,0.9447004608294931,3,6,2
22,0.9447004608294931,3,6,2
23,0.9080213903743315,3,5,4
24,0.8743918620079612,3,5,4
25,0.8764231499051234,3,6,3
26,0.8743918620079612,3,5,4
27,0.8743918620079612,3,5,4
