,mq,No. Clus,Max clus,Min clus
0,1.8070646098815115,4,20,2
1,1.8070646098815115,4,20,2
2,1.8070646098815115,4,20,2
3,1.8070646098815115,4,20,2
4,1.8070646098815115,4,20,2
5,1.8070646098815115,4,20,2
6,1.8070646098815115,4,20,2
7,1.7938765952464584,4,21,2
8,1.7938765952464584,4,21,2
9,1.7938765952464584,4,21,2
10,1.7675052410901468,4,20,2
11,1.7675052410901468,4,20,2
12,1.7675052410901468,4,20,2
13,1.706446709169032,4,19,2
14,1.706446709169032,4,19,2
15,1.7001323736245553,4,18,2
16,1.7001323736245553,4,18,2
17,1.7001323736245553,4,18,2
18,1.7001323736245553,4,18,2
19,1.6878601890272016,4,17,2
20,1.6878601890272016,4,17,2
21,1.660752956854906,4,21,2
22,1.660752956854906,4,21,2
23,1.660752956854906,4,21,2
24,1.579681037462603,4,19,2
25,1.5689655172413794,4,18,2
26,1.5389610389610389,4,19,2
27,1.5363858363858363,4,18,2
28,1.5363858363858363,4,18,2
29,1.5356562137049943,4,20,2
30,1.5356562137049943,4,20,2
31,1.5356562137049943,4,20,2
32,1.5190279392139137,4,20,2
33,1.5190279392139137,4,20,2
34,1.5190279392139137,4,20,2
35,1.5190279392139137,4,20,2
36,1.4610328638497654,4,20,2
37,1.4610328638497654,4,20,2
38,1.4357572620819048,4,20,2
39,1.4357572620819048,4,20,2
40,1.4357572620819048,4,20,2
41,1.4357572620819048,4,20,2
42,1.4357572620819048,4,20,2
43,1.4357572620819048,4,20,2
44,1.4357572620819048,4,20,2
45,1.4348060344827587,4,21,2
46,1.4348060344827587,4,21,2
47,1.4261083743842364,4,17,2
48,1.4174503657262276,4,18,2
49,1.4125,4,19,2
50,1.4031260135391581,4,19,2
51,1.3624060150375938,4,19,2
52,1.3440993788819875,4,19,2
53,1.3079168281028026,4,20,2
54,1.3079168281028026,4,20,2
55,1.3022988505747126,4,18,2
56,1.2721779548472776,4,18,2
57,1.2005491156860595,4,18,2
58,1.1983981413548546,4,22,2
59,1.1983981413548546,4,22,2
