,mq,No. Clus,Max clus,Min clus
0,1.7892471603768922,7,6,1
1,1.6875534809038646,11,6,1
2,1.6557597008984355,11,5,1
3,1.6549877857294737,11,5,1
4,1.6511053821984394,10,5,1
5,1.6436810381471478,11,4,1
6,1.6420065441804572,11,5,1
7,1.6420065441804572,11,5,1
8,1.6214864829648679,11,4,1
9,1.6154604888782105,11,5,1
10,1.6154604888782105,11,5,1
11,1.610293715718244,11,5,1
12,1.6019239303262838,9,5,2
13,1.586247930813148,9,7,1
14,1.5521564457048327,10,5,1
15,1.5492965367965368,12,4,1
16,1.5486337721702441,9,5,1
17,1.5447177822177822,11,5,1
18,1.5107793255536073,12,4,1
19,1.497318729863487,12,4,1
20,1.4613011297910867,9,5,1
21,1.4512565428228328,9,5,2
22,1.4153097607517275,10,5,1
23,1.4152272050120847,10,5,1
24,1.3984132506250295,10,5,2
25,1.3956246622979869,9,5,1
26,1.3909993452695728,8,5,1
27,1.3745869952403544,10,5,1
28,1.3737976797484324,11,4,1
29,1.363929942606413,10,4,2
30,1.3551037366960288,13,4,1
31,1.3397635204089862,11,4,1
32,1.3330138552596178,10,5,1
33,1.2918558096496606,8,6,1
34,1.273747340541434,9,5,2
35,1.2622477401948131,12,5,1
36,1.1958010969452617,8,6,1
37,1.1945585123523634,9,6,1
38,1.1900800248543066,13,4,1
39,1.1661695614700731,8,7,1
40,1.1422749590834695,11,5,1
41,1.1412542219142767,11,4,1
42,1.1358203143244125,7,8,2
43,1.1142595029855875,4,20,1
44,1.0981451973693706,6,11,1
45,1.0604142817923372,8,7,1
46,1.0533735045742434,4,20,1
47,1.015606268318983,10,4,1
48,0.9977611132167417,9,6,1
49,1.0038208153075565,6,13,1
50,1.0050511390780668,5,18,1
51,0.9958690561244741,4,17,3
52,0.979450523842814,3,22,3
53,0.9609439848870824,10,5,1
54,0.9506434978187754,7,13,1
55,0.9231388967070082,6,16,1
56,0.9117161576210506,9,8,1
57,0.9136735915074775,4,21,2
58,0.8806552365762892,7,16,1
59,0.8298583399958244,12,4,1
