,mq,No. Clus,Max clus,Min clus
0,1.328715728715729,4,6,2
1,1.1388888888888888,5,6,1
2,1.135064935064935,4,6,2
3,1.121878121878122,4,6,2
4,1.121878121878122,4,6,2
5,1.1179245283018868,3,10,1
6,1.0891402714932126,5,4,2
7,1.0662601626016261,3,9,2
8,1.0563241106719368,3,7,2
9,1.0563241106719368,3,7,2
10,1.032258064516129,3,6,1
11,1.0058069381598793,6,3,2
12,1.0058069381598793,6,3,2
13,0.9802371541501977,4,4,2
14,0.9571428571428571,4,6,1
15,0.95,5,5,2
16,0.95,5,5,2
17,0.9509116409537166,4,6,1
18,0.9204968944099379,3,5,4
19,0.9287878787878787,4,7,2
20,0.9175412293853074,4,5,2
21,0.9166666666666666,5,6,1
22,0.8833333333333332,6,3,2
23,0.896551724137931,3,10,1
24,0.8186274509803921,5,4,2
25,0.8301886792452831,3,10,1
26,0.8194444444444444,6,5,1
27,0.7852941176470588,6,3,2
