,mq,No. Clus,Max clus,Min clus
0,1.798040409385325,8,6,2
1,1.5231358723716175,8,6,2
2,1.463556520108244,9,5,1
3,1.37142132715155,8,5,2
4,1.3233735948337717,4,17,3
5,1.191066223552612,4,17,2
6,1.189540157863967,7,6,2
7,1.1706272963225133,4,13,2
8,1.1628234908722712,7,6,3
9,1.1498238162353283,7,5,2
10,1.1355628851366943,8,6,1
11,1.1321468485249053,3,17,5
12,1.1262178641255665,6,9,2
13,1.126217287582978,6,6,3
14,1.1045226627576898,7,7,2
15,1.0966163897969743,6,8,2
16,1.097528427199638,4,17,2
17,1.0819018007513925,3,19,5
18,1.0748524333433491,8,6,1
19,1.0746585259467432,8,5,2
20,1.074799923075785,4,12,2
21,1.0668870651629272,9,6,1
22,1.063112767940354,8,6,2
23,1.0602363921551416,9,4,2
24,1.0611526531484843,6,7,1
25,1.0532099439602238,7,6,2
26,1.0610092578145318,4,14,2
27,1.0563914553585616,6,10,2
28,1.0472432233081321,4,14,2
29,1.0276178847607418,10,5,1
30,1.0240094956202954,3,17,5
31,1.0202087438850636,7,5,2
32,1.0200844430725813,4,17,2
33,1.0118143459915612,6,7,1
34,1.0172508647565086,3,14,2
35,1.0046380532604615,5,13,2
36,0.9976776384535005,4,19,2
37,0.9861640988016629,7,7,1
38,0.962719910995773,7,11,2
39,0.9636488258748215,6,11,1
40,0.9669247009148487,3,26,1
41,0.962169163469293,3,16,5
42,0.9580329315861549,9,6,1
43,0.956451683909311,4,13,1
44,0.9543035261012086,6,8,3
45,0.9557909971451732,4,17,3
46,0.9374479369664732,3,19,5
47,0.9345417950441975,10,6,1
48,0.9298779751117554,4,12,5
49,0.9276573045924474,6,14,1
50,0.9151232421469915,7,7,2
51,0.9148036050578423,4,13,2
52,0.9091586846668553,7,8,2
53,0.8996160702043055,8,7,1
54,0.8954374717182113,5,10,2
55,0.8859836239698939,8,7,1
56,0.8873637378941139,7,8,1
57,0.8389364679646505,10,6,1
58,0.8088979997609634,8,8,1
59,0.8034246952594382,9,7,1
