,mq,No. Clus,Max clus,Min clus
0,1.5032840722495895,3,13,4
1,1.5032840722495895,3,13,4
2,1.5032840722495895,3,13,4
3,1.5032840722495895,3,13,4
4,1.5032840722495895,3,13,4
5,1.5032840722495895,3,13,4
6,1.5032840722495895,3,13,4
7,1.5032840722495895,3,13,4
8,1.5032840722495895,3,13,4
9,1.5032840722495895,3,13,4
10,1.5032840722495895,3,13,4
11,1.5032840722495895,3,13,4
12,1.5032840722495895,3,13,4
13,1.5032840722495895,3,13,4
14,1.5032840722495895,3,13,4
15,1.5032840722495895,3,13,4
16,1.5032840722495895,3,13,4
17,1.5032840722495895,3,13,4
18,1.5032840722495895,3,13,4
19,1.5032840722495895,3,13,4
20,1.5032840722495895,3,13,4
21,1.5032840722495895,3,13,4
22,1.5032840722495895,3,13,4
23,1.5032840722495895,3,13,4
24,1.5032840722495895,3,13,4
25,1.5032840722495895,3,13,4
26,1.5032840722495895,3,13,4
27,1.4870967741935484,3,14,4
28,1.4870967741935484,3,14,4
29,1.4870967741935484,3,14,4
30,1.4870967741935484,3,14,4
31,1.4870967741935484,3,14,4
32,1.4870967741935484,3,14,4
33,1.4812040758332319,3,13,4
34,1.4812040758332319,3,13,4
35,1.4812040758332319,3,13,4
36,1.4812040758332319,3,13,4
37,1.4812040758332319,3,13,4
38,1.3467714672075726,3,13,5
39,1.3467714672075726,3,13,5
40,1.3303307522584404,3,12,5
41,1.3303307522584404,3,12,5
42,1.3303307522584404,3,12,5
43,1.3303307522584404,3,12,5
44,1.3303307522584404,3,12,5
45,1.3303307522584404,3,12,5
46,1.3303307522584404,3,12,5
47,1.3303307522584404,3,12,5
48,1.3303307522584404,3,12,5
49,1.3303307522584404,3,12,5
50,1.2691570881226053,3,13,3
51,1.2691570881226053,3,13,3
52,1.2691570881226053,3,13,3
53,1.2691570881226053,3,13,3
54,1.2691570881226053,3,13,3
55,1.2691570881226053,3,13,3
56,1.240625,3,14,3
57,1.240625,3,14,3
58,1.240625,3,14,3
59,1.240625,3,14,3
