,mq,No. Clus,Max clus,Min clus
0,2.0257221039829734,5,5,3
1,2.0257221039829734,5,5,3
2,2.0257221039829734,5,5,3
3,2.0257221039829734,5,5,3
4,1.8986973810503223,5,5,3
5,1.8986973810503223,5,5,3
6,1.8901939404629235,5,5,3
7,1.8901939404629235,5,5,3
8,1.8901939404629235,5,5,3
9,1.8901939404629235,5,5,3
10,1.8800677583286278,5,6,3
11,1.8783616213283731,5,6,3
12,1.8678828417958853,5,5,2
13,1.8477696216826651,5,5,3
14,1.8477696216826651,5,5,3
15,1.8477696216826651,5,5,3
16,1.8477696216826651,5,5,3
17,1.8151819195297456,5,5,2
18,1.7850856389986824,5,5,3
19,1.7850856389986824,5,5,3
20,1.7850856389986824,5,5,3
21,1.7631692175302722,5,5,3
22,1.7631692175302722,5,5,3
23,1.7631692175302722,5,5,3
24,1.7551076374605785,5,5,3
25,1.7551076374605785,5,5,3
26,1.735698975946654,5,5,3
27,1.7341991341991343,5,5,3
28,1.729087890617033,5,5,3
29,1.711838885751929,5,5,2
30,1.6882446758607748,5,6,3
31,1.6806142544994538,5,6,3
32,1.6763869683508934,5,5,3
33,1.6591379634857895,5,5,2
34,1.6449316696375518,5,6,2
35,1.6155174031335022,5,5,3
36,1.6115792262851087,5,6,3
37,1.5921092323569104,5,5,3
38,1.584500466853408,5,5,3
39,1.5812440191387558,5,6,3
40,1.5626381461675578,5,5,2
41,1.5304029304029303,5,5,2
