,mq,No. Clus,Max clus,Min clus
0,1.9110160494775879,7,13,2
1,1.575647743183112,9,6,2
2,1.480918972095443,11,5,2
3,1.419412118527163,6,14,1
4,1.3786232376807652,6,8,2
5,1.3507582377680416,8,9,2
6,1.3507582377680416,8,9,2
7,1.3169411008729328,10,5,2
8,1.325129061971167,7,14,2
9,1.3188633562067105,9,7,2
10,1.307507663278438,11,4,2
11,1.312067188014788,6,9,2
12,1.3098370540231006,8,10,1
13,1.311959444517584,5,13,2
14,1.2941602006118136,7,9,2
15,1.2927607795254854,6,14,2
16,1.2894410667606544,5,16,1
17,1.2788156187463462,10,5,1
18,1.2881465687435836,5,21,1
19,1.2771628173101817,5,13,1
20,1.2735243489366428,5,13,2
21,1.2705955817516659,7,12,2
22,1.266626432656967,4,21,2
23,1.2624949364079798,4,13,2
24,1.2579271963463616,5,13,2
25,1.2568154444026436,8,12,2
26,1.248103597378901,10,5,2
27,1.2458247707154815,9,5,2
28,1.2457048656577472,8,6,2
29,1.241081353844327,8,7,2
30,1.243934208280558,4,15,2
31,1.2431621712396987,7,9,2
32,1.2321891054123093,4,12,2
33,1.2071506969047952,9,7,1
34,1.2047045836719978,7,10,1
35,1.2005256756644105,7,8,2
36,1.183857762408695,6,8,2
37,1.1833177715530656,4,23,2
38,1.1691854979547518,8,9,1
39,1.1685660699343112,7,10,2
40,1.162863642714389,8,8,1
41,1.1519981988067094,10,5,2
42,1.1493339493339494,8,13,1
43,1.1434343792043307,7,9,2
44,1.14079153246417,3,13,7
45,1.1226156468789885,8,6,2
46,1.114979105693918,10,4,2
47,1.1069638778577073,8,11,1
48,1.092252527444165,10,7,1
49,1.0874688085366615,6,9,3
50,1.024569858171792,12,4,1
51,1.0132412621227598,3,13,3
52,0.9805469020422292,4,14,2
53,0.9773682417083144,3,19,3
54,0.9747431425249232,4,12,2
55,0.9161301648031628,11,4,1
56,0.9152673156616633,5,16,2
57,0.9116545494602336,3,22,3
58,0.8853917715668868,12,4,1
59,0.8782670839596836,10,5,1
