,mq,No. Clus,Max clus,Min clus
0,1.8106828938471937,6,15,2
1,1.8106828938471937,6,15,2
2,1.8106828938471937,6,15,2
3,1.8106828938471937,6,15,2
4,1.8106828938471937,6,15,2
5,1.8106828938471937,6,15,2
6,1.7742753203985637,7,10,2
7,1.7763315701356162,7,13,2
8,1.715446336525117,10,5,2
9,1.7330964011421799,8,8,2
10,1.7454940596928428,6,14,2
11,1.6451230474506338,10,6,2
12,1.6208779801987145,10,5,2
13,1.6209460946189898,10,6,2
14,1.5984060519428158,11,3,2
15,1.5923077851830387,10,6,2
16,1.5505574621271137,11,4,2
17,1.549619155770088,11,4,2
18,1.5050474411178976,11,3,2
19,1.5181650246305418,6,15,2
20,1.5037785622051993,11,3,2
21,1.4949936374625479,11,3,2
22,1.4825899294336444,12,4,2
23,1.4949491632250251,7,8,2
24,1.4790345432815422,7,9,2
25,1.4408843583163087,11,4,2
26,1.4251960410046096,12,3,2
27,1.436043045005309,6,9,2
28,1.4169454176497474,9,6,2
29,1.407637660629686,12,3,2
30,1.4125141943891073,10,7,2
31,1.3945686033947358,8,9,2
32,1.3912362656491435,10,7,2
33,1.3847955849006268,12,3,2
34,1.3939028001406548,6,15,2
35,1.382128328785095,11,4,2
36,1.3733600213853245,5,19,2
37,1.3465563006736119,11,3,2
38,1.3457134386321579,12,3,2
39,1.3465563006736119,11,3,2
40,1.3457134386321579,12,3,2
41,1.363586026376724,4,22,2
42,1.3145856696777327,12,3,1
43,1.3122936934109743,5,20,2
44,1.3069369905935107,11,5,2
45,1.3110629009977492,9,7,2
46,1.3069369905935107,11,5,2
47,1.3122936934109743,5,20,2
48,1.3042848672035865,10,7,2
49,1.288203592099411,11,4,2
50,1.281079088513937,10,4,2
51,1.2765298233988935,11,3,2
52,1.256648113790971,6,15,2
53,1.2422333124420413,8,11,2
54,1.1885095950350986,11,4,2
55,1.2200716845878135,6,16,2
56,1.1347284563874425,8,11,2
57,1.0701138783635196,8,10,2
