,mq,No. Clus,Max clus,Min clus
0,1.7631416202844772,3,11,4
1,1.7631416202844772,3,11,4
2,1.7631416202844772,3,11,4
3,1.7631416202844772,3,11,4
4,1.7631416202844772,3,11,4
5,1.7631416202844772,3,11,4
6,1.7631416202844772,3,11,4
7,1.7631416202844772,3,11,4
8,1.7631416202844772,3,11,4
9,1.7631416202844772,3,11,4
10,1.7631416202844772,3,11,4
11,1.7616883564001928,3,10,4
12,1.7616883564001928,3,10,4
13,1.7616883564001928,3,10,4
14,1.7616883564001928,3,10,4
15,1.7616883564001928,3,10,4
16,1.7616883564001928,3,10,4
17,1.7616883564001928,3,10,4
18,1.7616883564001928,3,10,4
19,1.7616883564001928,3,10,4
20,1.7616883564001928,3,10,4
21,1.7616883564001928,3,10,4
22,1.7616883564001928,3,10,4
23,1.7616883564001928,3,10,4
24,1.7616883564001928,3,10,4
25,1.7616883564001928,3,10,4
26,1.712746733388935,3,11,4
27,1.712746733388935,3,11,4
28,1.712746733388935,3,11,4
29,1.712746733388935,3,11,4
30,1.712746733388935,3,11,4
31,1.712746733388935,3,11,4
32,1.712746733388935,3,11,4
33,1.712746733388935,3,11,4
34,1.712746733388935,3,11,4
35,1.712746733388935,3,11,4
36,1.712746733388935,3,11,4
37,1.712746733388935,3,11,4
38,1.712746733388935,3,12,4
39,1.4947097285516149,3,11,3
40,1.4947097285516149,3,11,3
41,1.492662557168423,3,11,3
42,1.492662557168423,3,11,3
43,1.4436444086886566,3,12,3
44,1.2987994252074353,3,10,5
45,1.2987994252074353,3,10,5
46,1.2987994252074353,3,10,5
47,1.2987994252074353,3,10,5
48,1.2987994252074353,3,10,5
49,1.2987994252074353,3,10,5
