,mq,No. Clus,Max clus,Min clus
0,1.818683537488222,3,10,4
1,1.818683537488222,3,10,4
2,1.818683537488222,3,10,4
3,1.818683537488222,3,10,4
4,1.818683537488222,3,10,4
5,1.818683537488222,3,10,4
6,1.818683537488222,3,10,4
7,1.818683537488222,3,10,4
8,1.818683537488222,3,10,4
9,1.818683537488222,3,10,4
10,1.818683537488222,3,10,4
11,1.818683537488222,3,10,4
12,1.818683537488222,3,10,4
13,1.818683537488222,3,10,4
14,1.818683537488222,3,10,4
15,1.818683537488222,3,10,4
16,1.818683537488222,3,10,4
17,1.818683537488222,3,10,4
18,1.818683537488222,3,10,4
19,1.818683537488222,3,10,4
20,1.818683537488222,3,10,4
21,1.818683537488222,3,10,4
22,1.818683537488222,3,10,4
23,1.818683537488222,3,10,4
24,1.7745098039215685,3,11,3
25,1.7745098039215685,3,11,3
26,1.7745098039215685,3,11,3
27,1.7745098039215685,3,11,3
28,1.7745098039215685,3,11,3
29,1.7353779118485,3,9,5
30,1.7353779118485,3,9,5
31,1.7353779118485,3,9,5
32,1.7353779118485,3,9,5
33,1.7353779118485,3,9,5
34,1.686182454202338,3,12,2
35,1.661084529505582,3,10,5
36,1.661084529505582,3,10,5
37,1.661084529505582,3,10,5
38,1.6037037037037036,3,9,4
39,1.6037037037037036,3,9,4
40,1.5668449197860963,3,11,4
41,1.527427724240178,3,12,3
