,mq,No. Clus,Max clus,Min clus
0,1.427128427128427,5,4,2
1,1.427128427128427,5,4,2
2,1.3910818713450293,5,3,2
3,1.3910818713450293,5,3,2
4,1.3910818713450293,5,3,2
5,1.3910818713450293,5,3,2
6,1.3910818713450293,5,3,2
7,1.3910818713450293,5,3,2
8,1.3910818713450293,5,3,2
9,1.3910818713450293,5,3,2
10,1.3910818713450293,5,3,2
11,1.376984126984127,4,6,2
12,1.376984126984127,4,6,2
13,1.376984126984127,4,6,2
14,1.3454739704739704,5,4,1
15,1.3429487179487178,5,4,1
16,1.3207070707070707,5,4,2
17,1.263051568314726,5,3,2
18,1.257703081232493,3,6,3
19,1.215079365079365,5,4,2
20,1.2277777777777779,4,8,1
21,1.2277777777777779,4,8,1
22,1.2277777777777779,4,8,1
23,1.1555555555555554,6,4,1
24,1.0901206636500755,6,3,1
25,1.0744152046783626,5,3,2
26,1.0,3,6,3
27,0.9333333333333333,3,7,3
