,mq,No. Clus,Max clus,Min clus
0,1.6882764035081916,4,11,3
1,1.6882764035081916,4,11,3
2,1.6882764035081916,4,11,3
3,1.6882764035081916,4,11,3
4,1.6882764035081916,4,11,3
5,1.6882764035081916,4,11,3
6,1.6882764035081916,4,11,3
7,1.6882764035081916,4,11,3
8,1.6882764035081916,4,11,3
9,1.6882764035081916,4,11,3
10,1.6882764035081916,4,11,3
11,1.6882764035081916,4,11,3
12,1.6882764035081916,4,11,3
13,1.6882764035081916,4,11,3
14,1.6882764035081916,4,11,3
15,1.6882764035081916,4,11,3
16,1.6882764035081916,4,11,3
17,1.6882764035081916,4,11,3
18,1.6882764035081916,4,11,3
19,1.6882764035081916,4,11,3
20,1.6882764035081916,4,11,3
21,1.6882764035081916,4,11,3
22,1.6882764035081916,4,11,3
23,1.6882764035081916,4,11,3
24,1.6882764035081916,4,11,3
25,1.6882764035081916,4,11,3
26,1.6882764035081916,4,11,3
27,1.6538411836919298,4,11,3
28,1.6538411836919298,4,11,3
29,1.6538411836919298,4,11,3
30,1.591729055258467,4,11,3
31,1.5083868486186367,4,11,3
32,1.1872527894410991,4,11,3
33,1.1872527894410991,4,11,3
34,1.1705331705331705,3,13,4
35,1.1705331705331705,3,13,4
36,1.1629496615921238,4,11,3
37,1.1629496615921238,4,11,3
38,1.1629496615921238,4,11,3
39,1.1629496615921238,4,11,3
40,1.1629496615921238,4,11,3
41,1.1629496615921238,4,11,3
42,1.1629496615921238,4,11,3
43,1.1629496615921238,4,11,3
44,1.1629496615921238,4,11,3
45,1.1629496615921238,4,11,3
46,1.1629496615921238,4,11,3
47,1.1629496615921238,4,11,3
48,1.1629496615921238,4,11,3
49,1.1629496615921238,4,11,3
50,1.1629496615921238,4,11,3
51,1.1629496615921238,4,11,3
52,1.1592788726499637,4,11,3
53,1.1592788726499637,4,11,3
54,1.1497980811845725,4,11,3
55,1.1497980811845725,4,11,3
56,1.1497980811845725,4,11,3
57,1.1497980811845725,4,11,3
58,1.1204460481697245,4,11,3
59,0.9358906561444902,4,11,3
