,mq,No. Clus,Max clus,Min clus
0,1.8189792663476874,4,6,4
1,1.8189792663476874,4,6,4
2,1.8189792663476874,4,6,4
3,1.8189792663476874,4,6,4
4,1.8189792663476874,4,6,4
5,1.8189792663476874,4,6,4
6,1.8189792663476874,4,6,4
7,1.7477467534856346,3,7,6
8,1.7477467534856346,3,7,6
9,1.7477467534856346,3,7,6
10,1.7477467534856346,3,7,6
11,1.7477467534856346,3,7,6
12,1.7477467534856346,3,7,6
13,1.7477467534856346,3,7,6
14,1.7477467534856346,3,7,6
15,1.7477467534856346,3,7,6
16,1.7477467534856346,3,7,6
17,1.7477467534856346,3,7,6
18,1.7477467534856346,3,7,6
19,1.7477467534856346,3,7,6
20,1.7477467534856346,3,7,6
21,1.7477467534856346,3,7,6
22,1.7477467534856346,3,7,6
23,1.647684214398705,3,7,6
24,1.5654761904761905,4,6,4
25,1.5654761904761905,4,6,4
26,1.5558213716108453,4,6,4
27,1.5558213716108453,4,6,4
28,1.5558213716108453,4,6,4
29,1.5558213716108453,4,6,4
30,1.5558213716108453,4,6,4
31,1.5558213716108453,4,6,4
32,1.5281954887218046,4,6,4
33,1.4885233503497828,3,7,6
34,1.4885233503497828,3,7,6
35,1.4885233503497828,3,7,6
36,1.441312310877528,4,6,4
37,1.441312310877528,4,6,4
38,1.441312310877528,4,6,4
39,1.441312310877528,4,6,4
40,1.370782726045884,4,6,4
41,1.348148148148148,4,6,4
