,mq,No. Clus,Max clus,Min clus
0,1.9037335610269732,7,5,2
1,1.9037335610269732,7,5,2
2,1.9037335610269732,7,5,2
3,1.9037335610269732,7,5,2
4,1.9037335610269732,7,5,2
5,1.7566242977412392,8,4,2
6,1.7405707860355537,7,4,3
7,1.7161231322400736,9,4,2
8,1.655330301882026,8,4,2
9,1.655330301882026,8,4,2
10,1.655330301882026,8,4,2
11,1.655330301882026,8,4,2
12,1.632285063614987,9,3,2
13,1.594635039756991,8,4,2
14,1.5874412140335061,8,4,2
15,1.5714922332569392,8,4,2
16,1.5695721103690743,8,4,2
17,1.5435729847494555,8,5,2
18,1.502151072988605,8,3,3
19,1.4964951872921513,9,3,2
20,1.4964951872921513,9,3,2
21,1.480649784997611,9,3,2
22,1.4339692548067866,7,4,3
23,1.4226035616763877,9,3,2
24,1.4325634008392627,9,4,1
25,1.4207745473668394,9,3,2
26,1.375280112044818,8,4,2
27,1.3458381771681005,8,4,2
28,1.2299239401408202,3,9,7
29,1.1959706959706962,9,4,1
30,1.1776383526383525,8,4,2
31,1.1682803599540352,9,4,2
32,1.1691909711630963,4,14,3
33,1.1360979174278407,10,4,1
34,1.1206928717432918,6,7,2
35,1.0871106302052593,10,3,2
36,1.0255636916806332,9,4,1
37,1.085544889892716,3,17,3
38,1.0420207984178047,5,10,3
39,0.9911644657863146,3,18,3
40,0.9276372924648786,11,3,1
41,0.9761319281811085,6,10,2
42,0.9587929926068788,6,10,2
43,0.9436813186813187,5,13,2
44,0.9172268907563026,8,6,2
45,0.9124414715719064,5,11,1
46,0.8521583669570936,6,10,2
47,0.8303332559172382,10,4,1
