,mq,No. Clus,Max clus,Min clus
0,2.1994107744107745,6,5,2
1,1.763285278333158,5,8,2
2,1.7438752052545157,6,5,2
3,1.7406926406926406,7,5,1
4,1.7366036249014973,5,7,2
5,1.7274517100832891,6,4,2
6,1.7228823807771176,6,6,2
7,1.715151515151515,5,7,2
8,1.685,4,8,2
9,1.6818181818181817,6,6,2
10,1.6688888888888886,7,4,2
11,1.665812257917521,5,6,2
12,1.6607142857142856,6,5,2
13,1.6581529581529582,5,7,2
14,1.6282051282051282,5,8,2
15,1.562584874997217,7,4,2
16,1.556916339474479,5,7,2
17,1.5535714285714286,6,5,1
18,1.5261211644374508,5,6,2
19,1.5187913618948101,7,4,2
20,1.5023310023310024,5,8,2
21,1.5012424324568538,6,7,1
22,1.4878354978354977,6,6,1
23,1.4714285714285715,7,6,1
24,1.4683959451401312,4,7,2
25,1.4553872053872055,6,4,1
26,1.4516594516594516,5,6,2
27,1.444096133751306,6,5,2
28,1.439031339031339,7,5,2
29,1.4369369369369367,6,5,2
30,1.414119769119769,5,5,2
31,1.3869202226345083,4,9,2
32,1.373825979089137,7,4,2
33,1.3301995127552937,5,6,2
34,1.3121848739495798,3,14,2
35,1.30242673992674,6,6,2
36,1.237961809879618,3,12,2
37,1.207279648456119,6,5,2
38,1.1562881562881562,3,14,2
39,1.1069805052889239,6,7,1
40,1.074074074074074,5,6,1
41,1.039007289007289,7,4,2
