,mq,No. Clus,Max clus,Min clus
0,2.072462133471951,5,5,2
1,2.072462133471951,5,5,2
2,2.072462133471951,5,5,2
3,2.072462133471951,5,5,2
4,2.00245937637242,6,4,2
5,1.9505583126550867,4,5,5
6,1.9505583126550867,4,5,5
7,1.9272786037491918,4,6,4
8,1.8816386512038683,5,5,3
9,1.8777472527472527,4,6,4
10,1.8430995420403942,5,5,1
11,1.7977272727272728,5,5,2
12,1.7802371541501976,6,4,2
13,1.7537878787878787,5,5,3
14,1.7468749270751496,5,5,2
15,1.7468749270751496,5,5,2
16,1.7400488400488399,4,7,4
17,1.7213166144200627,5,5,3
18,1.7333333333333332,5,7,2
19,1.7102055033089516,6,4,2
20,1.7144472015439756,5,5,2
21,1.706168831168831,5,5,3
22,1.6746031746031744,6,4,2
23,1.6583333333333332,5,5,3
24,1.6282051282051282,3,8,4
25,1.627936507936508,6,4,2
26,1.6282051282051282,3,8,4
27,1.6238095238095238,6,4,2
28,1.6070309001343484,5,4,4
29,1.6111111111111112,6,5,1
30,1.5927544677544676,6,5,1
31,1.5773809523809523,5,5,2
32,1.5813555953090837,3,8,5
33,1.5415898111550286,6,4,3
34,1.5249231444883617,6,5,2
35,1.4324324324324325,4,8,2
36,1.3695810894086755,5,5,2
37,1.3478335757196325,6,4,2
38,1.2633590665627277,4,10,2
39,1.2222222222222223,3,13,3
