,mq,No. Clus,Max clus,Min clus
0,2.022263035028711,8,5,2
1,1.9882317881039107,8,6,2
2,1.8208882949541672,7,4,2
3,1.773809109333406,11,3,2
4,1.773809109333406,11,3,2
5,1.757632390585731,8,4,2
6,1.7329234774886948,9,4,2
7,1.713362210297566,8,5,2
8,1.713362210297566,8,5,2
9,1.70773074031827,9,5,2
10,1.7055691651343825,10,5,2
11,1.646267548916834,9,4,2
12,1.6155880099834432,5,9,2
13,1.6081312873765703,7,4,2
14,1.5995085590737763,11,3,2
15,1.589300954884937,9,3,2
16,1.5669985385458531,10,3,2
17,1.4855880530793903,9,3,2
18,1.4816662807180048,10,4,2
19,1.4806312769010042,5,12,2
20,1.4704279669216553,6,6,2
21,1.4206583231583232,10,4,2
22,1.3856813917789528,10,3,2
23,1.3778087646153614,8,5,2
24,1.3610950118366998,12,2,2
25,1.343735246235246,11,3,2
26,1.337087646652864,6,10,2
27,1.3005589798042627,8,5,2
28,1.265162318597433,3,13,5
29,1.218588587205038,9,6,2
30,1.2306306306306307,3,20,2
31,1.1864690320572673,11,3,2
32,1.191156703484069,7,5,2
33,1.1512895496059796,10,4,2
34,1.1282964378616551,8,10,2
35,1.081574274871239,7,8,2
36,1.0727513227513228,8,6,2
37,1.075541379889206,4,14,3
38,0.9982355043330653,7,8,2
39,0.9954954954954955,4,16,2
40,0.975395389574494,10,5,2
41,0.9500409189966152,7,11,2
42,0.940060789681283,8,5,2
43,0.9216357086796403,5,11,2
44,0.91005291005291,3,21,1
45,0.8564330168213663,7,13,1
46,0.8419957565351572,8,5,2
47,0.8083055288937642,10,4,2
48,0.8039508148289147,9,4,1
49,0.7698023653906007,11,3,2
