,mq,No. Clus,Max clus,Min clus
0,1.9496088657105608,6,7,3
1,1.9496088657105608,6,7,3
2,1.9496088657105608,6,7,3
3,1.790977460977461,8,3,3
4,1.790977460977461,8,3,3
5,1.790977460977461,8,3,3
6,1.790977460977461,8,3,3
7,1.790977460977461,8,3,3
8,1.790977460977461,8,3,3
9,1.790977460977461,8,3,3
10,1.790977460977461,8,3,3
11,1.790977460977461,8,3,3
12,1.790977460977461,8,3,3
13,1.790977460977461,8,3,3
14,1.790977460977461,8,3,3
15,1.790977460977461,8,3,3
16,1.790977460977461,8,3,3
17,1.790977460977461,8,3,3
18,1.790977460977461,8,3,3
19,1.790977460977461,8,3,3
20,1.790977460977461,8,3,3
21,1.790977460977461,8,3,3
22,1.790977460977461,8,3,3
23,1.7614407814407813,8,3,3
24,1.7805165682972302,6,7,3
25,1.7560568260568261,8,3,3
26,1.7515153267784846,7,5,3
27,1.7483710965438952,7,5,3
28,1.7504646404646405,7,6,3
29,1.7504646404646405,7,6,3
30,1.7265201465201465,8,3,3
31,1.7155440055440057,7,6,3
32,1.6971794871794872,8,4,2
33,1.6800867553499133,7,5,3
34,1.579120879120879,7,5,3
35,1.5473877173877173,8,3,3
36,1.5473877173877173,8,3,3
37,1.5124670824670825,8,3,3
38,1.365813686759271,5,7,3
39,1.1873621873621876,7,5,3
40,1.1868107943107944,7,6,3
41,1.1868107943107944,7,6,3
42,1.1518901593901596,7,6,3
43,1.0997749852922265,6,9,3
44,1.0997749852922265,6,9,3
45,1.0755144270933745,5,12,3
46,1.0755144270933745,5,12,3
47,1.0755144270933745,5,12,3
