,mq,No. Clus,Max clus,Min clus
0,1.5064935064935066,4,4,2
1,1.5064935064935066,4,4,2
2,1.5064935064935066,4,4,2
3,1.4891774891774894,4,4,3
4,1.4891774891774894,4,4,3
5,1.4891774891774894,4,4,3
6,1.4891774891774894,4,4,3
7,1.4891774891774894,4,4,3
8,1.4891774891774894,4,4,3
9,1.46482683982684,3,6,3
10,1.4166666666666667,4,4,2
11,1.3993506493506493,4,4,3
12,1.3993506493506493,4,4,3
13,1.3993506493506493,4,4,3
14,1.3643097643097644,4,4,3
15,1.3398268398268398,3,5,3
16,1.3398268398268398,3,5,3
17,1.3317523056653493,4,4,3
18,1.3211462450592886,4,5,2
19,1.2402097902097902,5,3,2
20,1.2399108138238573,3,6,3
21,1.1772328548644337,4,4,2
22,1.1772328548644337,4,4,2
23,1.1559947299077733,4,4,2
24,1.1417748917748916,5,4,1
25,1.097626058152374,5,4,1
