,mq,No. Clus,Max clus,Min clus
0,1.7955148615403487,8,6,1
1,1.7955148615403487,8,6,1
2,1.7955148615403487,8,6,1
3,1.7843684658591799,9,5,1
4,1.73088628486731,11,3,1
5,1.73088628486731,11,3,1
6,1.7301703236128612,10,4,1
7,1.7301703236128612,10,4,1
8,1.6885123839745688,9,5,1
9,1.6854317394127647,10,4,2
10,1.6538521788561784,9,4,2
11,1.6048984240968407,10,4,1
12,1.6017719209703376,10,4,1
13,1.4953208108181668,10,4,1
14,1.484721130969731,10,4,1
15,1.4809380375068222,9,4,2
16,1.434946930104426,11,3,1
17,1.43706530536042,10,5,1
18,1.3913359517108388,10,4,1
19,1.3397140432575352,10,4,2
20,1.3134563174076852,10,4,1
21,1.3159247131266707,8,6,1
22,1.3094438786422953,10,4,2
23,1.2889549993298866,10,4,1
24,1.2724068416052583,10,3,2
25,1.2803938829052748,9,5,1
26,1.2546833347579744,10,4,2
27,1.2506730198714364,11,3,1
28,1.2312957304941472,9,6,2
29,1.2334563174076851,9,6,1
30,1.2230766858954705,10,4,1
31,1.190408241789923,11,3,1
32,1.185238221751482,11,4,1
33,1.1677059869044035,8,8,3
34,1.157132985044437,9,4,2
35,1.1495368627865041,9,4,1
36,1.1445962759779573,11,3,2
37,1.1481505305404365,9,6,1
38,1.114311136281053,12,3,1
39,1.132070747767766,9,5,1
40,1.0907867521684333,9,6,2
41,1.1007011314395765,4,18,1
42,1.0699320513137327,10,6,1
43,1.0693574427931476,7,13,1
44,1.047578647283397,10,4,2
45,1.047578647283397,10,4,2
46,1.0583343765616617,8,5,2
47,1.0641468479168994,7,13,1
48,1.0554813337764484,8,6,1
49,1.0512127289638626,5,17,2
50,1.019876607301678,11,4,1
51,1.0397788277638091,8,8,1
52,0.9984624463167557,7,13,1
53,1.0157360105603148,6,17,1
54,0.9972927122358097,7,12,1
55,0.998292220113852,5,18,1
56,0.9122271332809457,9,9,1
57,0.951063829787234,4,22,1
