,mq,No. Clus,Max clus,Min clus
0,2.020682872279968,8,6,2
1,1.980515683147262,9,3,2
2,1.980515683147262,9,3,2
3,1.980515683147262,9,3,2
4,1.9549678975994764,8,4,2
5,1.8123580341227399,8,3,3
6,1.8123580341227399,8,3,3
7,1.8123580341227399,8,3,3
8,1.8123580341227399,8,3,3
9,1.8123580341227399,8,3,3
10,1.8123580341227399,8,3,3
11,1.8123580341227399,8,3,3
12,1.8123580341227399,8,3,3
13,1.8123580341227399,8,3,3
14,1.8123580341227399,8,3,3
15,1.8123580341227399,8,3,3
16,1.8123580341227399,8,3,3
17,1.8123580341227399,8,3,3
18,1.8123580341227399,8,3,3
19,1.8123580341227399,8,3,3
20,1.8123580341227399,8,3,3
21,1.8123580341227399,8,3,3
22,1.8123580341227399,8,3,3
23,1.8123580341227399,8,3,3
24,1.8123580341227399,8,3,3
25,1.8123580341227399,8,3,3
26,1.8123580341227399,8,3,3
27,1.7627946127946128,9,3,2
28,1.7091962274092016,9,3,2
29,1.6177482697217043,9,3,2
30,1.549600121573556,9,3,2
31,1.5011110766924722,9,3,2
32,1.4633826824149405,8,4,2
33,1.3925755325755325,9,3,2
34,1.2338288397398869,7,6,3
35,1.2338288397398869,7,6,3
36,1.2338288397398869,7,6,3
37,1.2247822765469825,6,9,3
38,1.2247822765469825,6,9,3
39,1.1824431818181818,4,15,3
40,1.1824431818181818,4,15,3
41,1.1824431818181818,4,15,3
42,1.1824431818181818,4,15,3
43,1.1824431818181818,4,15,3
44,1.0886187557062736,8,6,2
45,1.0359358288770053,9,4,2
46,1.058034398034398,3,18,3
47,1.058034398034398,3,18,3
