,mq,No. Clus,Max clus,Min clus
0,1.4246031746031744,5,4,2
1,1.4059290382819793,5,4,2
2,1.4099511599511598,4,5,2
3,1.4059290382819793,5,4,2
4,1.3302308802308802,6,3,2
5,1.3302308802308802,6,3,2
6,1.311556743909685,6,3,2
7,1.311556743909685,6,3,2
8,1.2428571428571429,3,6,2
9,1.2109498344792462,5,4,2
10,1.1468975468975469,6,3,2
11,1.07603121516165,3,5,3
12,1.0220841959972393,4,5,2
13,1.0129338691998537,4,5,2
14,0.9411477411477411,5,4,2
15,0.9064935064935065,6,3,2
16,0.9064935064935065,6,3,2
17,0.9053571428571429,4,7,2
18,0.896969696969697,5,4,2
19,0.9053571428571429,4,7,2
20,0.8771929824561403,3,11,1
21,0.8539682539682538,5,4,2
22,0.8155844155844156,5,5,2
23,0.7873015873015873,5,6,1
24,0.7776397515527951,5,5,2
25,0.7681159420289855,4,5,2
26,0.6967032967032967,6,3,2
27,0.6967032967032967,6,3,2
