,mq,No. Clus,Max clus,Min clus
0,1.3083333333333331,3,6,3
1,1.2171717171717171,3,5,4
2,1.2222222222222223,3,6,2
3,1.2270531400966185,3,9,2
4,1.2171717171717171,4,5,2
5,1.2123015873015872,4,7,2
6,1.2083333333333333,4,4,2
7,1.2123015873015872,3,7,2
8,1.2,3,7,2
9,1.1944444444444444,5,4,2
10,1.1886363636363637,3,6,2
11,1.1738351254480286,3,6,2
12,1.125,3,6,2
13,1.125,3,6,2
14,1.10609243697479,3,8,2
15,1.10609243697479,3,8,2
16,1.096171802054155,3,8,2
17,1.0816993464052287,4,6,2
18,1.053968253968254,5,4,2
19,1.0359477124183007,3,7,3
20,0.9935400516795865,3,8,2
21,0.9559290382819794,4,4,2
22,0.923404255319149,3,9,2
23,0.9083333333333332,5,4,2
24,0.8738351254480285,5,6,1
25,0.8608776844070962,4,4,2
26,0.7924528301886793,3,11,1
27,0.7079365079365079,6,3,2
