,mq,No. Clus,Max clus,Min clus
0,1.9687319441883337,6,9,2
1,1.9687319441883337,6,9,2
2,1.9687319441883337,6,9,2
3,1.9215957212781167,6,9,2
4,1.9215957212781167,6,9,2
5,1.8619806658158211,6,9,2
6,1.8372549019607844,6,9,2
7,1.8372549019607844,6,9,2
8,1.8372549019607844,6,9,2
9,1.8372549019607844,6,9,2
10,1.8203343782654127,6,9,2
11,1.8070463898939408,6,9,2
12,1.8070463898939408,6,9,2
13,1.8007336523125996,6,9,2
14,1.795328032983138,6,9,2
15,1.795328032983138,6,9,2
16,1.795328032983138,6,9,2
17,1.795328032983138,6,9,2
18,1.7836646867953583,6,9,2
19,1.7836646867953583,6,9,2
20,1.7813930348258706,6,7,2
21,1.7590043109442357,6,10,2
22,1.7590043109442357,6,10,2
23,1.7466666666666666,6,9,2
24,1.7465254119927986,6,9,2
25,1.7422500870776734,6,9,2
26,1.7295977011494252,6,9,2
27,1.7219047619047618,6,9,2
28,1.7224830612960509,6,10,2
29,1.7224830612960509,6,10,2
30,1.71815987933635,6,9,2
31,1.71815987933635,6,9,2
32,1.71815987933635,6,9,2
33,1.71815987933635,6,9,2
34,1.715394941287348,6,9,2
35,1.7010909138191086,6,9,2
36,1.6941399813740237,6,10,2
37,1.6853921568627452,6,9,2
38,1.6819602364572943,6,9,2
39,1.6776274136516376,6,9,2
40,1.6684160756501183,6,10,2
41,1.6476568917933525,6,7,2
42,1.6399092883198014,6,10,2
43,1.6236037390601288,6,9,2
44,1.3978894048121568,6,10,2
45,1.377876509455457,6,9,2
46,1.2811784418927274,6,8,2
47,1.2381941618239258,6,9,2
48,1.1982666184753472,6,9,2
49,1.0961690692537176,6,9,2
