,mq,No. Clus,Max clus,Min clus
0,1.4098751490055839,4,4,2
1,1.4098751490055839,4,4,2
2,1.4098751490055839,4,4,2
3,1.4098751490055839,4,4,2
4,1.372176736307171,4,4,3
5,1.372176736307171,4,4,3
6,1.372176736307171,4,4,3
7,1.3398268398268398,3,6,3
8,1.3398268398268398,3,6,3
9,1.3114624505928854,3,6,3
10,1.3073593073593073,4,4,3
11,1.3114624505928854,3,6,3
12,1.30506993006993,4,4,3
13,1.30506993006993,4,4,3
14,1.30506993006993,4,4,3
15,1.30506993006993,4,4,3
16,1.30506993006993,4,4,3
17,1.2743506493506493,4,4,3
18,1.2597402597402596,4,4,3
19,1.254120879120879,4,4,3
20,1.254120879120879,4,4,3
21,1.2182497809096275,4,4,3
22,1.2,4,4,3
23,1.188001188001188,3,6,3
24,1.188001188001188,3,6,3
25,1.1132478632478633,4,4,2
26,1.0656288156288156,5,4,1
27,1.0479520479520479,4,4,2
