,mq,No. Clus,Max clus,Min clus
0,1.902383252807854,7,7,2
1,1.797954263453356,8,4,2
2,1.6490338629724821,8,3,3
3,1.6114120306138076,8,4,2
4,1.5864478764478764,8,4,2
5,1.549085239085239,9,4,2
6,1.5378484983642626,7,5,2
7,1.4799536584926785,9,4,2
8,1.4764060664060663,10,3,2
9,1.4557776330008636,8,4,2
10,1.454606103381058,10,3,2
11,1.446637348811262,9,3,1
12,1.4275214587276297,9,3,2
13,1.3976311376311377,10,3,1
14,1.3962586548318714,8,4,2
15,1.3918632401391022,8,4,2
16,1.3847994546270408,9,4,2
17,1.3703174603174602,10,3,2
18,1.3679280687688373,9,4,2
19,1.356081315235277,9,4,2
20,1.3515810768751946,10,4,1
21,1.3470656794186207,9,4,2
22,1.3416849115124978,9,4,2
23,1.3085954186359867,9,5,2
24,1.2917231846091721,9,4,2
25,1.286950260810105,9,4,2
26,1.2648766328011611,5,10,2
27,1.2181502807525186,10,4,2
28,1.2126513305758588,10,5,2
29,1.2112113212518894,9,4,2
30,1.1752145240743683,8,5,2
31,1.1509764978483945,9,5,1
32,1.1309368657194745,5,10,2
33,1.0983516483516484,9,4,2
34,1.0688471438471439,9,4,2
35,0.9977694496115549,9,5,2
36,0.9809931471935376,8,5,2
37,0.9429775098839847,3,17,3
38,0.9410260700583281,7,9,2
39,0.9247058823529413,5,10,3
40,0.9084285898802028,6,11,2
41,0.8918305732952899,8,5,2
42,0.8643489457588927,5,14,2
43,0.8640329104614819,7,11,1
44,0.8441421380895064,8,7,2
45,0.838727494977495,8,8,1
46,0.825952380952381,6,10,2
47,0.8127450980392157,4,15,2
48,0.8027450980392157,5,12,2
49,0.7605442176870748,4,18,2
