,mq,No. Clus,Max clus,Min clus
0,1.9723201462331896,4,7,4
1,1.9723201462331896,4,7,4
2,1.9723201462331896,4,7,4
3,1.9723201462331896,4,7,4
4,1.9723201462331896,4,7,4
5,1.9723201462331896,4,7,4
6,1.9723201462331896,4,7,4
7,1.9723201462331896,4,7,4
8,1.9723201462331896,4,7,4
9,1.9723201462331896,4,7,4
10,1.9723201462331896,4,7,4
11,1.9723201462331896,4,7,4
12,1.9723201462331896,4,7,4
13,1.9723201462331896,4,7,4
14,1.9723201462331896,4,7,4
15,1.9723201462331896,4,7,4
16,1.9723201462331896,4,7,4
17,1.9723201462331896,4,7,4
18,1.9723201462331896,4,7,4
19,1.9723201462331896,4,7,4
20,1.9723201462331896,4,7,4
21,1.9723201462331896,4,7,4
22,1.9723201462331896,4,7,4
23,1.9723201462331896,4,7,4
24,1.9723201462331896,4,7,4
25,1.9723201462331896,4,7,4
26,1.9167645906776343,4,7,3
27,1.9098572256466992,4,7,3
28,1.9098572256466992,4,7,3
29,1.9044838889232483,4,7,4
30,1.9044838889232483,4,7,4
31,1.8650075414781297,4,6,3
32,1.8486486486486486,4,7,3
33,1.8416007338607958,4,6,4
34,1.8295603295603295,4,7,4
35,1.8218574251405988,4,8,3
36,1.8218574251405988,4,8,3
37,1.8218574251405988,4,8,3
38,1.800940800940801,4,7,3
39,1.780392156862745,4,6,4
40,1.6939707149009475,4,8,4
41,1.6939707149009475,4,8,4
