,mq,No. Clus,Max clus,Min clus
0,1.337138667783829,4,6,2
1,1.337138667783829,4,6,2
2,1.337138667783829,4,6,2
3,1.337138667783829,4,6,2
4,1.337138667783829,4,6,2
5,1.337138667783829,4,6,2
6,1.337138667783829,4,6,2
7,1.337138667783829,4,6,2
8,1.337138667783829,4,6,2
9,1.337138667783829,4,6,2
10,1.337138667783829,4,6,2
11,1.2442002442002442,4,5,2
12,1.2442002442002442,4,5,2
13,1.2442002442002442,4,5,2
14,1.2442002442002442,4,5,2
15,1.2442002442002442,4,5,2
16,1.2442002442002442,4,5,2
17,1.2442002442002442,4,5,2
18,1.2442002442002442,4,5,2
19,1.2442002442002442,4,5,2
20,0.9986923831317422,4,5,2
21,0.7915057915057915,4,7,2
22,0.7915057915057915,4,7,2
23,0.7915057915057915,4,7,2
24,0.7915057915057915,4,7,2
25,0.7915057915057915,4,7,2
26,0.7915057915057915,4,7,2
27,0.7915057915057915,4,7,2
