,mq,No. Clus,Max clus,Min clus
0,1.907607081520125,4,7,4
1,1.907607081520125,4,7,4
2,1.907607081520125,4,7,4
3,1.907607081520125,4,7,4
4,1.907607081520125,4,7,4
5,1.907607081520125,4,7,4
6,1.8117255717255718,4,7,3
7,1.8117255717255718,4,7,3
8,1.8117255717255718,4,7,3
9,1.8096908322714775,4,7,3
10,1.768970572369632,4,6,4
11,1.768970572369632,4,6,4
12,1.7674139413269847,4,7,4
13,1.7674139413269847,4,7,4
14,1.7674139413269847,4,7,4
15,1.7674139413269847,4,7,4
16,1.7674139413269847,4,7,4
17,1.7674139413269847,4,7,4
18,1.7674139413269847,4,7,4
19,1.7674139413269847,4,7,4
20,1.7674139413269847,4,7,4
21,1.7674139413269847,4,7,4
22,1.7571443604275343,4,8,3
23,1.6921411921411922,4,6,4
24,1.6921411921411922,4,6,4
25,1.6934322986954564,4,7,3
26,1.6808830808830808,4,7,4
27,1.6808830808830808,4,7,4
28,1.6808830808830808,4,7,4
29,1.6808830808830808,4,7,4
30,1.6808830808830808,4,7,4
31,1.6763018014343571,4,7,3
32,1.6743403482533918,4,7,3
33,1.639505457355356,4,6,4
34,1.6222141030325172,4,6,4
35,1.616951220234394,4,8,3
36,1.5629343629343628,4,7,3
37,1.555531239741766,4,7,3
38,1.555531239741766,4,7,3
39,1.5452934662236988,4,8,4
40,1.5359477124183005,4,6,3
41,1.5359477124183005,4,6,3
