,mq,No. Clus,Max clus,Min clus
0,1.8503963042898195,8,6,2
1,1.8503963042898195,8,6,2
2,1.8503963042898195,8,6,2
3,1.8214138442480774,8,6,2
4,1.8214138442480774,8,6,2
5,1.8214138442480774,8,6,2
6,1.7519002904996879,8,6,2
7,1.7237150428958357,8,6,2
8,1.7017665100927681,8,6,2
9,1.7017665100927681,8,6,2
10,1.7017665100927681,8,6,2
11,1.6898904656658753,8,6,2
12,1.665915284514682,8,6,2
13,1.6657009363222763,8,6,2
14,1.6657009363222763,8,6,2
15,1.6657009363222763,8,6,2
16,1.6657009363222763,8,6,2
17,1.640705521600001,8,6,2
18,1.5954390940384915,8,6,2
19,1.5832328804297533,8,6,2
20,1.5795159153828648,8,6,2
21,1.5708483294934936,8,6,2
22,1.5656592285770055,8,6,2
23,1.5656592285770055,8,6,2
24,1.561996980596378,8,6,2
25,1.5418658694517515,8,6,2
26,1.5418658694517515,8,6,2
27,1.5418658694517515,8,6,2
28,1.5418658694517515,8,6,2
29,1.5284095290532327,8,6,2
30,1.5284095290532327,8,6,2
31,1.5284095290532327,8,6,2
32,1.5266151360947031,8,6,2
33,1.5198567841770854,8,6,2
34,1.5198567841770854,8,6,2
35,1.5193114379108352,8,6,2
36,1.5120861711053122,8,6,2
37,1.5107010445865634,8,6,2
38,1.4893436928331893,8,6,2
39,1.4851738200823568,8,6,2
40,1.4671767530418758,8,6,2
41,1.4652737201822568,8,6,2
42,1.460054478653876,8,6,2
43,1.422772246255295,8,6,2
44,1.4010631938664675,8,6,2
45,1.4010631938664675,8,6,2
46,1.39320412311266,8,6,2
47,1.39320412311266,8,6,2
48,1.378606102468658,8,6,2
49,1.3726811275896642,8,6,2
50,1.3703469802555168,8,6,2
51,1.3466366837646242,8,6,2
52,1.3424304360298338,8,6,2
53,1.3277365584788132,8,6,2
54,1.3099903290728978,8,6,2
55,1.301981583231583,8,6,2
56,1.288181063361193,8,6,2
57,1.2766952293738008,8,6,2
58,1.2134673969406276,8,6,2
59,1.1629672642172642,8,6,2
