,mq,No. Clus,Max clus,Min clus
0,1.8382366509053165,5,7,2
1,1.8382366509053165,5,7,2
2,1.7036404069054594,6,12,2
3,1.6297075476598617,6,7,2
4,1.5169923208330476,10,3,2
5,1.5335483870967743,7,5,3
6,1.5087811743054709,10,3,2
7,1.5010593141729187,10,3,2
8,1.4940603479054841,9,4,2
9,1.4572873268525441,9,3,2
10,1.4632171893147503,7,6,2
11,1.45228696840391,9,4,2
12,1.44112967187136,10,3,2
13,1.439462646756059,9,3,2
14,1.4370310001446045,9,3,2
15,1.4344970453772152,9,3,2
16,1.4249356158157855,9,3,2
17,1.4295596956766372,8,4,2
18,1.3715925394548063,9,3,2
19,1.3806514804798558,7,6,2
20,1.3561293134227257,10,3,2
21,1.3318586927388625,10,3,2
22,1.3084584980237155,9,4,2
23,1.3109214251674937,7,7,2
24,1.2252189413314734,9,3,2
25,1.2252189413314734,9,3,2
26,1.187982307547525,9,3,2
27,1.187982307547525,9,3,2
28,1.1870310001446045,9,3,2
29,1.1718246525663405,10,3,2
30,1.1625529438828672,9,4,2
31,1.1382624195923428,9,3,2
32,1.1061293134227257,9,4,2
33,1.0238904788968728,8,5,2
34,1.065535504649109,4,17,2
35,1.0070376851477942,5,16,2
36,0.9440414013348135,9,5,2
37,0.9582021713157758,7,6,2
38,1.0284584980237153,3,19,2
39,1.0043973739625913,3,20,2
40,0.9447528602771569,9,6,2
41,1.0043973739625913,3,20,2
42,0.9389714020850066,7,5,2
43,0.9038163316794214,5,13,2
44,0.8857257518426934,7,5,2
45,0.9231921266581087,4,16,2
46,0.8767590346963452,6,9,2
47,0.8561696509905725,6,12,2
