,mq,No. Clus,Max clus,Min clus
0,2.135912593635706,7,6,2
1,2.135912593635706,7,6,2
2,2.135912593635706,7,6,2
3,2.013894244157402,8,5,2
4,2.02456756439594,6,8,2
5,2.013894244157402,8,5,2
6,2.0117367694598816,8,6,2
7,1.9567513870145448,9,3,2
8,1.9924509482428814,5,11,2
9,1.9511060259344013,6,9,2
10,1.9412398200155638,9,3,2
11,1.9204815428905635,7,6,2
12,1.9332431870189308,7,9,2
13,1.922656665114945,6,8,2
14,1.888450292397661,9,3,2
15,1.888450292397661,9,3,2
16,1.8963868003341684,8,5,2
17,1.9205080007711586,6,10,2
18,1.8938445798039403,5,10,2
19,1.8875727541995484,5,11,2
20,1.841576520352264,8,6,2
21,1.8178821178821178,7,5,2
22,1.8135898871024732,10,3,1
23,1.8143632548804962,7,6,2
24,1.8116483516483517,6,8,2
25,1.7814013079293216,8,6,2
26,1.7834159674548693,8,9,1
27,1.798053458400061,6,10,1
28,1.780067920585162,8,6,2
29,1.787783751493429,5,13,2
30,1.7538616523742383,9,3,2
31,1.7435437589670015,3,17,3
32,1.7342766747939162,7,6,2
33,1.7352784974736195,6,8,2
34,1.6803159803159802,9,3,2
35,1.6803159803159802,9,3,2
36,1.6803159803159802,9,3,2
37,1.6209770114942528,8,6,2
38,1.5898582094234268,9,4,2
39,1.5043100779308087,7,6,2
40,1.4578947368421051,9,3,2
41,1.4540378389616562,9,4,2
42,1.4259935553168637,4,11,2
43,1.3960260499734183,7,9,2
44,1.2222222222222223,9,4,2
45,1.2463768115942029,3,20,2
46,1.1622514229498981,3,11,6
47,1.1359541359541359,3,10,7
