,mq,No. Clus,Max clus,Min clus
0,1.926282051282051,6,6,2
1,1.926282051282051,6,6,2
2,1.926282051282051,6,6,2
3,1.926282051282051,6,6,2
4,1.926282051282051,6,6,2
5,1.926282051282051,6,6,2
6,1.926282051282051,6,6,2
7,1.926282051282051,6,6,2
8,1.926282051282051,6,6,2
9,1.926282051282051,6,6,2
10,1.926282051282051,6,6,2
11,1.926282051282051,6,6,2
12,1.926282051282051,6,6,2
13,1.926282051282051,6,6,2
14,1.926282051282051,6,6,2
15,1.926282051282051,6,6,2
16,1.926282051282051,6,6,2
17,1.926282051282051,6,6,2
18,1.926282051282051,6,6,2
19,1.926282051282051,6,6,2
20,1.926282051282051,6,6,2
21,1.926282051282051,6,6,2
22,1.926282051282051,6,6,2
23,1.926282051282051,6,6,2
24,1.926282051282051,6,6,2
25,1.926282051282051,6,6,2
26,1.926282051282051,6,6,2
27,1.926282051282051,6,6,2
28,1.926282051282051,6,6,2
29,1.926282051282051,6,6,2
30,1.926282051282051,6,6,2
31,1.926282051282051,6,6,2
32,1.926282051282051,6,6,2
33,1.926282051282051,6,6,2
34,1.926282051282051,6,6,2
35,1.8852952602952602,6,6,2
36,1.877918118086657,6,7,2
37,1.877918118086657,6,7,2
38,1.6944164345849737,6,7,2
39,1.6595291962939023,6,6,2
40,1.6249777999778,6,6,2
41,1.5555555555555556,6,6,2
42,1.5555555555555556,6,6,2
43,1.5555555555555556,6,6,2
44,1.5039220647773277,6,7,2
45,1.5039220647773277,6,7,2
46,1.5039220647773277,6,7,2
47,1.4140534302299008,6,6,2
48,1.2952380952380953,6,6,2
49,1.1863451732780226,6,7,2
