,mq,No. Clus,Max clus,Min clus
0,1.6387878787878787,3,17,3
1,1.6387878787878787,3,17,3
2,1.6387878787878787,3,17,3
3,1.6387878787878787,3,17,3
4,1.6387878787878787,3,17,3
5,1.6387878787878787,3,17,3
6,1.6387878787878787,3,17,3
7,1.6387878787878787,3,17,3
8,1.6387878787878787,3,17,3
9,1.6387878787878787,3,17,3
10,1.6387878787878787,3,17,3
11,1.6387878787878787,3,17,3
12,1.6387878787878787,3,17,3
13,1.6387878787878787,3,17,3
14,1.6387878787878787,3,17,3
15,1.6387878787878787,3,17,3
16,1.6387878787878787,3,17,3
17,1.6387878787878787,3,17,3
18,1.6387878787878787,3,17,3
19,1.6387878787878787,3,17,3
20,1.6387878787878787,3,17,3
21,1.6387878787878787,3,17,3
22,1.6387878787878787,3,17,3
23,1.6387878787878787,3,17,3
24,1.6387878787878787,3,17,3
25,1.6387878787878787,3,17,3
26,1.6387878787878787,3,17,3
27,1.6387878787878787,3,17,3
28,1.6387878787878787,3,17,3
29,1.6387878787878787,3,17,3
30,1.6387878787878787,3,17,3
31,1.6387878787878787,3,17,3
32,1.6387878787878787,3,17,3
33,1.6387878787878787,3,17,3
34,1.6031289640591966,3,16,3
35,1.6031289640591966,3,16,3
36,1.6031289640591966,3,16,3
37,1.6031289640591966,3,16,3
38,1.6031289640591966,3,16,3
39,1.6031289640591966,3,16,3
40,1.6031289640591966,3,16,3
41,1.581404580998366,3,18,3
42,1.581404580998366,3,18,3
43,1.581404580998366,3,18,3
44,1.581404580998366,3,18,3
45,1.574856429463171,3,17,4
46,1.574856429463171,3,17,4
47,1.574856429463171,3,17,4
48,1.574856429463171,3,17,4
49,1.5411087620389945,3,16,4
50,1.5411087620389945,3,16,4
51,1.5411087620389945,3,16,4
52,1.5411087620389945,3,16,4
53,1.3318637992831541,3,17,2
54,1.3318637992831541,3,17,2
55,1.2757592856091458,3,18,2
56,1.2757592856091458,3,18,2
57,1.2757592856091458,3,18,2
58,1.2757592856091458,3,18,2
59,1.2757592856091458,3,18,2
