,mq,No. Clus,Max clus,Min clus
0,1.9130529992281144,9,5,2
1,1.9130529992281144,9,5,2
2,1.9130529992281144,9,5,2
3,1.9130529992281144,9,5,2
4,1.4452800173973819,7,8,1
5,1.2928704762107168,10,7,1
6,1.2359734982685802,7,7,1
7,1.2081134105289149,9,5,2
8,1.1468941681699212,7,8,2
9,1.1465679552479213,7,7,2
10,1.146023546930988,7,7,2
11,1.1312868854110016,3,24,2
12,1.1291559317875108,8,6,2
13,1.1280496748156625,8,5,2
14,1.123929923643459,6,8,2
15,1.1166491794398772,10,4,1
16,1.1138766608988642,5,9,3
17,1.113651264476805,6,9,2
18,1.111137450120501,4,15,3
19,1.1050875547217012,5,9,1
20,1.090415901218698,3,10,9
21,1.0850160556950987,6,10,2
22,1.090064588541746,4,19,3
23,1.0808804019330336,8,6,2
24,1.0767445500657842,10,5,2
25,1.0765099765099766,5,9,3
26,1.0741828646352158,4,12,3
27,1.0711056487372277,5,15,2
28,1.0612362170936025,4,15,2
29,1.0625356125356125,4,17,2
30,1.054492391077757,3,18,3
31,1.0466507898706041,9,5,2
32,1.0469886702444842,4,17,3
33,1.0398315928045605,8,5,3
34,1.0273357753357752,5,10,3
35,1.0199832496309575,9,5,2
36,1.024175824175824,3,22,3
37,1.020519673151252,6,15,2
38,1.01464879045766,8,5,2
39,1.007884908502616,6,8,2
40,0.9884666936321745,6,12,2
41,0.9871711459219592,5,12,2
42,0.9804911026442342,4,10,4
43,0.9687704414448601,5,10,2
44,0.9724190283400809,4,16,3
45,0.9510382351039094,6,9,2
46,0.9487145682267634,3,19,1
47,0.9414773594962604,9,5,2
48,0.9412616798973101,4,15,2
49,0.9354777100190561,4,13,3
50,0.9318220239283215,7,8,1
51,0.9257269415466137,6,9,2
52,0.9230005658994554,4,11,5
53,0.9159514154402155,9,5,2
54,0.9119057601091684,6,13,2
55,0.9086938828746576,5,9,3
56,0.900569671128508,8,8,1
57,0.8948496813268172,5,8,3
58,0.885839266601517,3,17,5
59,0.8867886178861788,4,17,2
