,mq,No. Clus,Max clus,Min clus
0,2.0398355635016716,5,6,3
1,2.0398355635016716,5,6,3
2,2.0398355635016716,5,6,3
3,2.0398355635016716,5,6,3
4,2.0398355635016716,5,6,3
5,2.0398355635016716,5,6,3
6,2.0398355635016716,5,6,3
7,2.0398355635016716,5,6,3
8,2.0398355635016716,5,6,3
9,2.0398355635016716,5,6,3
10,2.0398355635016716,5,6,3
11,2.0398355635016716,5,6,3
12,2.0398355635016716,5,6,3
13,2.0398355635016716,5,6,3
14,2.0398355635016716,5,6,3
15,2.0398355635016716,5,6,3
16,2.0398355635016716,5,6,3
17,2.0398355635016716,5,6,3
18,2.0398355635016716,5,6,3
19,2.0398355635016716,5,6,3
20,2.0398355635016716,5,6,3
21,2.0398355635016716,5,6,3
22,2.0398355635016716,5,6,3
23,2.0398355635016716,5,6,3
24,2.0398355635016716,5,6,3
25,2.0398355635016716,5,6,3
26,2.0398355635016716,5,6,3
27,2.0398355635016716,5,6,3
28,2.0398355635016716,5,6,3
29,2.0398355635016716,5,6,3
30,2.0398355635016716,5,6,3
31,2.0398355635016716,5,6,3
32,2.0398355635016716,5,6,3
33,2.0151812240047535,5,6,3
34,2.0151812240047535,5,6,3
35,2.009635732373048,5,7,3
36,1.988286576384969,5,7,3
37,1.9625628362289445,5,6,4
38,1.9581668842997857,5,8,3
39,1.9473124098124097,5,6,3
40,1.938822225120647,5,6,3
41,1.9318968046341203,5,6,4
42,1.9318968046341203,5,6,4
43,1.917671950024891,5,7,3
44,1.917671950024891,5,7,3
45,1.801545887076402,5,7,2
46,1.765972799193143,5,7,2
47,1.765972799193143,5,7,2
48,1.6786061111534674,5,6,2
49,1.6786061111534674,5,6,2
