,mq,No. Clus,Max clus,Min clus
0,1.930702658826184,7,8,2
1,1.8442903143131977,7,8,2
2,1.7213503887416932,7,8,2
3,1.7021217748972388,7,8,2
4,1.6793946204791086,7,8,2
5,1.6627618190559952,7,8,2
6,1.6432969144939804,7,8,2
7,1.6372560474622737,7,8,2
8,1.6372560474622737,7,8,2
9,1.6120098415992516,7,8,2
10,1.59485771863232,7,8,2
11,1.5572865908512328,7,8,2
12,1.5365439535313437,7,8,2
13,1.5359956747081394,7,8,2
14,1.5060752842481375,7,8,2
15,1.5040639587550737,7,8,2
16,1.4897909191701566,7,8,2
17,1.4776807626850057,7,8,2
18,1.4739613989825213,7,8,2
19,1.4733997235649765,7,8,2
20,1.4704286886699438,7,8,2
21,1.4703057223982179,7,8,2
22,1.4626866010203083,7,8,2
23,1.4425652817294154,7,8,2
24,1.441560655511256,7,8,2
25,1.4411232071214484,7,8,2
26,1.4334953742003478,7,8,2
27,1.4115090103959966,7,8,2
28,1.4103901309783664,7,8,2
29,1.3974929690777191,7,8,2
30,1.3955810961139963,7,8,2
31,1.3700941937448938,7,8,2
32,1.3695244230142443,7,8,2
33,1.356959627103512,7,8,2
34,1.354186698836875,7,8,2
35,1.3096067858192506,7,8,2
36,1.301810955039549,7,8,2
37,1.2925901728583806,7,8,2
38,1.2887474333534146,7,8,2
39,1.2793778522975379,7,8,2
40,1.27020202020202,7,8,2
41,1.2640920855334197,7,8,2
42,1.2077843849344787,7,8,2
43,1.207136998058298,7,8,2
44,1.188679477703868,7,8,2
45,1.0889474617779444,7,8,2
46,1.0808400697336615,7,8,2
47,1.064336885081189,7,8,2
48,1.0493800128008057,7,8,1
49,1.0131982712627874,6,9,1
50,0.9928527198553295,7,8,2
51,0.9892359754774371,7,8,2
52,0.9794390410626492,7,8,2
53,0.9688532079903613,7,8,2
54,0.9680392372370812,7,8,2
55,0.9683337495837496,6,9,1
56,0.9460801813659541,7,8,2
57,0.9396573308617463,7,8,2
58,0.9106650024270161,7,8,2
59,0.8237319938112297,7,8,2
