,mq,No. Clus,Max clus,Min clus
0,2.0256474064857297,6,11,2
1,1.662798227393854,6,10,2
2,1.640530798177857,6,11,1
3,1.5427747532751634,6,11,1
4,1.5427747532751634,6,11,1
5,1.5102088082857315,6,11,2
6,1.5009862725402974,6,11,2
7,1.4819327731092438,6,11,2
8,1.4761466011466011,6,11,2
9,1.467121713550285,6,11,2
10,1.4587364450730789,6,11,2
11,1.4507030534986274,6,11,2
12,1.4461891172744528,6,10,2
13,1.4458851175269085,6,10,2
14,1.4292333146015554,6,10,2
15,1.4281448632668143,6,10,2
16,1.4259024547368107,6,11,2
17,1.4087591240875912,6,9,2
18,1.390864820248626,6,10,2
19,1.3834279994279994,6,10,2
20,1.3718795932749421,6,11,2
21,1.3504427521982616,6,10,2
22,1.2991815081470253,6,11,2
23,1.271761659746641,6,10,2
24,1.2707412679746652,6,11,1
25,1.2496166764459447,6,11,2
26,1.2416467088004597,6,12,2
27,1.2146168401135289,6,11,2
28,1.2131824829870301,5,10,2
29,1.1412142184266079,6,11,1
30,1.1350449567808292,6,11,2
31,1.1190602944715953,6,11,1
32,1.0996949603836261,6,12,1
33,1.07829721776351,6,11,1
34,1.0770098039215688,6,11,2
35,1.0699973773931288,6,11,1
36,1.0672919672919672,6,10,2
37,1.0641090146750525,6,11,1
38,1.0616995073891626,5,12,2
39,1.0395527575405623,6,11,1
40,1.0343631793445103,6,12,1
41,1.021303948576676,6,11,2
42,1.0187590187590188,6,10,1
43,1.0068129571577848,6,12,1
44,0.9978002289029154,6,10,1
45,0.9891357047444714,6,12,2
46,0.9848445951949806,6,9,2
47,0.9853158242988751,6,13,1
48,0.9770465153191746,6,10,2
49,0.9710851896095379,6,10,1
50,0.969539104321713,6,11,1
51,0.9614488104784817,6,10,2
52,0.9605135723488383,6,11,2
53,0.9599233716475096,6,11,2
54,0.95969893560255,5,12,2
55,0.9534353839735568,6,10,1
56,0.9383489225123509,6,10,2
57,0.924060424060424,6,10,1
58,0.9200398160768722,6,10,1
59,0.8916691236691237,6,10,1
