,mq,No. Clus,Max clus,Min clus
0,2.199760765550239,6,6,2
1,2.199760765550239,6,6,2
2,2.090909090909091,7,4,2
3,1.9892344497607655,6,6,2
4,1.9464646464646465,7,4,2
5,1.9084321475625823,7,4,2
6,1.9084321475625823,7,4,2
7,1.8452525252525256,8,4,2
8,1.8181818181818181,6,5,2
9,1.8115364167995747,7,4,2
10,1.7674362674362671,7,4,2
11,1.707070707070707,7,4,2
12,1.683139083139083,7,4,2
13,1.6707535885167464,6,5,2
14,1.6614130434782608,6,5,2
15,1.653846153846154,7,4,2
16,1.655495042591817,6,5,1
17,1.644949494949495,7,5,2
18,1.6389179241810823,7,4,2
19,1.6420083184789067,6,6,2
20,1.6251329080276449,8,4,2
21,1.6213545713545712,7,4,2
22,1.6183794466403163,5,9,2
23,1.6136181636181637,5,7,2
24,1.5834662413609784,8,4,1
25,1.590615835777126,3,11,4
26,1.578282828282828,7,4,2
27,1.580531561461794,5,8,2
28,1.510334928229665,7,4,1
29,1.4831318681318681,6,5,2
30,1.4678168687471014,5,8,2
31,1.449920255183413,7,4,2
32,1.424242424242424,7,4,1
33,1.4165244191559982,5,7,2
34,1.4155147970937443,4,11,2
35,1.3881118881118881,5,10,2
36,1.3868760064412238,7,4,1
37,1.3791228070175439,5,9,2
38,1.325668449197861,7,4,1
39,1.2887466413782205,5,7,1
40,1.271671826625387,4,12,2
41,1.1368723532970357,3,16,2
