,mq,No. Clus,Max clus,Min clus
0,2.113664001332667,7,7,2
1,2.113664001332667,7,7,2
2,2.113664001332667,7,7,2
3,1.907420554428668,8,3,3
4,1.907420554428668,8,3,3
5,1.907420554428668,8,3,3
6,1.907420554428668,8,3,3
7,1.907420554428668,8,3,3
8,1.907420554428668,8,3,3
9,1.907420554428668,8,3,3
10,1.907420554428668,8,3,3
11,1.907420554428668,8,3,3
12,1.907420554428668,8,3,3
13,1.907420554428668,8,3,3
14,1.907420554428668,8,3,3
15,1.907420554428668,8,3,3
16,1.907420554428668,8,3,3
17,1.907420554428668,8,3,3
18,1.907420554428668,8,3,3
19,1.907420554428668,8,3,3
20,1.907420554428668,8,3,3
21,1.907420554428668,8,3,3
22,1.907420554428668,8,3,3
23,1.907420554428668,8,3,3
24,1.907420554428668,8,3,3
25,1.8256729484095162,8,4,2
26,1.8226597090449084,5,12,3
27,1.7729718474096283,9,3,2
28,1.7742890889442613,8,4,2
29,1.6823960569692278,8,4,2
30,1.296599536132661,8,4,2
31,1.296599536132661,8,4,2
32,1.296599536132661,8,4,2
33,1.2599368638415291,7,6,3
34,1.2599368638415291,7,6,3
35,1.1259803921568627,5,12,3
36,1.1072638146167557,6,9,3
37,1.1072638146167557,6,9,3
38,1.1072638146167557,6,9,3
39,1.1259803921568627,5,12,3
40,1.1072638146167557,6,9,3
41,1.1259803921568627,5,12,3
42,1.1072638146167557,6,9,3
43,1.0951426024955437,4,15,3
44,1.0951426024955437,4,15,3
45,1.0714785914365748,5,11,3
46,1.0951426024955437,4,15,3
47,1.0951426024955437,4,15,3
