,mq,No. Clus,Max clus,Min clus
0,1.961087070548125,4,10,3
1,1.961087070548125,4,10,3
2,1.961087070548125,4,10,3
3,1.961087070548125,4,10,3
4,1.961087070548125,4,10,3
5,1.961087070548125,4,10,3
6,1.9267801857585138,4,11,3
7,1.9267801857585138,4,11,3
8,1.9267801857585138,4,11,3
9,1.9267801857585138,4,11,3
10,1.9080212234706617,4,9,3
11,1.9044117647058822,4,11,3
12,1.9044117647058822,4,11,3
13,1.9044117647058822,4,11,3
14,1.9044117647058822,4,11,3
15,1.8831300813008132,4,9,4
16,1.8805885681946801,4,10,3
17,1.8805885681946801,4,10,3
18,1.8704798202975401,4,10,3
19,1.8704798202975401,4,10,3
20,1.8419117647058822,4,11,3
21,1.8185505239584936,4,10,3
22,1.8185505239584936,4,10,3
23,1.8007389411883794,4,9,3
24,1.78731684981685,4,12,3
25,1.7680226248121556,4,10,3
26,1.7680226248121556,4,10,3
27,1.7638201320132012,4,10,4
28,1.751585833223206,4,11,3
29,1.745920745920746,4,12,3
30,1.741421568627451,4,10,3
31,1.741421568627451,4,10,3
32,1.741421568627451,4,10,3
33,1.741421568627451,4,10,3
34,1.741421568627451,4,10,3
35,1.7382246376811594,4,10,3
36,1.7382246376811594,4,10,3
37,1.7396718146718144,4,11,2
38,1.7319273321599196,4,11,2
39,1.7260448521916412,4,12,3
40,1.6982495828520088,4,10,3
41,1.6982495828520088,4,10,3
42,1.6982495828520088,4,10,3
43,1.6982495828520088,4,10,3
44,1.6982495828520088,4,10,3
45,1.694831624076907,4,9,3
46,1.6851719549719142,4,9,3
47,1.6855795148247978,4,11,3
48,1.6559523809523808,4,9,2
49,1.52419452887538,4,11,2
