,mq,No. Clus,Max clus,Min clus
0,2.004587803500847,6,5,1
1,1.8858509847640281,6,5,2
2,1.8682241671372104,6,4,2
3,1.8682241671372104,6,4,2
4,1.864448051948052,5,5,2
5,1.8165869218500796,5,5,3
6,1.8165869218500796,5,5,3
7,1.8165869218500796,5,5,3
8,1.789031960471589,6,5,2
9,1.7758644800406813,6,4,3
10,1.7764097744360903,5,5,2
11,1.7746031746031745,6,6,1
12,1.7604465709728867,5,5,3
13,1.7527341079972658,6,5,1
14,1.7429653679653678,5,5,3
15,1.7421113973745552,6,5,2
16,1.705237426535601,5,6,2
17,1.7000614844093105,6,4,2
18,1.69505772005772,6,5,1
19,1.6939457601222307,6,5,2
20,1.6946248196248195,6,6,2
21,1.6904450669156552,5,6,2
22,1.6833714721586575,4,9,3
23,1.6666666666666667,3,9,5
24,1.6457854406130266,6,4,3
25,1.6446419732717374,6,4,2
26,1.6393539467068878,7,4,2
27,1.6235714285714287,5,5,2
28,1.6232828282828282,6,4,2
29,1.6231026481026483,5,7,2
30,1.608213595829695,7,4,2
31,1.6035714285714286,3,12,3
32,1.5730439405496615,7,4,1
33,1.547403863193337,5,7,1
34,1.5269607843137254,6,6,2
35,1.5294117647058825,3,12,2
36,1.506993006993007,5,6,1
37,1.4843567251461987,7,4,2
38,1.4627117000646415,7,5,1
39,1.4182186234817813,7,4,1
40,1.4047471162377994,4,10,2
41,1.2643274853801167,3,16,2
