,mq,No. Clus,Max clus,Min clus
0,2.0146031746031743,6,4,2
1,2.0146031746031743,6,4,2
2,1.9671538918597742,7,4,2
3,1.955980861244019,6,4,3
4,1.951111111111111,7,4,2
5,1.9317460317460315,7,4,2
6,1.8117171717171718,7,4,2
7,1.7955829791123912,6,5,2
8,1.7794213629507747,5,5,3
9,1.7542684913652655,7,4,2
10,1.7424352217830479,7,4,2
11,1.7216874628639334,5,6,2
12,1.7107427660059238,6,4,2
13,1.680980861244019,6,5,2
14,1.6663477698771816,5,5,3
15,1.6472507025138603,7,4,2
16,1.6007469654528474,8,3,2
17,1.5982828282828283,7,4,2
18,1.5663115286210716,3,8,6
19,1.562810873337189,6,5,2
20,1.554971170328814,5,9,2
21,1.5454545454545454,7,4,2
22,1.5454545454545454,7,4,2
23,1.554971170328814,5,9,2
24,1.5551378446115287,4,10,2
25,1.5413565966197544,7,4,2
26,1.542285947426706,3,10,2
27,1.53015873015873,7,5,2
28,1.5301417536711654,7,5,2
29,1.5139256941888521,7,4,2
30,1.4913453759563597,7,4,2
31,1.4845238095238096,8,3,2
32,1.4777680346440958,6,5,2
33,1.4756028022157053,8,5,1
34,1.4383040935672513,8,3,2
35,1.4333701386332964,7,5,2
36,1.3841444190185608,6,5,3
37,1.3508698432297752,7,4,1
38,1.3120457114265163,7,5,1
39,1.304144419018561,7,3,2
40,1.2986111111111112,3,16,2
41,1.272561055243568,4,11,2
