,mq,No. Clus,Max clus,Min clus
0,1.9915586350629653,9,6,2
1,1.9915586350629653,9,6,2
2,1.9915586350629653,9,6,2
3,1.983865062812431,10,3,2
4,1.983865062812431,10,3,2
5,1.983865062812431,10,3,2
6,1.983865062812431,10,3,2
7,1.983865062812431,10,3,2
8,1.983865062812431,10,3,2
9,1.9169243368992555,8,6,3
10,1.9092307646487212,9,5,3
11,1.8931391474289814,7,11,3
12,1.8831500620974304,9,6,2
13,1.8831500620974304,9,6,2
14,1.8831500620974304,9,6,2
15,1.873943502890871,8,9,2
16,1.8739366470016623,10,3,2
17,1.8739366470016623,10,3,2
18,1.8739366470016623,10,3,2
19,1.8739366470016623,10,3,2
20,1.8739366470016623,10,3,2
21,1.8739366470016623,10,3,2
22,1.8739366470016623,10,3,2
23,1.8739366470016623,10,3,2
24,1.8739366470016623,10,3,2
25,1.8380584659420045,10,3,2
26,1.8380584659420045,10,3,2
27,1.8380584659420045,10,3,2
28,1.8380584659420045,10,3,2
29,1.8380584659420045,10,3,2
30,1.832321740169364,10,3,2
31,1.832321740169364,10,3,2
32,1.8264763948928286,9,4,3
33,1.8193242563466343,10,3,2
34,1.8179198968672652,7,12,2
35,1.8018498455513121,9,4,3
36,1.7339404113532528,9,6,2
37,1.6938611145474163,7,9,2
38,1.663963511707421,5,14,3
39,1.637827792117626,6,11,3
40,1.5903194205935152,9,4,3
41,1.5857969473530114,6,12,2
42,1.5786655923955695,6,15,2
43,1.5786655923955695,6,15,2
44,1.5786655923955695,6,15,2
45,1.5721481270129265,5,18,2
46,1.5714709754183436,6,9,2
47,1.5721481270129265,5,18,2
48,1.5704329434979587,6,9,3
49,1.5463962473136785,4,18,3
50,1.5186321475795157,7,11,3
51,1.5167606158318234,10,4,2
52,1.5025433929502507,10,3,2
53,1.5067340067340067,6,12,2
54,1.4958247887999836,6,15,2
55,1.4792124139950227,5,15,2
56,1.3827698427913797,10,3,2
57,1.3827698427913797,10,3,2
58,1.1883597883597883,4,22,2
59,1.0638134405929407,3,18,2
