,mq,No. Clus,Max clus,Min clus
0,1.4968316707447142,4,4,2
1,1.4968316707447142,4,4,2
2,1.4968316707447142,4,4,2
3,1.4968316707447142,4,4,2
4,1.4891774891774894,4,4,3
5,1.4891774891774894,4,4,3
6,1.4891774891774894,4,4,3
7,1.4891774891774894,4,4,3
8,1.4891774891774894,4,4,3
9,1.4415584415584415,3,7,3
10,1.394805194805195,5,3,2
11,1.3984189723320157,3,6,3
12,1.3643097643097644,4,4,3
13,1.3643097643097644,4,4,3
14,1.3643097643097644,4,4,3
15,1.3643097643097644,4,4,3
16,1.3643097643097644,4,4,3
17,1.3643097643097644,4,4,3
18,1.3643097643097644,4,4,3
19,1.3643097643097644,4,4,3
20,1.3272727272727272,5,3,2
21,1.2918192918192917,4,4,2
22,1.2918192918192917,4,4,2
23,1.233201581027668,4,4,2
24,1.2165775401069518,4,5,2
25,1.2025668449197862,4,4,3
26,1.0895104895104895,4,4,2
27,0.9346938775510205,3,9,2
