,mq,No. Clus,Max clus,Min clus
0,2.027306027306027,6,6,3
1,2.027306027306027,6,6,3
2,1.8666872175940117,7,5,2
3,1.8587192377514956,7,4,3
4,1.8510922918300625,7,4,3
5,1.833480955797674,7,4,3
6,1.8433734939759037,3,18,3
7,1.8370943870943872,7,4,2
8,1.7935354300871542,8,4,2
9,1.78603668261563,7,4,3
10,1.78603668261563,7,4,3
11,1.78603668261563,7,4,3
12,1.78603668261563,7,4,3
13,1.7795454545454545,8,4,2
14,1.7829846075202682,7,4,2
15,1.7789377289377288,8,4,2
16,1.7288144603934077,8,4,2
17,1.69867803941581,8,4,2
18,1.6823232323232324,8,3,3
19,1.6823232323232324,8,3,3
20,1.6823232323232324,8,3,3
21,1.6823232323232324,8,3,3
22,1.6823232323232324,8,3,3
23,1.698436276566948,6,5,3
24,1.6644224399428194,8,4,2
25,1.6603509393831972,8,4,2
26,1.6109950075467316,8,4,2
27,1.6077040332880155,8,4,2
28,1.55718954248366,8,4,2
29,1.5267180115115033,8,4,2
30,1.5221395572693763,8,4,2
31,1.4043090479260691,8,4,2
32,1.3525564531676584,8,4,1
33,1.3239579705096947,9,3,2
34,1.294328340880065,8,4,2
35,1.2915351822729528,8,5,2
36,1.2703879086663206,6,6,3
37,1.2652033492822967,6,6,3
38,1.1747101914070415,8,5,2
39,1.2032076495320765,3,11,3
40,1.2032076495320765,3,11,3
41,1.1743833685694152,6,8,3
42,1.1462962962962964,3,14,3
43,1.1230052420841894,6,6,2
44,1.1075128575128574,5,11,2
45,1.0540935672514617,5,12,3
46,1.0518961430726137,5,13,2
47,1.033905103259942,6,9,2
