,mq,No. Clus,Max clus,Min clus
0,1.9702797202797204,6,6,2
1,1.9702797202797204,6,6,2
2,1.9702797202797204,6,6,2
3,1.8893115942028986,6,6,2
4,1.8893115942028986,6,6,2
5,1.8893115942028986,6,6,2
6,1.835468257232963,6,6,2
7,1.8311188811188812,6,6,2
8,1.801226798881261,6,6,2
9,1.780596637405148,6,6,2
10,1.7555361305361306,6,6,2
11,1.7541008078679312,6,6,2
12,1.7396916621054552,6,7,2
13,1.739267528397963,6,7,2
14,1.7363408694053855,6,7,2
15,1.7327119117441698,6,6,2
16,1.7252797202797203,6,6,2
17,1.7252797202797203,6,6,2
18,1.7252797202797203,6,6,2
19,1.724437668043806,6,7,2
20,1.724437668043806,6,7,2
21,1.7231077745783627,6,6,2
22,1.7231077745783627,6,6,2
23,1.7214565004887585,6,5,2
24,1.7214565004887585,6,5,2
25,1.719001924377178,6,7,2
26,1.7175185936443542,6,6,2
27,1.7137681159420288,6,6,2
28,1.7137681159420288,6,6,2
29,1.6887455141207677,6,7,2
30,1.6884926286856572,6,6,2
31,1.6777004915153582,6,7,2
32,1.668921308576481,6,5,2
33,1.668921308576481,6,5,2
34,1.6577961019490255,6,7,2
35,1.634387351778656,6,6,2
36,1.6269456146738095,6,7,2
37,1.6074943094291034,6,7,2
38,1.6074943094291034,6,7,2
39,1.5877848695685508,6,6,2
40,1.5587878787878788,6,7,2
41,1.5516486201970072,6,6,2
42,1.5516486201970072,6,6,2
43,1.5264446399963898,6,7,2
44,1.5044303797468355,6,7,2
45,1.501650850644031,6,6,2
46,1.501650850644031,6,6,2
47,1.4592202135689272,6,7,2
48,1.4411725955204215,6,7,2
49,1.2880255955359443,6,7,2
