,mq,No. Clus,Max clus,Min clus
0,1.9332498280774142,5,13,2
1,1.9332498280774142,5,13,2
2,1.8547056272862725,5,8,3
3,1.8453462839445844,5,6,3
4,1.8395836395443004,5,6,3
5,1.8410929653323163,5,9,3
6,1.8266816338986005,5,11,3
7,1.810375751053717,5,7,3
8,1.8111367127496159,5,9,3
9,1.8111367127496159,5,9,3
10,1.81007326007326,5,7,3
11,1.81007326007326,5,7,3
12,1.81007326007326,5,7,3
13,1.8085377585377584,5,9,3
14,1.8042841348811498,5,8,3
15,1.7945140199386211,5,8,3
16,1.7920037549069807,5,12,2
17,1.7882580780235884,5,8,3
18,1.787553232675184,5,7,3
19,1.7836996336996336,5,7,3
20,1.7766605540578142,5,7,3
21,1.7784794110881066,5,11,3
22,1.7784794110881066,5,11,3
23,1.7784794110881066,5,11,3
24,1.776658800057815,5,11,3
25,1.7731999638779299,5,6,3
26,1.774410231929029,5,11,3
27,1.7644945591331986,5,7,3
28,1.7644945591331986,5,7,3
29,1.7468549968549967,5,8,3
30,1.7468549968549967,5,8,3
31,1.7409226346881814,5,7,3
32,1.7413674143962004,5,9,2
33,1.7325425119542768,5,10,3
34,1.7159572355355488,5,9,3
35,1.7122507122507122,5,11,2
36,1.6845191040843215,5,11,2
37,1.6783167151364078,5,9,2
38,1.6710724421586958,5,10,2
39,1.6718983914636087,5,11,2
40,1.6430581910183428,5,8,2
41,1.6244421440073613,5,11,3
42,1.6244421440073613,5,11,3
43,1.6244421440073613,5,11,3
44,1.6146941489361701,5,12,2
45,1.606275221953188,5,6,3
46,1.551152073732719,5,9,2
47,1.4790270576659297,5,8,3
48,1.41005291005291,5,13,2
49,1.3802084440382312,5,9,2
