,mq,No. Clus,Max clus,Min clus
0,1.7028315946348733,3,23,3
1,1.7028315946348733,3,23,3
2,1.7028315946348733,3,23,3
3,1.7028315946348733,3,23,3
4,1.7028315946348733,3,23,3
5,1.7028315946348733,3,23,3
6,1.7028315946348733,3,23,3
7,1.7028315946348733,3,23,3
8,1.7028315946348733,3,23,3
9,1.7028315946348733,3,23,3
10,1.7028315946348733,3,23,3
11,1.7028315946348733,3,23,3
12,1.67959927140255,3,23,2
13,1.67959927140255,3,23,2
14,1.67959927140255,3,23,2
15,1.67959927140255,3,23,2
16,1.67959927140255,3,23,2
17,1.67959927140255,3,23,2
18,1.67959927140255,3,23,2
19,1.67959927140255,3,23,2
20,1.67959927140255,3,23,2
21,1.6318332829960736,3,22,3
22,1.6288158336128815,3,20,3
23,1.6288158336128815,3,20,3
24,1.597367748530539,3,22,3
25,1.597367748530539,3,22,3
26,1.559055013427637,3,22,3
27,1.559055013427637,3,22,3
28,1.559055013427637,3,22,3
29,1.5498317914213624,3,19,4
30,1.5498317914213624,3,19,4
31,1.5463384659871322,3,19,4
32,1.5311688311688312,3,23,3
33,1.5311688311688312,3,23,3
34,1.5311688311688312,3,23,3
35,1.5311688311688312,3,23,3
36,1.5311688311688312,3,23,3
37,1.5311688311688312,3,23,3
38,1.5311688311688312,3,23,3
39,1.5311688311688312,3,23,3
40,1.5311688311688312,3,23,3
41,1.5025319508078128,3,24,2
42,1.5025319508078128,3,24,2
43,1.5025319508078128,3,24,2
44,1.4816692268305172,3,22,3
45,1.4816692268305172,3,22,3
46,1.4531760435571688,3,23,2
47,1.4531760435571688,3,23,2
48,1.4531760435571688,3,23,2
49,1.4531760435571688,3,23,2
50,1.419230769230769,3,19,5
51,1.3859484777517563,3,23,2
52,1.3454034902012673,3,21,2
53,1.3413059427732943,3,22,2
54,1.3125342090859333,3,19,2
55,1.3019920154751614,3,23,2
56,1.3019920154751614,3,23,2
57,1.2732394366197184,3,24,2
58,1.2732394366197184,3,24,2
59,1.2732394366197184,3,24,2
