,mq,No. Clus,Max clus,Min clus
0,2.0175925925925924,4,5,5
1,2.0175925925925924,4,5,5
2,2.0175925925925924,4,5,5
3,2.0175925925925924,4,5,5
4,2.0175925925925924,4,5,5
5,2.0175925925925924,4,5,5
6,2.0175925925925924,4,5,5
7,2.0175925925925924,4,5,5
8,2.0175925925925924,4,5,5
9,2.0175925925925924,4,5,5
10,2.0175925925925924,4,5,5
11,2.0175925925925924,4,5,5
12,2.0175925925925924,4,5,5
13,2.0175925925925924,4,5,5
14,2.0175925925925924,4,5,5
15,2.0175925925925924,4,5,5
16,2.0175925925925924,4,5,5
17,2.0175925925925924,4,5,5
18,2.0175925925925924,4,5,5
19,2.0175925925925924,4,5,5
20,2.0175925925925924,4,5,5
21,2.0175925925925924,4,5,5
22,2.0175925925925924,4,5,5
23,2.0175925925925924,4,5,5
24,2.0175925925925924,4,5,5
25,2.0175925925925924,4,5,5
26,2.0175925925925924,4,5,5
27,2.0175925925925924,4,5,5
28,2.0175925925925924,4,5,5
29,2.0175925925925924,4,5,5
30,2.0175925925925924,4,5,5
31,2.0175925925925924,4,5,5
32,2.0175925925925924,4,5,5
33,2.0175925925925924,4,5,5
34,2.0175925925925924,4,5,5
35,2.0175925925925924,4,5,5
36,2.0175925925925924,4,5,5
37,2.0175925925925924,4,5,5
38,2.0175925925925924,4,5,5
39,2.0175925925925924,4,5,5
40,2.0175925925925924,4,5,5
41,2.0175925925925924,4,5,5
