,mq,No. Clus,Max clus,Min clus
0,2.097719671632715,6,5,2
1,2.097719671632715,6,5,2
2,2.0234189723320157,6,5,1
3,2.0234189723320157,6,5,1
4,2.0234189723320157,6,5,1
5,1.9437451437451436,7,4,2
6,1.934090909090909,6,5,2
7,1.8919225701834397,7,4,2
8,1.8919225701834397,7,4,2
9,1.8919225701834397,7,4,2
10,1.8642420445052024,7,3,2
11,1.8425755531018688,7,4,2
12,1.8299707602339181,7,3,2
13,1.8299707602339181,7,3,2
14,1.787983281086729,4,8,3
15,1.7322544668654507,7,3,2
16,1.7392344497607655,6,4,3
17,1.7322544668654507,7,3,2
18,1.7288011695906433,7,3,2
19,1.7288011695906433,7,3,2
20,1.7282938076416337,7,4,2
21,1.6821140295653043,7,4,2
22,1.7,3,7,6
23,1.6937229437229437,5,6,3
24,1.6937229437229437,5,6,3
25,1.6881868131868132,6,5,1
26,1.6633040935672514,7,4,2
27,1.596362787539258,8,3,2
28,1.5708110856852278,7,3,2
29,1.5708110856852278,7,3,2
30,1.592857142857143,5,7,1
31,1.5458845502323761,7,4,2
32,1.5614478114478114,3,9,3
33,1.4986279200675485,7,4,2
34,1.4696969696969697,6,8,1
35,1.421800301148127,7,4,2
36,1.408939014202172,4,11,3
37,1.3074712643678161,4,10,2
38,1.2825570280813245,8,3,2
39,1.22928693216417,8,3,1
