,mq,No. Clus,Max clus,Min clus
0,2.2832674571805005,6,4,2
1,2.1310530049660485,7,4,2
2,2.0656361182676974,6,5,2
3,2.0644362883493317,7,4,2
4,2.035687586071218,6,6,2
5,1.9897470950102527,6,5,2
6,1.9795454545454545,7,5,2
7,1.9696969696969697,7,4,2
8,1.9690382081686428,6,4,2
9,1.9590909090909092,7,4,2
10,1.901300453932033,7,5,2
11,1.8875131944925994,6,5,2
12,1.855144855144855,6,5,2
13,1.8280112044817929,6,6,2
14,1.8073652938049225,7,3,2
15,1.8033199102993152,5,7,2
16,1.787878787878788,8,4,2
17,1.7708293392941394,7,4,2
18,1.7644522144522148,8,3,2
19,1.7696817802080957,4,10,2
20,1.737476936548144,8,3,2
21,1.720606060606061,8,3,2
22,1.7113719613719613,5,5,2
23,1.7128259337561662,5,8,2
24,1.6945031712473573,5,6,2
25,1.6990794016110473,3,13,3
26,1.6675414593034732,8,4,2
27,1.6700779727095516,7,5,2
28,1.6327372318084392,7,5,2
29,1.6231300345224398,3,12,3
30,1.5863636363636364,7,4,2
31,1.5903030303030303,4,11,3
32,1.5850930356193516,7,4,2
33,1.5729509049303099,8,4,2
34,1.5735431235431236,7,4,2
35,1.5463736382558861,5,10,2
36,1.520807407247036,7,3,2
37,1.529810298102981,5,8,1
38,1.4791919191919192,8,3,2
39,1.4553475935828877,4,14,2
40,1.4544817927170868,3,14,2
41,1.4544817927170868,3,14,2
