,mq,No. Clus,Max clus,Min clus
0,2.0456228956228957,6,5,2
1,1.8979797979797979,7,4,2
2,1.8925907425907424,7,4,2
3,1.8925907425907424,7,4,2
4,1.8925907425907424,7,4,2
5,1.8848484848484848,7,4,2
6,1.8516317016317017,7,4,2
7,1.770609824957651,7,4,2
8,1.7693111236589498,7,4,2
9,1.7531968031968033,7,4,2
10,1.7531968031968033,7,4,2
11,1.7454545454545456,7,4,2
12,1.697039389918647,5,6,3
13,1.6265734265734264,8,3,2
14,1.6363636363636362,6,5,2
15,1.6265734265734264,8,3,2
16,1.6251253989968082,3,8,4
17,1.6251253989968082,3,8,4
18,1.5743616287094548,6,6,2
19,1.5834638922888615,4,8,2
20,1.505522865133849,8,3,2
21,1.5625981658813397,3,9,3
22,1.5204957581118572,7,5,2
23,1.4850776674306085,7,4,2
24,1.5265217391304349,5,9,2
25,1.4741626794258371,7,3,2
26,1.4741626794258371,7,3,2
27,1.4741626794258371,7,3,2
28,1.4769909622541202,7,4,2
29,1.4741626794258371,7,3,2
30,1.4074960127591707,7,4,2
31,1.4026444569922831,7,5,1
32,1.3685477061638052,7,3,2
33,1.3548329121858533,7,4,2
34,1.3277431084626556,6,5,2
35,1.3254835807467384,8,3,2
36,1.2504602380763372,7,3,2
37,1.1605263157894736,3,14,2
38,1.1605263157894736,3,14,2
39,1.1421196864444587,3,13,3
