,mq,No. Clus,Max clus,Min clus
0,2.178921568627451,6,5,2
1,2.0378787878787876,5,6,2
2,1.8629032258064515,4,10,2
3,1.8293280632411066,6,4,2
4,1.7564696197972938,6,4,2
5,1.6914634146341463,4,7,2
6,1.6910946636010573,5,5,2
7,1.6817175383600067,6,6,2
8,1.6635124135124135,6,4,2
9,1.6132535885167463,5,8,2
10,1.5960798460798462,5,5,2
11,1.5815508021390374,4,7,2
12,1.5758547008547008,5,6,2
13,1.537878787878788,3,14,2
14,1.537878787878788,3,14,2
15,1.537878787878788,3,14,2
16,1.5075757575757576,6,5,2
17,1.5,4,6,3
18,1.5010857563489144,5,10,2
19,1.4938311688311687,5,6,2
20,1.4892635655153004,6,6,2
21,1.4812834224598932,3,10,5
22,1.4689085424379542,7,4,2
23,1.4595467417806247,7,5,1
24,1.4642857142857144,4,10,3
25,1.4486050566695727,5,7,2
26,1.443861693861694,5,7,2
27,1.42684331797235,5,8,2
28,1.41900623885918,6,5,2
29,1.4160518225735617,6,7,2
30,1.407142857142857,5,8,2
31,1.3700222779170148,4,10,2
32,1.3533834586466165,6,4,2
33,1.2775443510737627,7,4,2
34,1.2482433025911288,4,11,2
35,1.2150262018683071,6,7,2
36,1.1887442738506568,4,9,3
37,1.1435069154367399,3,13,3
38,1.0906151319944424,7,5,2
39,1.0694126620900075,5,5,3
40,1.0472992989039203,3,14,2
41,1.026868307131465,6,4,2
