,mq,No. Clus,Max clus,Min clus
0,1.966637869468058,5,11,2
1,1.966637869468058,5,11,2
2,1.966637869468058,5,11,2
3,1.966637869468058,5,11,2
4,1.7480727073438072,8,4,2
5,1.7238436740376946,7,9,2
6,1.600815515405821,9,3,2
7,1.600815515405821,9,3,2
8,1.600815515405821,9,3,2
9,1.6109565611505818,8,4,2
10,1.600815515405821,9,3,2
11,1.5984407096171802,8,4,2
12,1.5981203007518796,8,4,2
13,1.595873421832501,8,4,2
14,1.573202614379085,8,4,2
15,1.5552581488785076,7,6,3
16,1.5422483086187997,9,3,2
17,1.5378668445306816,8,4,2
18,1.5378668445306816,8,4,2
19,1.5143374327659758,8,3,3
20,1.537420693563262,7,6,2
21,1.5143374327659758,8,3,3
22,1.5143374327659758,8,3,3
23,1.4919229945466825,8,4,2
24,1.4960694534223946,7,5,2
25,1.4797315214359266,9,3,2
26,1.4870731937370307,8,4,2
27,1.4729281663567093,8,4,2
28,1.4260321519912313,9,4,2
29,1.4266441359152358,7,5,3
30,1.4160040994326424,9,3,2
31,1.4210457427118004,7,4,3
32,1.3677802589567294,7,4,2
33,1.2670382245851863,8,5,2
34,1.2459679509592885,8,4,2
35,1.2258758943044372,8,4,2
36,1.242081622626943,6,11,2
37,1.2060761474466386,9,4,2
38,1.1363618278082734,8,4,2
39,1.1474316111887268,5,10,3
40,1.1280335386320932,8,4,2
41,1.095092015300744,9,3,2
42,1.0855681770146228,8,4,2
43,1.0007640419421624,6,10,2
44,0.9877509461691836,6,7,3
45,0.9768909251667872,4,16,2
46,0.9696103896103896,4,16,2
47,0.9389372822299651,4,15,3
