,mq,No. Clus,Max clus,Min clus
0,2.0610773511506366,9,9,2
1,2.0610773511506366,9,9,2
2,2.0610773511506366,9,9,2
3,1.9630557211199382,10,7,2
4,1.9630557211199382,10,7,2
5,1.9369220010679729,11,5,2
6,1.745926640219671,11,4,2
7,1.701524228905495,11,4,2
8,1.6922404780006772,11,4,2
9,1.6444526620502873,13,4,2
10,1.6283700072746723,11,5,2
11,1.6036456145936233,13,3,2
12,1.598015529111707,13,3,2
13,1.598015529111707,13,3,2
14,1.594442668010521,12,3,2
15,1.5903332969893853,12,4,2
16,1.5806002560993484,12,4,2
17,1.563247233018771,14,3,2
18,1.563247233018771,14,3,2
19,1.560703723494421,12,3,2
20,1.4921616256534396,13,3,2
21,1.4398936626688805,9,7,2
22,1.4276684055281792,13,3,2
23,1.4161454829059354,11,3,2
24,1.3992208597288025,12,3,2
25,1.387617385120016,12,4,2
26,1.3758694464576817,12,3,2
27,1.327668405528179,13,3,2
28,1.3183464303204309,12,4,1
29,1.2903856955711959,12,3,2
30,1.2918077759076332,11,4,1
31,1.2742226089568163,11,4,2
32,1.2596924000521734,13,3,2
33,1.2712319253867652,5,18,2
34,1.2542601559445694,10,7,2
35,1.2068953060786092,11,7,2
36,1.1795334522461671,12,3,2
37,1.1715469335209343,11,7,2
38,1.169294151087182,10,4,2
39,1.127442079566559,12,3,2
40,1.1349771434689573,10,9,1
41,1.1435215946843853,3,23,2
42,1.1067579479344185,11,4,2
43,1.0676452043285074,14,3,2
44,1.096043873850844,5,13,2
45,1.0724944558108858,12,4,2
46,1.0571487448769394,11,3,2
47,1.0152357461263661,6,19,2
48,0.9965687471569824,11,6,2
49,1.0125356125356124,4,22,2
50,0.9833280236877974,10,8,2
51,0.9763792306396835,12,3,2
52,0.9510527276044518,11,6,2
53,0.9358160358160358,10,8,2
54,0.948311825169152,5,20,2
55,0.8941850796884923,13,3,1
56,0.8922357081642942,10,10,2
57,0.8746707891869182,8,12,2
