,mq,No. Clus,Max clus,Min clus
0,1.9456367387401867,7,5,2
1,1.9456367387401867,7,5,2
2,1.9456367387401867,7,5,2
3,1.9456367387401867,7,5,2
4,1.9070128037585485,8,4,2
5,1.9070128037585485,8,4,2
6,1.893390134769445,8,4,2
7,1.9018602312719959,7,5,2
8,1.9018602312719959,7,5,2
9,1.8710169057995145,8,4,2
10,1.8569063884347417,8,4,2
11,1.8184100382376243,8,4,2
12,1.7431470744814073,9,4,2
13,1.7195017542843631,9,4,2
14,1.6972775292746403,8,4,2
15,1.6706106154382017,8,4,2
16,1.661558258304003,9,3,2
17,1.6695746144022006,8,4,2
18,1.651431348177093,8,4,2
19,1.647398599316758,8,4,2
20,1.6316583048914155,8,4,2
21,1.5638645836921699,8,4,2
22,1.5638645836921699,8,4,2
23,1.5312820073795685,8,4,2
24,1.514026714026714,9,3,2
25,1.514026714026714,9,3,2
26,1.503163892637577,8,4,2
27,1.4842985842985843,8,4,2
28,1.4671226484569813,9,3,2
29,1.4636034530771371,8,4,2
30,1.4505007390983002,7,4,2
31,1.4072806822806823,9,3,2
32,1.4145331012594653,8,4,2
33,1.3908126356402217,9,3,2
34,1.3475108225108225,7,9,2
35,1.3020238860756101,8,6,2
36,1.2655418655418655,9,4,1
37,1.229969986067547,7,5,2
38,1.2251378251378253,9,3,2
39,1.2370670265407107,6,11,1
40,1.2205513784461153,5,7,3
41,1.2114921356569235,6,8,3
42,1.2030375699440448,4,16,2
43,1.1255380200860832,8,4,1
44,1.0577460024991898,5,8,3
45,1.0554839439167798,6,9,2
46,1.0012870012870012,3,17,3
47,1.0012870012870012,3,17,3
