,mq,No. Clus,Max clus,Min clus
0,2.040820787835713,7,6,2
1,2.040820787835713,7,6,2
2,2.040820787835713,7,6,2
3,1.9719085262563523,7,6,2
4,1.9094720866953172,8,4,2
5,1.8560859732259327,9,3,2
6,1.8491546263778569,9,3,1
7,1.8491546263778569,9,3,1
8,1.8491546263778569,9,3,1
9,1.8321978382953992,8,4,2
10,1.8250000370058763,9,3,2
11,1.8250000370058763,9,3,2
12,1.8311807701687064,8,4,2
13,1.8102466273865867,9,3,2
14,1.811584116366725,8,4,2
15,1.805431682654913,8,4,2
16,1.713391863975846,9,3,2
17,1.7195040878220602,8,5,2
18,1.713391863975846,9,3,2
19,1.713391863975846,9,3,2
20,1.713391863975846,9,3,2
21,1.6913228473482556,8,4,2
22,1.6583738844714453,8,3,3
23,1.6493894993894993,9,3,2
24,1.6037409791118231,9,3,2
25,1.6014637594006826,8,4,2
26,1.5558097819073429,9,3,1
27,1.4805594795068477,9,3,2
28,1.4502283892163255,9,3,1
29,1.4201226990273645,10,3,1
30,1.396917962587334,10,4,1
31,1.3731516849163907,9,4,1
32,1.3357446646920332,6,10,2
33,1.2983633569926782,7,8,2
34,1.250553064541001,10,3,1
35,1.244717833230419,9,3,2
36,1.2411295681063121,6,6,3
37,1.2325605680868839,3,11,2
38,1.175998075998076,10,4,1
39,1.1990714599410253,4,16,2
40,1.1724764485740096,7,5,3
41,1.0974681895415335,7,8,2
42,1.0969824365410104,6,11,2
43,1.063929440027001,6,9,3
44,1.063929440027001,6,9,3
45,1.0293680334002913,8,6,2
46,1.062608695652174,3,18,3
47,1.024811392213301,5,12,3
