,mq,No. Clus,Max clus,Min clus
0,1.9797805203123495,6,11,3
1,1.6643727016018037,10,5,2
2,1.6060253152644457,11,4,1
3,1.578063849633036,9,4,2
4,1.5676573426573426,9,5,2
5,1.5638546094428447,10,5,2
6,1.5638546094428447,10,5,2
7,1.5256199693364672,6,11,2
8,1.516661042055548,10,4,1
9,1.512002693341778,9,5,2
10,1.5066621066621066,6,10,2
11,1.4781464431912392,10,4,2
12,1.4716493427927184,9,4,2
13,1.4692604617604619,10,4,2
14,1.462710660986523,10,5,2
15,1.4599096670525242,9,8,2
16,1.448154049839846,9,5,2
17,1.442744432357058,8,6,2
18,1.4204160024064205,10,4,1
19,1.4152033610677752,9,4,3
20,1.4128008367843923,11,4,2
21,1.3510049721144215,8,8,2
22,1.3476200093412496,10,6,1
23,1.343028913893328,9,6,1
24,1.3423267630714442,10,5,2
25,1.3350895201597779,10,5,2
26,1.2954176320930444,10,5,1
27,1.2882706085238915,10,5,1
28,1.2390646283716198,10,5,1
29,1.2352286408542223,7,11,1
30,1.2307291762621424,10,4,2
31,1.222257938748622,10,5,2
32,1.192014637547604,10,4,2
33,1.1992442410715487,4,22,2
34,1.1905917874396135,9,6,2
35,1.1616933126367088,7,12,1
36,1.1432614555256064,4,23,2
37,1.1432614555256064,4,23,2
38,1.1368247474325792,3,19,3
39,1.115862546904839,10,5,1
40,1.1093080315130004,9,6,1
41,1.1090913334541521,10,5,2
42,1.0901785938046433,7,9,2
43,1.0881113822411645,8,7,1
44,1.084408043919322,7,12,2
45,1.080857651352134,9,5,2
46,1.072586104913691,8,10,2
47,1.066183574879227,3,22,2
48,1.0497601300669652,6,11,2
49,1.02389622187928,9,7,1
50,0.9850916026283549,7,8,2
51,0.9902131782945737,5,16,1
52,0.9644444444444444,3,24,2
53,0.9482591809441905,8,9,1
54,0.9366522366522366,5,17,2
55,0.9206140350877194,3,14,2
56,0.9124200408156266,4,16,3
57,0.8976639428489523,10,6,1
58,0.8420119447555059,4,19,2
59,0.8224598930481284,5,17,2
