,mq,No. Clus,Max clus,Min clus
0,1.8869814180865392,12,3,1
1,1.3234845716516128,8,8,2
2,1.3242439821387189,6,9,2
3,1.2960122333806545,8,7,1
4,1.2732610504039077,10,4,2
5,1.2770863638948744,6,15,2
6,1.2393818781620354,9,6,2
7,1.2308416138245528,9,6,1
8,1.2136644541576536,7,8,2
9,1.1976711827935795,8,11,2
10,1.191588205396255,9,6,2
11,1.1844337223060628,10,4,2
12,1.183672873277639,10,4,2
13,1.1764621196879261,8,14,1
14,1.1743476488596716,8,8,2
15,1.1747392290249432,3,21,3
16,1.1658801445974405,8,7,2
17,1.166654922685457,3,23,3
18,1.1655591467356174,8,9,2
19,1.134196941270112,8,7,1
20,1.1291520755459374,7,9,3
21,1.1323436570727212,5,18,2
22,1.1153122701769174,8,7,2
23,1.1129848798103712,6,9,2
24,1.0974663025878089,5,11,3
25,1.101056499770326,3,26,1
26,1.0838538936017927,11,3,1
27,1.0825075018178467,10,7,1
28,1.0774514843687775,10,3,2
29,1.0813141942041002,6,8,2
30,1.0776823176823176,8,13,1
31,1.0723236916340364,4,14,2
32,1.0631958379784467,4,16,3
33,1.0528672370796703,11,5,1
34,1.0508729010148887,8,6,3
35,1.0475546159267088,4,10,3
36,1.0435074383738607,5,10,2
37,1.040831608005521,5,10,3
38,1.037015078319426,6,9,2
39,1.0168351059779632,8,9,2
40,1.014129204129204,7,9,1
41,1.0134990335133807,8,8,1
42,0.985141951457741,12,3,1
43,0.989652513139785,7,16,1
44,0.9850816010468292,5,12,1
45,0.9675851578389649,7,17,1
46,0.956027918781726,6,17,1
47,0.9530106040676525,7,10,3
48,0.9306668130197543,10,4,2
49,0.9335744030674906,7,11,2
50,0.9156071191973828,10,4,2
51,0.9057419432419431,13,3,1
52,0.9020478024329115,4,11,3
53,0.9010331290181102,10,4,2
54,0.8937608389757785,8,7,2
55,0.8561517449422134,10,4,2
56,0.8432421872093555,8,6,2
57,0.8430323444314894,4,9,6
58,0.8142823564737199,8,7,2
59,0.8104107004107004,9,7,2
