,mq,No. Clus,Max clus,Min clus
0,1.8589706695623907,6,12,2
1,1.666011595484003,6,8,3
2,1.6570791953144894,7,5,3
3,1.6512171411667647,6,11,3
4,1.5959530505726158,9,5,1
5,1.575694258047199,9,6,1
6,1.5191100489176532,8,8,1
7,1.5127551074341725,9,5,2
8,1.5085282124597572,10,6,1
9,1.4881409187332966,9,5,1
10,1.483349345877044,9,5,2
11,1.4446577337265691,9,5,1
12,1.4251030170924537,9,6,1
13,1.408120722329443,9,4,3
14,1.376909977869057,11,3,2
15,1.3455999216828398,9,4,2
16,1.344284446604838,9,4,2
17,1.3250333773553586,9,5,2
18,1.3105533411821444,9,5,1
19,1.2908452018821586,9,6,2
20,1.2715516731205085,9,5,1
21,1.262018095389095,8,8,2
22,1.2573090858416947,10,4,1
23,1.2493510587724317,10,5,1
24,1.2336874267537252,7,12,1
25,1.228843856263211,6,11,1
26,1.194636003369426,9,5,2
27,1.1661667744020683,8,5,1
28,1.153254197362278,9,5,1
29,1.151914746759948,9,5,2
30,1.1500323323521784,8,5,2
31,1.1214628063463297,8,4,2
32,1.1175428666812548,9,6,1
33,1.1159163160355305,8,5,2
34,1.1073368626684812,9,5,1
35,1.1030388167260905,8,4,3
36,1.1025278197122532,10,4,1
37,1.1016953811167538,9,5,1
38,1.097423641173641,7,6,2
39,1.0806451666492236,9,5,2
40,1.0699741048887157,8,6,1
41,1.0694953194953194,4,22,2
42,1.0537844406055104,9,5,2
43,1.0572682509098694,3,12,8
44,1.050513538748833,7,8,3
45,1.043381037567084,4,19,3
46,1.0371166760395645,8,12,1
47,1.0251797016742452,9,5,2
48,1.0116066066066067,4,17,3
49,1.0068542205275186,9,5,1
50,1.0116066066066067,4,17,3
51,1.008011182135399,4,20,3
52,1.0065303511232497,6,10,2
53,0.9960850111856824,3,26,1
54,0.985119469912727,6,11,1
55,0.9799862210287406,7,10,1
56,0.9659520807061791,3,22,1
57,0.9605919472011812,6,10,3
58,0.9605919472011812,6,10,3
59,0.9548062098247112,9,6,1
