,mq,No. Clus,Max clus,Min clus
0,1.8417293233082708,3,14,3
1,1.8417293233082708,3,14,3
2,1.8417293233082708,3,14,3
3,1.8417293233082708,3,14,3
4,1.8417293233082708,3,14,3
5,1.8417293233082708,3,14,3
6,1.8417293233082708,3,14,3
7,1.8417293233082708,3,14,3
8,1.8417293233082708,3,14,3
9,1.8417293233082708,3,14,3
10,1.8417293233082708,3,14,3
11,1.8417293233082708,3,14,3
12,1.8344502277163306,3,15,3
13,1.8344502277163306,3,15,3
14,1.8344502277163306,3,15,3
15,1.8344502277163306,3,15,3
16,1.8344502277163306,3,15,3
17,1.8344502277163306,3,15,3
18,1.8344502277163306,3,15,3
19,1.8344502277163306,3,15,3
20,1.8344502277163306,3,15,3
21,1.819035209020317,3,12,3
22,1.819035209020317,3,12,3
23,1.8103174603174603,3,14,3
24,1.8102125147579693,3,13,3
25,1.8102125147579693,3,13,3
26,1.8103174603174603,3,14,3
27,1.8103174603174603,3,14,3
28,1.8103174603174603,3,14,3
29,1.8102125147579693,3,13,3
30,1.7991356731272918,3,13,3
31,1.7991356731272918,3,13,3
32,1.7991356731272918,3,13,3
33,1.7681086519114688,3,15,3
34,1.7681086519114688,3,15,3
35,1.7646459899749374,3,14,4
36,1.7646459899749374,3,14,4
37,1.7646459899749374,3,14,4
38,1.7646459899749374,3,14,4
39,1.75,3,12,3
40,1.75,3,12,3
41,1.721385648639095,3,13,4
42,1.7173655531864487,3,13,4
43,1.7155844155844155,3,12,4
44,1.6807250221043324,3,15,4
45,1.6757852077001014,3,14,4
46,1.560617059891107,3,15,2
47,1.560617059891107,3,15,2
48,1.5395844155844156,3,14,2
49,1.5395844155844156,3,14,2
