,mq,No. Clus,Max clus,Min clus
0,1.9015470494417863,5,9,3
1,1.9015470494417863,5,9,3
2,1.799423993322787,7,5,3
3,1.6999092359132928,8,3,3
4,1.6999092359132928,8,3,3
5,1.6999092359132928,8,3,3
6,1.6999092359132928,8,3,3
7,1.6999092359132928,8,3,3
8,1.6999092359132928,8,3,3
9,1.6999092359132928,8,3,3
10,1.6999092359132928,8,3,3
11,1.6999092359132928,8,3,3
12,1.6999092359132928,8,3,3
13,1.6999092359132928,8,3,3
14,1.6999092359132928,8,3,3
15,1.6999092359132928,8,3,3
16,1.6999092359132928,8,3,3
17,1.6999092359132928,8,3,3
18,1.6999092359132928,8,3,3
19,1.6999092359132928,8,3,3
20,1.6999092359132928,8,3,3
21,1.6999092359132928,8,3,3
22,1.6539303446083107,6,6,3
23,1.6444495980210267,6,5,3
24,1.604205750757475,8,4,2
25,1.442733600670524,7,5,3
26,1.4114476974517545,8,4,2
27,1.349423993322787,6,6,3
28,1.349423993322787,6,6,3
29,1.341015257712384,5,9,3
30,1.2945544430506837,5,9,3
31,1.2725790833207715,7,5,2
32,1.266068752072809,7,6,2
33,1.2561407817247638,6,6,3
34,1.2499092359132928,7,6,3
35,1.2499092359132928,7,6,3
36,1.2499092359132928,7,6,3
37,1.2499092359132928,7,6,3
38,1.2375539921702325,8,4,2
39,1.242825942825943,6,6,3
40,1.1906062670768554,5,9,3
41,1.206808093618493,4,12,3
42,1.175150519978106,4,9,3
43,1.055165648483621,7,5,3
44,1.0582931145431145,3,15,3
45,1.055165648483621,7,5,3
46,0.995928395928396,4,15,3
47,0.9688537269182431,5,11,3
