,mq,No. Clus,Max clus,Min clus
0,2.09558803134318,5,6,3
1,2.09558803134318,5,6,3
2,2.09558803134318,5,6,3
3,2.09558803134318,5,6,3
4,2.09558803134318,5,6,3
5,2.09558803134318,5,6,3
6,2.09558803134318,5,6,3
7,2.09558803134318,5,6,3
8,2.09558803134318,5,6,3
9,2.09558803134318,5,6,3
10,2.09558803134318,5,6,3
11,2.09558803134318,5,6,3
12,2.09558803134318,5,6,3
13,2.09558803134318,5,6,3
14,2.09558803134318,5,6,3
15,2.09558803134318,5,6,3
16,2.09558803134318,5,6,3
17,2.09558803134318,5,6,3
18,2.09558803134318,5,6,3
19,2.0679564523958116,5,5,3
20,2.063583200425305,5,6,3
21,2.063583200425305,5,6,3
22,2.063583200425305,5,6,3
23,2.063583200425305,5,6,3
24,2.063583200425305,5,6,3
25,2.063583200425305,5,6,3
26,2.063583200425305,5,6,3
27,1.9441811049362534,5,6,3
28,1.9441811049362534,5,6,3
29,1.9403499096117902,5,7,2
30,1.9403499096117902,5,7,2
31,1.9163609782030835,5,6,3
32,1.9163609782030835,5,6,3
33,1.8995985260958037,5,6,2
34,1.8995985260958037,5,6,2
35,1.896916533758639,5,6,2
36,1.782017543859649,5,6,3
37,1.782017543859649,5,6,3
38,1.7797604694156417,5,5,3
39,1.7653508771929824,5,6,2
40,1.7611228564716939,5,7,2
41,1.6464114832535885,5,6,2
