,mq,No. Clus,Max clus,Min clus
0,2.0024593763724194,5,7,2
1,2.0024593763724194,5,7,2
2,1.946903820816864,5,7,2
3,1.946903820816864,5,7,2
4,1.927272727272727,5,8,2
5,1.8441843180973616,5,7,2
6,1.8441843180973616,5,7,2
7,1.8441843180973616,5,7,2
8,1.8413609782030835,5,7,2
9,1.8357609869804992,5,6,2
10,1.8220185043714454,5,7,2
11,1.8194597134132016,5,7,2
12,1.807509881422925,5,7,2
13,1.7842181210602264,5,7,2
14,1.7842181210602264,5,7,2
15,1.7672230471686006,5,7,2
16,1.7672230471686006,5,7,2
17,1.7652743652743652,5,7,2
18,1.7615641829434934,5,5,2
19,1.7613609782030835,5,7,2
20,1.7606060606060605,5,8,2
21,1.751941031941032,5,7,2
22,1.751941031941032,5,7,2
23,1.7121212121212122,5,7,2
24,1.7069487983281086,5,6,2
25,1.6972996755210912,5,7,2
26,1.6866666666666665,5,6,2
27,1.6800657740192624,5,7,2
28,1.6715989386957129,5,6,2
29,1.6701932214127337,5,6,2
30,1.637908496732026,5,7,2
31,1.617208222811671,5,6,2
32,1.6154545454545455,5,8,2
33,1.606999306999307,5,7,2
34,1.606999306999307,5,7,2
35,1.6,5,7,2
36,1.5936659736659737,5,7,2
37,1.5936659736659737,5,7,2
38,1.5587412587412586,5,7,2
39,1.5454079254079254,5,7,2
40,1.5023219814241486,5,7,2
41,1.45784355179704,5,7,2
