,mq,No. Clus,Max clus,Min clus
0,2.0119711042311663,4,6,3
1,2.0119711042311663,4,6,3
2,2.0119711042311663,4,6,3
3,2.0119711042311663,4,6,3
4,2.0119711042311663,4,6,3
5,1.9207430340557274,4,6,3
6,1.9207430340557274,4,6,3
7,1.9207430340557274,4,6,3
8,1.8834654429147544,4,7,2
9,1.8834654429147544,4,7,2
10,1.8834654429147544,4,7,2
11,1.8237525904670813,4,7,2
12,1.8237525904670813,4,7,2
13,1.8237525904670813,4,7,2
14,1.8237525904670813,4,7,2
15,1.8188982018769253,4,7,3
16,1.8120200638394892,4,7,3
17,1.8043062200956939,4,6,4
18,1.797773654916512,4,8,4
19,1.797773654916512,4,8,4
20,1.780392156862745,4,6,4
21,1.766347687400319,4,6,3
22,1.766347687400319,4,6,3
23,1.766347687400319,4,6,3
24,1.766347687400319,4,6,3
25,1.766347687400319,4,6,3
26,1.7587015667511023,4,9,2
27,1.731578947368421,4,7,2
28,1.7247107129525943,4,7,3
29,1.7134368899074781,4,9,2
30,1.7130781499202552,4,6,4
31,1.7110201761864166,4,8,2
32,1.6877638069804533,4,8,3
33,1.6403508771929824,4,7,2
34,1.6403508771929824,4,7,2
35,1.6203921568627453,4,6,4
36,1.6203921568627453,4,6,4
37,1.6031791667465292,4,6,3
38,1.6031791667465292,4,6,3
39,1.59,4,6,4
40,1.5316279069767442,4,7,2
41,1.4892636246936632,4,7,2
