,mq,No. Clus,Max clus,Min clus
0,2.1604872251931075,6,5,2
1,2.1604872251931075,6,5,2
2,1.8944444444444444,7,4,2
3,1.8565656565656565,7,4,2
4,1.7797581728616212,5,4,4
5,1.7797581728616212,5,4,4
6,1.775638980902139,7,4,2
7,1.7489001420035906,6,4,2
8,1.6835388366422848,5,4,4
9,1.651294903926483,6,4,2
10,1.6480702396195355,3,12,4
11,1.549122807017544,3,12,4
12,1.549122807017544,3,12,4
13,1.5209103840682787,4,7,4
14,1.5200980392156862,4,7,3
15,1.509098228663446,5,5,3
16,1.4887870299635004,6,4,2
17,1.4526890526890528,4,12,2
18,1.4504753416518121,6,4,2
19,1.446693771277416,6,5,2
20,1.4166666666666665,5,5,3
21,1.4072069107363228,6,6,1
22,1.3603367003367004,5,5,3
23,1.3675443968156766,3,12,4
24,1.3675443968156766,3,12,4
25,1.3415984090066404,5,5,3
26,1.326984126984127,5,6,2
27,1.3198051948051948,6,4,2
28,1.2708624708624707,5,5,3
29,1.258974358974359,4,9,3
30,1.2549407114624507,3,16,2
31,1.2456210456210455,5,8,2
32,1.2360267183796596,4,8,4
33,1.2283272283272284,6,5,2
34,1.2234625930278105,4,7,3
35,1.1366668757973106,6,4,1
36,1.0396419437340154,3,16,1
37,1.0097546897546898,5,4,4
38,0.9973843700159489,6,4,2
39,0.9518440779610196,5,5,3
40,0.9298701298701298,3,12,4
41,0.8456349206349207,6,4,1
