,mq,No. Clus,Max clus,Min clus
0,2.098755672668716,6,4,2
1,2.098755672668716,6,4,2
2,2.098755672668716,6,4,2
3,2.0762689001819434,6,4,2
4,2.0615630178290023,6,4,2
5,2.0615630178290023,6,4,2
6,2.0246815985946416,6,4,3
7,1.9363042186571597,7,4,2
8,1.9195286195286196,6,4,2
9,1.882335964688906,6,4,2
10,1.882335964688906,6,4,2
11,1.8454545454545452,6,4,3
12,1.8612090351220785,5,7,3
13,1.8452129995608255,7,4,2
14,1.834594816947758,7,4,2
15,1.8305071172078844,7,4,2
16,1.8305071172078844,7,4,2
17,1.809451985922574,5,6,3
18,1.807700099664025,7,4,2
19,1.7993006993006992,6,4,3
20,1.76004144004144,6,4,2
21,1.751851851851852,5,8,2
22,1.7396591970121382,6,5,2
23,1.7146591970121383,5,8,2
24,1.7075069921179762,7,3,2
25,1.692801109765035,7,3,2
26,1.7027777777777777,6,5,3
27,1.7027777777777777,6,5,3
28,1.6574102953305747,5,7,2
29,1.6478937728937728,6,4,3
30,1.6324093324093325,4,7,3
31,1.5727058029689607,7,3,2
32,1.6198898209400834,4,8,3
33,1.583734201094133,6,5,3
34,1.5916890725074868,5,6,3
35,1.616287094547964,5,9,2
36,1.5418524712002974,6,4,3
37,1.5623188405797102,4,9,3
38,1.413333333333333,3,8,4
39,1.385515069725596,3,10,3
