,mq,No. Clus,Max clus,Min clus
0,1.25,3,6,2
1,1.25,3,6,2
2,1.25,3,6,2
3,1.25,3,6,2
4,1.25,3,6,2
5,1.25,3,6,2
6,1.1813186813186813,3,6,2
7,1.1813186813186813,3,6,2
8,1.1813186813186813,3,6,2
9,1.1813186813186813,3,6,2
10,1.1813186813186813,3,6,2
11,1.1813186813186813,3,6,2
12,1.1813186813186813,3,6,2
13,1.1043956043956045,3,6,2
14,1.1043956043956045,3,6,2
15,1.1043956043956045,3,6,2
16,1.1043956043956045,3,6,2
17,1.1043956043956045,3,6,2
18,1.1043956043956045,3,6,2
19,1.0897435897435899,3,6,2
20,1.0897435897435899,3,6,2
21,1.0897435897435899,3,6,2
22,1.0897435897435899,3,6,2
23,0.9747756487994178,3,7,2
24,0.9747756487994178,3,7,2
25,0.9747756487994178,3,7,2
26,0.9473684210526315,3,7,2
27,0.9473684210526315,3,7,2
