,mq,No. Clus,Max clus,Min clus
0,2.080051424504198,10,4,1
1,2.080051424504198,10,4,1
2,2.0651271899555654,9,5,1
3,2.048754680184304,9,5,1
4,2.0247541468193644,10,4,1
5,1.9388661459313632,9,4,1
6,1.9278767521833489,9,5,1
7,1.8746942816470553,10,4,1
8,1.8543088645994816,11,4,1
9,1.8543088645994816,11,4,1
10,1.8543088645994816,11,4,1
11,1.8543088645994816,11,4,1
12,1.8543088645994816,11,4,1
13,1.8543088645994816,11,4,1
14,1.8543088645994816,11,4,1
15,1.8543088645994816,11,4,1
16,1.8543088645994816,11,4,1
17,1.8543088645994816,11,4,1
18,1.8543088645994816,11,4,1
19,1.8543088645994816,11,4,1
20,1.8543088645994816,11,4,1
21,1.8543088645994816,11,4,1
22,1.8543088645994816,11,4,1
23,1.8543088645994816,11,4,1
24,1.8543088645994816,11,4,1
25,1.8543088645994816,11,4,1
26,1.8543088645994816,11,4,1
27,1.8543088645994816,11,4,1
28,1.7893883540755227,10,4,1
29,1.787087912087912,3,18,3
30,1.7756716775644814,9,5,1
31,1.7499843396095272,10,4,1
32,1.7499843396095272,10,4,1
33,1.7499843396095272,10,4,1
34,1.7499843396095272,10,4,1
35,1.7499843396095272,10,4,1
36,1.7499843396095272,10,4,1
37,1.7216744366744368,10,4,1
38,1.6156363106325624,9,6,1
39,1.4312908225704186,8,8,1
40,1.4312908225704186,8,8,1
41,1.4288625384277558,6,12,1
42,1.4213100908753082,7,10,1
43,1.4213100908753082,7,10,1
44,1.4213100908753082,7,10,1
45,1.4213100908753082,7,10,1
46,1.370125164690382,6,11,1
47,1.290708112815703,5,14,1
48,1.018939393939394,3,19,2
49,0.9306497175141242,7,9,1
