,mq,No. Clus,Max clus,Min clus
0,1.9347323408299018,6,7,3
1,1.9347323408299018,6,7,3
2,1.9347323408299018,6,7,3
3,1.9347323408299018,6,7,3
4,1.9347323408299018,6,7,3
5,1.9001355013550134,7,4,3
6,1.822114101679319,7,4,3
7,1.822114101679319,7,4,3
8,1.8180294231513743,7,4,3
9,1.8180294231513743,7,4,3
10,1.7345920230941438,7,4,3
11,1.7102017791917048,6,7,3
12,1.6917764959293198,7,4,2
13,1.6565706234184494,7,4,3
14,1.6565706234184494,7,4,3
15,1.6445535137131775,7,4,3
16,1.6445535137131775,7,4,3
17,1.6445535137131775,7,4,3
18,1.6445535137131775,7,4,3
19,1.5989974492212344,7,4,3
20,1.592217960189169,7,5,3
21,1.4686481661388258,8,4,2
22,1.4673521969174144,7,4,3
23,1.4673521969174144,7,4,3
24,1.450563600934445,8,3,3
25,1.450563600934445,8,3,3
26,1.450563600934445,8,3,3
27,1.450563600934445,8,3,3
28,1.4480342754212485,8,4,2
29,1.4097790227201992,7,4,3
30,1.3888095238095237,7,5,3
31,1.3728948860084904,8,4,1
32,1.3488795518207282,6,7,3
33,1.2897916089512727,7,4,3
34,1.2875535132162916,8,4,1
35,1.2396997561471246,7,4,2
36,1.1834663865546218,7,4,3
37,1.1879035753635296,6,7,3
38,1.1879035753635296,6,7,3
39,1.1769312078815037,6,8,3
40,1.1256847217822827,4,10,3
41,1.1172235673930588,3,10,4
42,1.0827478532396566,3,11,3
43,1.034119566829847,3,11,3
44,1.0125133320785495,5,11,3
45,0.9360394704866519,6,8,3
46,0.9549401578813344,5,11,3
47,0.8825384458419129,3,18,3
