,mq,No. Clus,Max clus,Min clus
0,2.073281413698871,6,6,3
1,1.8991830594214885,6,5,3
2,1.8625637647376778,6,5,3
3,1.8304969592763447,7,6,2
4,1.8214127793471162,6,6,3
5,1.8214127793471162,6,6,3
6,1.8093180419267376,5,8,3
7,1.7814980681419035,5,8,2
8,1.7579505701694604,8,5,1
9,1.7471153373630153,6,6,2
10,1.7429559204840104,5,8,3
11,1.737372480981115,6,6,3
12,1.7161944805011569,5,7,3
13,1.7111994938081894,6,5,2
14,1.6755139871924503,3,16,3
15,1.674542768539545,6,6,2
16,1.6755139871924503,3,16,3
17,1.672082483726319,5,6,3
18,1.6755139871924503,3,16,3
19,1.6680139364424564,7,5,3
20,1.632786465395161,7,5,3
21,1.6279733361688957,5,7,3
22,1.6211888111888113,5,7,3
23,1.6169588080631025,3,19,2
24,1.6108130431659842,8,5,1
25,1.6032443342937728,6,6,2
26,1.5816509072323026,6,6,2
27,1.5581346423562412,5,12,2
28,1.5490881458966563,4,17,1
29,1.5463967890741346,6,6,2
30,1.5340132248442204,7,4,3
31,1.4824185724185726,6,7,2
32,1.4783943853101134,6,7,3
33,1.4346303145713555,5,10,3
34,1.3633370835420586,7,4,3
35,1.353328515681457,4,12,3
36,1.3111111111111111,3,20,2
37,1.3111111111111111,3,20,2
38,1.2946133518699348,4,11,2
39,1.2558528428093643,6,6,2
40,1.250682388907086,3,16,2
41,1.2495244134432468,4,11,2
42,1.2302820110015584,7,4,2
43,1.2177400437371835,4,12,2
44,1.197504167229806,3,18,2
45,1.1882349437951314,4,11,4
46,1.178,3,15,4
47,1.150795786491989,5,9,2
48,1.1377700348432054,3,17,3
49,1.0836200643820546,5,10,2
