,mq,No. Clus,Max clus,Min clus
0,2.0043983378738206,7,9,3
1,1.9134986894238364,9,5,3
2,1.8855105327408834,9,6,2
3,1.8487590004447965,10,3,2
4,1.8487590004447965,10,3,2
5,1.8487590004447965,10,3,2
6,1.8487590004447965,10,3,2
7,1.8487590004447965,10,3,2
8,1.8487590004447965,10,3,2
9,1.8487590004447965,10,3,2
10,1.8487590004447965,10,3,2
11,1.8487590004447965,10,3,2
12,1.8487590004447965,10,3,2
13,1.8487590004447965,10,3,2
14,1.8487590004447965,10,3,2
15,1.8487590004447965,10,3,2
16,1.8487590004447965,10,3,2
17,1.8487590004447965,10,3,2
18,1.8487590004447965,10,3,2
19,1.8487590004447965,10,3,2
20,1.8487590004447965,10,3,2
21,1.8487590004447965,10,3,2
22,1.8487590004447965,10,3,2
23,1.8487590004447965,10,3,2
24,1.8487590004447965,10,3,2
25,1.8487590004447965,10,3,2
26,1.8487590004447965,10,3,2
27,1.8487590004447965,10,3,2
28,1.8487590004447965,10,3,2
29,1.8066021376996986,10,3,2
30,1.7519563769563768,10,3,2
31,1.7335690220144,10,4,2
32,1.490107823913608,10,4,2
33,1.490107823913608,10,4,2
34,1.4804473121331083,9,6,2
35,1.4804473121331083,9,6,2
36,1.4804473121331083,9,6,2
37,1.4804473121331083,9,6,2
38,1.462864531066764,10,4,2
39,1.4604473121331083,10,4,2
40,1.449264069264069,10,3,2
41,1.449264069264069,10,3,2
42,1.4471978404737025,10,3,2
43,1.4471978404737025,10,3,2
44,1.4464394883523661,10,4,2
45,1.3138351116973785,10,4,2
46,1.29706902375482,6,12,2
47,1.2566011582869545,8,9,2
48,1.2566011582869545,8,9,2
49,1.2566011582869545,8,9,2
50,1.2407503424361388,7,12,2
51,1.1887032248796954,10,3,2
52,1.1044734208386313,9,7,2
53,1.0222991048077354,6,9,3
54,0.9705150717003219,3,24,2
55,0.9220830961866818,3,23,3
56,0.8854826943062237,7,12,2
57,0.902542555483732,4,20,3
