,mq,No. Clus,Max clus,Min clus
0,1.3936071238702818,4,4,3
1,1.3273809523809523,4,4,2
2,1.2824960127591707,4,4,3
3,1.2820048309178744,4,5,2
4,1.278030303030303,4,4,3
5,1.2207792207792207,4,4,2
6,1.2207792207792207,4,4,2
7,1.2207792207792207,4,4,2
8,1.2162698412698412,4,4,2
9,1.1907634699396714,4,5,2
10,1.173160173160173,3,8,2
11,1.1235431235431235,4,4,2
12,1.1216666666666666,4,5,2
13,1.096171802054155,3,7,2
14,1.0847485847485847,4,4,2
15,1.0858585858585859,3,9,2
16,1.0493506493506493,4,5,2
17,1.0454545454545454,4,5,2
18,1.0238213399503722,3,6,3
19,1.0225615887380592,5,4,2
20,1.0222222222222221,3,6,2
21,0.9900793650793651,5,3,2
22,0.9743589743589745,4,5,2
23,0.9671794871794872,4,5,2
24,0.9594017094017093,5,4,2
25,0.9569160997732427,3,10,1
26,0.9299145299145299,4,5,2
27,0.9299145299145299,4,5,2
