,mq,No. Clus,Max clus,Min clus
0,1.366577540106952,4,4,3
1,1.3348484848484847,4,4,3
2,1.3348484848484847,4,4,3
3,1.328715728715729,5,4,2
4,1.2697947214076246,3,6,3
5,1.243006993006993,3,6,3
6,1.2478468899521533,4,7,1
7,1.2045454545454546,4,5,1
8,1.2045454545454546,4,5,1
9,1.2045454545454546,4,5,1
10,1.1630094043887147,4,5,1
11,1.156158357771261,4,6,1
12,1.1022727272727273,5,4,1
13,1.0917874396135265,3,5,4
14,1.0854978354978355,4,4,2
15,1.0802139037433154,4,4,1
16,1.0545540796963948,4,6,2
17,1.0484848484848484,5,5,1
18,1.0406746031746033,4,6,1
19,1.015734989648033,4,4,2
20,0.9939393939393939,5,4,1
21,0.9683257918552037,3,8,2
22,0.9393939393939394,4,5,2
23,0.9352941176470588,4,8,1
24,0.9097643097643098,3,6,3
25,0.8832674571805006,5,4,1
26,0.8484848484848485,5,5,1
27,0.7072072072072072,3,7,2
