,mq,No. Clus,Max clus,Min clus
0,1.1752234543996556,4,4,2
1,1.1372662425294005,4,4,3
2,1.1372662425294005,4,4,3
3,1.117531146707348,5,4,2
4,1.1038011695906431,4,4,2
5,1.0827485380116957,5,3,2
6,1.0865800865800865,4,4,3
7,1.0795739348370925,5,3,2
8,1.0942869995501576,4,5,2
9,1.081578947368421,4,4,3
10,1.081578947368421,4,4,3
11,1.081578947368421,4,4,3
12,1.0771929824561401,4,4,3
13,1.0771929824561401,4,4,3
14,1.034688995215311,4,4,2
15,1.01364522417154,3,5,4
16,1.01364522417154,3,5,4
17,1.01364522417154,3,5,4
18,1.0010668563300142,3,8,2
19,0.9894179894179894,4,5,2
20,0.9437229437229436,5,3,2
21,0.9437229437229436,5,3,2
22,0.9523809523809523,4,4,2
23,0.9675324675324675,3,6,3
24,0.9180426556587548,5,3,2
25,0.9109311740890689,3,5,3
