,mq,No. Clus,Max clus,Min clus
0,1.8999518999518998,5,5,2
1,1.8507766743060858,5,5,3
2,1.8507766743060858,5,5,3
3,1.8507766743060858,5,5,3
4,1.8461640211640211,5,5,2
5,1.8348318348318347,5,4,4
6,1.8348318348318347,5,4,4
7,1.8348318348318347,5,4,4
8,1.8348318348318347,5,4,4
9,1.8348318348318347,5,4,4
10,1.8348318348318347,5,4,4
11,1.8348318348318347,5,4,4
12,1.830517153097798,5,5,3
13,1.830517153097798,5,5,3
14,1.779022335898397,5,5,3
15,1.7711737187543637,5,5,3
16,1.764978213507625,5,5,3
17,1.764978213507625,5,5,3
18,1.7502475737769854,5,5,3
19,1.7343027343027342,5,5,3
20,1.737356958287191,4,8,2
21,1.7013374222676547,4,8,4
22,1.7013374222676547,4,8,4
23,1.7013374222676547,4,8,4
24,1.627680311890838,3,10,5
25,1.6259803921568627,6,4,2
26,1.627680311890838,3,10,5
27,1.6221684587813618,5,5,3
28,1.5980575603671032,4,8,3
29,1.5635631973660142,3,12,4
30,1.5295383963862224,5,5,3
31,1.5295383963862224,5,5,3
32,1.5197811447811447,5,6,2
33,1.4908424908424909,4,9,3
34,1.4881506090808416,4,8,3
35,1.471837606837607,5,5,3
36,1.4359459984459984,5,5,3
37,1.387492941840768,5,5,3
38,1.375,5,6,2
39,1.348249299719888,5,6,2
40,1.3136200716845878,6,5,2
41,1.1101343101343102,3,13,3
