,mq,No. Clus,Max clus,Min clus
0,1.3332309582309583,3,6,3
1,1.3332309582309583,3,6,3
2,1.309006734006734,4,4,2
3,1.201449275362319,4,5,1
4,1.1820887445887447,3,5,3
5,1.1820887445887447,3,5,3
6,1.1772328548644337,4,4,2
7,1.1772328548644337,4,4,2
8,1.1744768641320364,3,6,2
9,1.1559947299077733,4,4,2
10,1.1391465677179964,3,8,2
11,1.1307936507936507,5,5,1
12,1.115734989648033,3,5,4
13,1.1169258373205742,4,5,1
14,1.1036363636363635,3,7,3
15,1.0834312573443008,3,7,2
16,1.0601851851851851,4,4,2
17,1.0571348156487477,3,8,2
18,1.0460317460317459,4,5,2
19,1.0524109014675052,3,10,1
20,1.027777777777778,3,6,2
21,1.0185185185185186,3,7,2
22,1.0073610599926388,4,6,2
23,1.0065359477124183,3,9,2
24,1.0065359477124183,3,9,2
25,1.0036980563296352,4,5,2
26,0.970076726342711,4,4,2
27,0.969581143494187,4,5,2
