,mq,No. Clus,Max clus,Min clus
0,2.0409749670619233,5,7,3
1,2.0409749670619233,5,7,3
2,1.9311147186147186,6,4,3
3,1.9311147186147186,6,4,3
4,1.9311147186147186,6,4,3
5,1.915151515151515,6,4,3
6,1.915151515151515,6,4,3
7,1.915151515151515,6,4,3
8,1.8802916381863748,6,4,3
9,1.7917207792207792,6,4,3
10,1.7917207792207792,6,4,3
11,1.7917207792207792,6,4,3
12,1.7757575757575759,6,4,3
13,1.7408976987924354,6,4,3
14,1.7451232977548767,5,6,3
15,1.7408976987924354,6,4,3
16,1.7004329004329004,6,4,3
17,1.7004329004329004,6,4,3
18,1.6022661548977337,6,4,2
19,1.5947681947681946,5,6,3
20,1.5947681947681946,5,6,3
21,1.5947681947681946,5,6,3
22,1.5697986224302014,6,4,3
23,1.5697986224302014,6,4,3
24,1.5697986224302014,6,4,3
25,1.5697986224302014,6,4,3
26,1.5697986224302014,6,4,3
27,1.5697986224302014,6,4,3
28,1.5610389610389612,6,4,3
29,1.5610389610389612,6,4,3
30,1.5421578421578421,6,5,2
31,1.536960336960337,5,7,3
32,1.5207478924584188,4,10,3
33,1.4924242424242424,3,9,3
34,1.460241512873092,6,5,3
35,1.4415333458811719,6,5,2
36,1.4511784511784511,4,9,3
37,1.4642857142857142,3,12,4
38,1.3769081795397586,5,8,3
39,1.4264870931537597,3,13,3
