,mq,No. Clus,Max clus,Min clus
0,2.241077441077441,6,5,2
1,2.1178451178451176,6,5,2
2,2.0998311286236984,7,3,2
3,2.0586004977309322,6,5,2
4,2.009768740031898,8,4,1
5,1.8928104575163398,8,3,2
6,1.8930085165379285,5,9,2
7,1.8874628639334525,7,5,2
8,1.884628302731751,6,4,3
9,1.8630515683147264,7,4,2
10,1.8618819776714512,6,4,3
11,1.860021265284423,7,4,2
12,1.8549953314659198,6,6,2
13,1.8373737373737373,5,8,2
14,1.8154040404040401,7,3,2
15,1.784776297870927,6,5,2
16,1.7766028405497098,8,4,1
17,1.774088713219148,7,4,2
18,1.769194041252865,6,4,3
19,1.7624458874458875,6,4,3
20,1.7069018356944055,8,3,1
21,1.6784493284493287,6,5,2
22,1.6651401230348597,8,3,1
23,1.6615614648509385,6,4,3
24,1.6486167941647394,4,11,3
25,1.6486167941647394,4,11,3
26,1.5895212339148266,7,4,1
27,1.5842245989304813,4,10,1
28,1.5606199856464968,6,6,2
29,1.5289567592199174,7,4,1
30,1.543234064785789,3,14,3
31,1.543234064785789,3,14,3
32,1.543234064785789,3,14,3
33,1.543234064785789,3,14,3
34,1.4630515683147263,8,4,1
35,1.4354940381256172,8,3,2
36,1.3902847152847153,4,9,3
37,1.3900347872315835,8,4,1
38,1.3635497835497836,8,4,1
39,1.3376008143450004,3,8,6
40,1.3037157287157286,7,3,2
41,1.2923758672042425,8,3,2
