,mq,No. Clus,Max clus,Min clus
0,1.5918281151009364,3,15,3
1,1.5918281151009364,3,15,3
2,1.5918281151009364,3,15,3
3,1.5918281151009364,3,15,3
4,1.5918281151009364,3,15,3
5,1.5918281151009364,3,15,3
6,1.5918281151009364,3,15,3
7,1.5918281151009364,3,15,3
8,1.5918281151009364,3,15,3
9,1.5918281151009364,3,15,3
10,1.5918281151009364,3,15,3
11,1.5918281151009364,3,15,3
12,1.5918281151009364,3,15,3
13,1.5918281151009364,3,15,3
14,1.5918281151009364,3,15,3
15,1.5918281151009364,3,15,3
16,1.5918281151009364,3,15,3
17,1.5918281151009364,3,15,3
18,1.5918281151009364,3,15,3
19,1.5918281151009364,3,15,3
20,1.5918281151009364,3,15,3
21,1.5918281151009364,3,15,3
22,1.5918281151009364,3,15,3
23,1.5918281151009364,3,15,3
24,1.5918281151009364,3,15,3
25,1.5918281151009364,3,15,3
26,1.5918281151009364,3,15,3
27,1.5918281151009364,3,15,3
28,1.5918281151009364,3,15,3
29,1.5918281151009364,3,15,3
30,1.5918281151009364,3,15,3
31,1.5918281151009364,3,15,3
32,1.5918281151009364,3,15,3
33,1.5918281151009364,3,15,3
34,1.5669952537422418,3,18,3
35,1.5643311994750877,3,16,3
36,1.5643311994750877,3,16,3
37,1.5643311994750877,3,16,3
38,1.5643311994750877,3,16,3
39,1.5643311994750877,3,16,3
40,1.5643311994750877,3,16,3
41,1.5643311994750877,3,16,3
42,1.5643311994750877,3,16,3
43,1.5613275613275612,3,14,3
44,1.5613275613275612,3,14,3
45,1.5613275613275612,3,14,3
46,1.5613275613275612,3,14,3
47,1.4255588209101435,3,15,4
48,1.4255588209101435,3,15,4
49,1.4255588209101435,3,15,4
50,1.4255588209101435,3,15,4
51,1.4223255813953486,3,17,4
52,1.3966172261254228,3,14,4
53,1.3966172261254228,3,14,4
54,1.3351442599174979,3,15,2
55,1.3351442599174979,3,15,2
56,1.3351442599174979,3,15,2
57,1.3351442599174979,3,15,2
58,1.310814419225634,3,16,2
59,1.310814419225634,3,16,2
