,mq,No. Clus,Max clus,Min clus
0,2.1613868867705186,6,6,2
1,2.129382055852644,6,6,2
2,1.934712245622193,6,6,2
3,1.929074021953279,6,5,2
4,1.9239466953829587,5,6,2
5,1.8457615369380074,5,6,2
6,1.8457615369380074,5,6,2
7,1.8406851318616024,8,3,2
8,1.8406851318616024,8,3,2
9,1.8407965099915564,5,7,2
10,1.8389780154486037,6,6,2
11,1.8300309597523219,4,7,3
12,1.8163875598086126,5,10,2
13,1.7785223807391295,6,7,1
14,1.775252525252525,7,3,2
15,1.7681872391174718,5,8,2
16,1.753896103896104,8,3,2
17,1.7392309097552063,6,5,2
18,1.7283469821832993,6,6,2
19,1.7264752791068578,8,3,2
20,1.7030242677526208,6,6,2
21,1.6884629096393802,7,5,2
22,1.687929292929293,6,5,2
23,1.6626368952684742,8,4,2
24,1.6370813397129185,6,7,2
25,1.6069023569023568,7,4,2
26,1.5655136057612837,6,4,3
27,1.5654988069434073,6,6,2
28,1.5578576648370697,7,4,2
29,1.548387920396034,8,5,2
30,1.5417211443527232,8,4,2
31,1.5245705700948669,7,4,2
32,1.5125503151818942,9,4,2
33,1.500429292929293,6,6,2
34,1.4528322554638344,7,4,2
35,1.443015873015873,6,4,2
36,1.4324175824175824,6,4,2
37,1.4294496691048415,7,5,2
38,1.4232312808164203,3,12,4
39,1.3803684873478923,7,4,2
40,1.3803684873478923,7,4,2
41,1.3023809523809524,6,5,2
