,mq,No. Clus,Max clus,Min clus
0,1.5736871823828344,3,14,3
1,1.5736871823828344,3,14,3
2,1.5736871823828344,3,14,3
3,1.5736871823828344,3,14,3
4,1.5736871823828344,3,14,3
5,1.5736871823828344,3,14,3
6,1.5736871823828344,3,14,3
7,1.5736871823828344,3,14,3
8,1.5736871823828344,3,14,3
9,1.5736871823828344,3,14,3
10,1.5736871823828344,3,14,3
11,1.5736871823828344,3,14,3
12,1.5736871823828344,3,14,3
13,1.5736871823828344,3,14,3
14,1.5736871823828344,3,14,3
15,1.5736871823828344,3,14,3
16,1.5736871823828344,3,14,3
17,1.5736871823828344,3,14,3
18,1.5736871823828344,3,14,3
19,1.5563268804583679,3,14,3
20,1.5563268804583679,3,14,3
21,1.5563268804583679,3,14,3
22,1.5563268804583679,3,14,3
23,1.5563268804583679,3,14,3
24,1.5563268804583679,3,14,3
25,1.5563268804583679,3,14,3
26,1.5563268804583679,3,14,3
27,1.5563268804583679,3,14,3
28,1.5563268804583679,3,14,3
29,1.5563268804583679,3,14,3
30,1.5563268804583679,3,14,3
31,1.5563268804583679,3,14,3
32,1.5563268804583679,3,14,3
33,1.5563268804583679,3,14,3
34,1.5563268804583679,3,14,3
35,1.5563268804583679,3,14,3
36,1.5563268804583679,3,14,3
37,1.5563268804583679,3,14,3
38,1.5491967491967493,3,13,3
39,1.5491967491967493,3,13,3
40,1.5491967491967493,3,13,3
41,1.5491967491967493,3,13,3
42,1.5491967491967493,3,13,3
43,1.5491967491967493,3,13,3
44,1.5483116883116883,3,15,3
45,1.5483116883116883,3,15,3
46,1.5184711565785736,3,13,4
47,1.5184711565785736,3,13,4
48,1.5184711565785736,3,13,4
49,1.5184711565785736,3,13,4
50,1.5169273854107976,3,15,3
51,1.5169273854107976,3,15,3
52,1.5142594099259197,3,14,4
53,1.5142594099259197,3,14,4
54,1.5142594099259197,3,14,4
55,1.507081500104756,3,13,4
56,1.507081500104756,3,13,4
57,1.507081500104756,3,13,4
58,1.507081500104756,3,13,4
59,1.313782530073119,3,15,2
