,mq,No. Clus,Max clus,Min clus
0,1.2763849016480595,4,5,2
1,1.2722077922077921,3,5,3
2,1.2457142857142856,3,5,3
3,1.2457142857142856,3,5,3
4,1.2457142857142856,3,5,3
5,1.2067423460612314,4,4,2
6,1.2067423460612314,4,4,2
7,1.1585714285714286,4,5,1
8,1.1451489686783805,4,5,2
9,1.1239495798319328,5,3,2
10,1.126033474490825,4,5,2
11,1.11689772216088,5,3,2
12,1.120560020741509,4,5,1
13,1.0978906714200831,4,4,2
14,1.0973020787262273,3,5,3
15,1.0973020787262273,4,5,2
16,1.0701754385964912,5,4,1
17,1.0654623154623155,5,4,2
18,1.0204678362573099,5,4,2
19,1.0204678362573099,5,4,2
20,0.9862745098039216,4,4,2
21,0.98109243697479,4,4,3
22,0.9841269841269841,3,8,2
23,0.9733893557422969,5,3,2
24,0.9733893557422969,4,5,2
25,0.9533146591970122,5,3,2
26,0.9447004608294931,3,6,2
27,0.944700460829493,4,6,2
