,mq,No. Clus,Max clus,Min clus
0,1.8498677248677249,4,7,3
1,1.8498677248677249,4,7,3
2,1.8498677248677249,4,7,3
3,1.8498677248677249,4,7,3
4,1.8498677248677249,4,7,3
5,1.7852175602175602,4,8,3
6,1.7852175602175602,4,8,3
7,1.766830065359477,4,8,3
8,1.7284715284715284,4,7,3
9,1.7284715284715284,4,7,3
10,1.7284715284715284,4,7,3
11,1.7212962962962963,4,6,4
12,1.723809523809524,4,7,3
13,1.723809523809524,4,7,3
14,1.7117472246782592,4,6,4
15,1.687062062062062,4,7,3
16,1.687062062062062,4,7,3
17,1.687062062062062,4,7,3
18,1.687062062062062,4,7,3
19,1.6808069381598794,4,7,4
20,1.660294117647059,4,6,4
21,1.6498694072223485,4,7,4
22,1.6498694072223485,4,7,4
23,1.6165321165321165,4,6,3
24,1.613031413031413,4,8,2
25,1.613031413031413,4,8,2
26,1.613031413031413,4,8,2
27,1.612867132867133,4,9,3
28,1.5952380952380953,4,6,4
29,1.5919413919413918,4,7,3
30,1.5645685754407865,4,6,4
31,1.561003861003861,4,7,3
32,1.561003861003861,4,7,3
33,1.561003861003861,4,7,3
34,1.5128048780487804,4,7,2
35,1.510397637315796,4,8,3
36,1.510397637315796,4,8,3
37,1.4581328887830436,4,7,2
38,1.4136904761904763,4,7,3
39,1.4136904761904763,4,8,3
40,1.4136904761904763,4,8,3
41,1.3724564962100994,4,7,2
