,mq,No. Clus,Max clus,Min clus
0,1.4968316707447142,4,4,2
1,1.4968316707447142,4,4,2
2,1.473160173160173,4,4,3
3,1.473160173160173,4,4,3
4,1.473160173160173,4,4,3
5,1.4396167557932262,5,3,2
6,1.427128427128427,4,4,2
7,1.427128427128427,4,4,2
8,1.427128427128427,4,4,2
9,1.427128427128427,4,4,2
10,1.3936071238702818,5,3,2
11,1.3936071238702818,4,4,3
12,1.3936071238702818,4,4,3
13,1.2682186234817814,4,4,3
14,1.2682186234817814,4,4,3
15,1.2682186234817814,4,4,3
16,1.2682186234817814,4,4,3
17,1.2682186234817814,4,4,3
18,1.2447838109602816,4,4,2
19,1.2026923076923077,4,4,2
20,1.2026923076923077,4,4,2
21,1.1145104895104896,4,4,2
22,1.1240165631469978,3,6,3
23,1.068284936479129,3,7,3
24,1.068284936479129,3,7,3
25,0.9605263157894737,5,3,1
