,mq,No. Clus,Max clus,Min clus
0,2.1515584754715187,6,5,2
1,2.1413482652613087,7,4,2
2,2.043958818958819,6,5,2
3,2.007825733441563,6,4,2
4,1.9880859119989556,5,7,2
5,1.9316455430585866,5,7,2
6,1.9085921325051762,7,5,2
7,1.9085921325051762,7,5,2
8,1.924949061945966,5,6,2
9,1.9085921325051762,7,5,2
10,1.8783910533910535,6,4,2
11,1.8418597742127154,8,4,2
12,1.8436571598336304,6,5,2
13,1.8357401519166225,6,7,2
14,1.8016740569372147,9,3,2
15,1.8357401519166225,6,7,2
16,1.7375965537730242,6,5,2
17,1.7448966408268736,5,8,2
18,1.7287581699346406,7,3,2
19,1.7080917874396135,6,6,2
20,1.7058190601668863,6,5,2
21,1.7033910533910532,7,4,2
22,1.6958204334365323,8,3,2
23,1.6958204334365323,8,3,2
24,1.6924836601307192,6,6,2
25,1.6525676937441642,7,5,2
26,1.6419806763285028,7,4,2
27,1.6514854426619132,6,5,2
28,1.6261894305372566,5,5,3
29,1.5811111111111111,6,5,2
30,1.5504273504273507,7,4,2
31,1.544282661782662,7,4,2
32,1.5473437238143122,5,6,2
33,1.491130678746778,7,3,2
34,1.5387000596302922,3,8,4
35,1.5387000596302922,3,8,4
36,1.491130678746778,7,3,2
37,1.5271929824561403,5,11,2
38,1.5094475549718518,6,7,2
39,1.3894444444444445,8,4,2
