,mq,No. Clus,Max clus,Min clus
0,2.085996180462125,11,5,2
1,1.9517384243501423,13,3,2
2,1.9517384243501423,13,3,2
3,1.91910439171611,13,4,2
4,1.853640038480859,13,3,2
5,1.838530835871656,11,6,2
6,1.8185409729811846,13,3,2
7,1.7872938846347048,13,3,2
8,1.7872938846347048,13,3,2
9,1.7872938846347048,13,3,2
10,1.7134278955513245,13,4,2
11,1.69231022808609,11,5,2
12,1.6507859481267684,12,4,2
13,1.6379673799075918,14,3,2
14,1.626471373812194,14,3,2
15,1.626471373812194,14,3,2
16,1.626471373812194,14,3,2
17,1.626471373812194,14,3,2
18,1.626471373812194,14,3,2
19,1.6253078314721812,13,4,2
20,1.6067202915611118,14,3,2
21,1.5912826342741928,13,4,2
22,1.5653580136338756,9,5,2
23,1.5577006837179748,13,4,2
24,1.5170341443749646,13,4,2
25,1.5042958865524527,12,5,2
26,1.494515871255039,12,3,2
27,1.4881434527834123,7,12,2
28,1.4629877985639128,13,4,2
29,1.4702797202797202,6,9,2
30,1.457640204981025,14,3,2
31,1.4556899182437202,10,7,2
32,1.4408051881460082,13,5,2
33,1.4296727300827383,9,7,2
34,1.4217887729804568,14,3,2
35,1.424659912852504,9,6,2
36,1.420177898063955,13,3,2
37,1.4203050360945098,7,11,2
38,1.4192508023674848,14,3,2
39,1.4138752570514912,9,10,2
40,1.405298016364576,13,3,2
41,1.3453584606137194,8,13,2
42,1.3376740012237498,9,10,2
43,1.297308802258817,5,10,2
44,1.289337235385978,7,17,2
45,1.282976371405686,11,6,1
46,1.28231552965635,10,11,2
47,1.2693354078262988,13,4,1
48,1.2689995099464682,8,15,2
49,1.2300054167093046,9,10,2
50,1.2331332703921833,5,18,2
51,1.2200257163271275,10,7,2
52,1.2063783609198953,4,23,2
53,1.2032445915995944,4,19,2
54,1.1991758941465906,4,22,2
55,1.1854516359112621,12,4,2
56,1.1672058692495977,7,14,2
57,1.1526513981788156,9,10,2
58,1.1324915734385317,7,15,2
59,1.0028646502054706,9,11,2
