,mq,No. Clus,Max clus,Min clus
0,2.025583827936769,9,6,2
1,2.025583827936769,9,6,2
2,2.025583827936769,9,6,2
3,1.9864509495746656,10,3,2
4,1.9864509495746656,10,3,2
5,1.9744776496163843,10,3,2
6,1.9744776496163843,10,3,2
7,1.9744776496163843,10,3,2
8,1.9744776496163843,10,3,2
9,1.971902286354619,10,3,2
10,1.8862642082114536,10,3,2
11,1.8862642082114536,10,3,2
12,1.8862642082114536,10,3,2
13,1.866639388586634,10,3,2
14,1.866639388586634,10,3,2
15,1.866639388586634,10,3,2
16,1.8539171612701024,10,3,2
17,1.8539171612701024,10,3,2
18,1.8539171612701024,10,3,2
19,1.8465775165514555,8,8,3
20,1.8465775165514555,8,8,3
21,1.8465775165514555,8,8,3
22,1.8406244204449589,6,8,3
23,1.8221711295240708,10,3,2
24,1.8221711295240708,10,3,2
25,1.8221711295240708,10,3,2
26,1.7931906151378605,10,4,2
27,1.7685553904244606,10,4,2
28,1.751089754561307,10,4,2
29,1.682991358130093,10,4,2
30,1.6265239484711937,11,3,1
31,1.6318332829960736,3,23,3
32,1.6035905980429308,9,6,2
33,1.5624308697838112,9,5,3
34,1.5816689545308185,6,8,3
35,1.547365409553619,8,6,2
36,1.5401885192004465,10,4,2
37,1.537385775988717,7,8,2
38,1.5263483071190818,10,3,2
39,1.5263483071190818,10,3,2
40,1.5228057889822595,10,4,2
41,1.4623562503412315,10,4,2
42,1.4634876561347152,9,5,2
43,1.4435624655097108,10,4,2
44,1.4220157293686706,8,8,3
45,1.4220157293686706,8,8,3
46,1.3829368344074227,10,4,2
47,1.4042299597072012,7,12,2
48,1.3937676765635238,8,9,2
49,1.3679555515204915,10,4,2
50,1.3867265300769138,6,14,3
51,1.3867265300769138,6,14,3
52,1.3412175836060531,10,4,2
53,1.3492052442278686,5,16,3
54,1.302262443438914,4,20,3
55,1.302262443438914,4,20,3
56,1.285554420279278,3,23,3
57,1.285554420279278,3,23,3
