,mq,No. Clus,Max clus,Min clus
0,1.818683537488222,3,10,4
1,1.818683537488222,3,10,4
2,1.818683537488222,3,10,4
3,1.818683537488222,3,10,4
4,1.818683537488222,3,10,4
5,1.818683537488222,3,10,4
6,1.818683537488222,3,10,4
7,1.7353779118485,3,9,5
8,1.7353779118485,3,9,5
9,1.680392156862745,3,11,3
10,1.661084529505582,3,10,5
11,1.6481481481481481,3,9,5
12,1.647953216374269,3,10,3
13,1.647953216374269,3,10,3
14,1.647953216374269,3,10,3
15,1.647953216374269,3,10,3
16,1.5892640692640692,3,9,4
17,1.5666666666666667,3,11,4
18,1.5666666666666667,3,11,4
19,1.546048722519311,3,8,6
20,1.546048722519311,3,8,6
21,1.5392893999705146,3,7,6
22,1.5392893999705146,3,7,6
23,1.5333333333333332,3,11,2
24,1.4751459905996298,3,10,4
25,1.4751459905996298,3,10,4
26,1.4751459905996298,3,10,4
27,1.4751459905996298,3,10,4
28,1.4751459905996298,3,10,4
29,1.4751459905996298,3,10,4
30,1.4751459905996298,3,10,4
31,1.4633679606342263,3,10,5
32,1.4576213952860133,3,11,3
33,1.4576213952860133,3,11,3
34,1.4576213952860133,3,11,3
35,1.3944099378881987,3,11,4
36,1.3944099378881987,3,11,4
37,1.3944099378881987,3,11,4
38,1.3137254901960784,3,12,2
39,1.2673382173382173,3,10,3
40,1.2673382173382173,3,10,3
41,1.2673382173382173,3,10,3
