,mq,No. Clus,Max clus,Min clus
0,2.0105339105339106,5,8,2
1,2.0105339105339106,5,8,2
2,2.0105339105339106,5,8,2
3,1.854978354978355,4,8,3
4,1.7939393939393937,5,6,2
5,1.7450778976202705,5,9,2
6,1.7450778976202703,4,9,2
7,1.7450778976202703,4,9,2
8,1.7423583949007675,5,9,2
9,1.7229055258467023,5,9,1
10,1.7072192513368984,4,9,3
11,1.6883116883116884,5,8,2
12,1.6883116883116884,4,8,2
13,1.6883116883116884,4,8,2
14,1.6457912457912456,5,6,2
15,1.6457912457912456,5,6,2
16,1.6243516243516243,5,6,2
17,1.6243516243516243,5,6,2
18,1.621010101010101,5,7,2
19,1.6166167166167167,5,6,2
20,1.612121212121212,5,8,2
21,1.5245021645021644,5,8,2
22,1.5245021645021644,5,8,2
23,1.5121381886087768,5,8,2
24,1.507714718340904,5,5,2
25,1.4947299077733858,5,9,2
26,1.4858732250036597,5,5,2
27,1.4806859806859807,5,5,2
28,1.474375332270069,5,8,2
29,1.4640190727147249,5,9,2
30,1.4350720317933432,5,10,1
31,1.4304199412558545,4,9,3
32,1.414630467571644,5,9,2
33,1.4158645276292334,5,9,1
34,1.403952416147538,5,6,2
35,1.3882828282828281,5,8,2
36,1.3598998111193232,4,7,4
37,1.3634615384615385,4,10,2
38,1.3504545269251151,5,6,2
39,1.3424908424908426,4,7,2
40,1.3117948717948718,4,10,2
41,1.2393939393939393,5,8,2
