,mq,No. Clus,Max clus,Min clus
0,2.314461753080679,5,5,3
1,2.314461753080679,5,5,3
2,1.9125874125874125,6,4,1
3,1.8641636141636142,6,5,2
4,1.7924710910005026,6,5,2
5,1.7636181032290872,7,5,2
6,1.7636181032290872,7,5,2
7,1.7583443126921388,7,5,1
8,1.7501329080276449,7,3,2
9,1.7268398268398268,6,5,2
10,1.721760953185102,7,4,1
11,1.721760953185102,7,4,1
12,1.7196485313492988,8,4,1
13,1.7049937216265816,5,5,3
14,1.6990794016110473,3,13,3
15,1.6870194482134782,4,10,3
16,1.646969696969697,5,7,3
17,1.640178179308614,8,4,1
18,1.6243201243201244,4,9,3
19,1.6109734563681932,6,5,1
20,1.5991643994120774,6,4,2
21,1.5819188980953687,8,4,2
22,1.5815847551141669,7,5,2
23,1.562209720104457,6,5,1
24,1.5336086915034284,7,4,2
25,1.5337301587301586,5,10,2
26,1.5324960127591705,7,4,2
27,1.4976076555023923,6,4,2
28,1.492584866114278,6,4,2
29,1.4758059278183118,6,5,2
30,1.4690583925878045,4,7,4
31,1.4308796237267485,6,5,2
32,1.4196507287082563,5,8,2
33,1.3818074251644232,7,4,2
34,1.3651401230348599,6,6,1
35,1.3578144078144079,9,5,1
36,1.3489984591679507,3,11,3
37,1.3086846728151076,8,5,1
38,1.3021118627289225,6,4,3
39,1.2710839288026288,4,8,4
40,1.1781632110579479,8,4,1
41,1.141089108910891,3,17,1
