,mq,No. Clus,Max clus,Min clus
0,2.0781678840690505,6,6,2
1,2.0781678840690505,6,6,2
2,2.0781678840690505,6,6,2
3,2.0781678840690505,6,6,2
4,2.0781678840690505,6,6,2
5,2.0781678840690505,6,6,2
6,2.0781678840690505,6,6,2
7,2.0781678840690505,6,6,2
8,2.0781678840690505,6,6,2
9,2.0781678840690505,6,6,2
10,2.0781678840690505,6,6,2
11,2.0781678840690505,6,6,2
12,2.0781678840690505,6,6,2
13,2.0781678840690505,6,6,2
14,2.0781678840690505,6,6,2
15,2.0781678840690505,6,6,2
16,2.0781678840690505,6,6,2
17,2.0781678840690505,6,6,2
18,2.0781678840690505,6,6,2
19,2.0781678840690505,6,6,2
20,2.0781678840690505,6,6,2
21,2.0781678840690505,6,6,2
22,2.0781678840690505,6,6,2
23,2.0781678840690505,6,6,2
24,2.0781678840690505,6,6,2
25,2.0781678840690505,6,6,2
26,2.0781678840690505,6,6,2
27,2.0468952116780263,6,7,2
28,2.01042252505588,6,6,2
29,2.01042252505588,6,6,2
30,1.997986526331375,6,7,2
31,1.997986526331375,6,7,2
32,1.958958735009155,6,6,2
33,1.86222361162323,6,6,2
34,1.86222361162323,6,6,2
35,1.86222361162323,6,6,2
36,1.86222361162323,6,6,2
37,1.8211756580031484,6,6,2
38,1.8211756580031484,6,6,2
39,1.7615188794434076,6,6,2
40,1.7615188794434076,6,6,2
41,1.6833520243846332,6,6,2
42,1.6833520243846332,6,6,2
43,1.6004177109440265,6,7,2
44,1.592038102269115,6,6,2
45,1.5423236055503498,6,6,2
46,1.5423236055503498,6,6,2
47,1.4945436507936507,6,6,2
48,1.4945436507936507,6,6,2
49,1.3561742240987522,6,6,2
