,mq,No. Clus,Max clus,Min clus
0,2.2447585094643916,6,5,2
1,2.148501824972413,6,6,2
2,2.047979797979798,7,4,2
3,2.0170857511283042,4,7,3
4,1.9888702817650186,6,5,2
5,1.958175158175158,7,4,2
6,1.9582137161084527,6,5,2
7,1.9582137161084527,6,5,2
8,1.9059910247990746,7,4,2
9,1.9044733044733042,7,5,2
10,1.8995840760546643,4,9,2
11,1.8901702977063546,5,6,2
12,1.8650347872315836,6,5,2
13,1.8415975544922913,8,4,1
14,1.8249861249861248,7,5,2
15,1.801512106819012,7,4,2
16,1.7462836870731606,7,5,2
17,1.7464935064935063,6,7,2
18,1.7373478567030398,5,8,2
19,1.6861852264432171,7,4,1
20,1.6847168426115795,5,8,2
21,1.6668037844508432,4,8,3
22,1.6529067918898426,6,9,2
23,1.651155217331688,5,8,3
24,1.6383838383838387,6,5,2
25,1.6274186881603763,7,3,2
26,1.6274186881603763,7,3,2
27,1.6216480595427964,4,12,2
28,1.5892954388606562,7,4,2
29,1.5851214851214852,5,7,2
30,1.5517025257737331,6,4,3
31,1.5504152330417722,4,9,2
32,1.5499108734402853,5,5,3
33,1.5389421380133452,7,4,2
34,1.5274153297682709,3,12,4
35,1.5197365152608118,8,3,2
36,1.4884862429297288,4,10,2
37,1.4363199665831243,4,11,2
38,1.3915331744279111,7,5,2
39,1.3915331744279111,7,5,2
40,1.3362193362193362,7,5,1
41,1.2295900178253119,5,9,2
