,mq,No. Clus,Max clus,Min clus
0,1.9751382328760498,4,9,3
1,1.9751382328760498,4,9,3
2,1.9751382328760498,4,9,3
3,1.9751382328760498,4,9,3
4,1.9751382328760498,4,9,3
5,1.9751382328760498,4,9,3
6,1.9751382328760498,4,9,3
7,1.9751382328760498,4,9,3
8,1.9751382328760498,4,9,3
9,1.9751382328760498,4,9,3
10,1.9751382328760498,4,9,3
11,1.9751382328760498,4,9,3
12,1.9751382328760498,4,9,3
13,1.9751382328760498,4,9,3
14,1.9751382328760498,4,9,3
15,1.9751382328760498,4,9,3
16,1.9751382328760498,4,9,3
17,1.9751382328760498,4,9,3
18,1.9751382328760498,4,9,3
19,1.9751382328760498,4,9,3
20,1.9751382328760498,4,9,3
21,1.9751382328760498,4,9,3
22,1.9751382328760498,4,9,3
23,1.9751382328760498,4,9,3
24,1.9751382328760498,4,9,3
25,1.9751382328760498,4,9,3
26,1.9751382328760498,4,9,3
27,1.934607053972155,4,9,3
28,1.934607053972155,4,9,3
29,1.921968787515006,4,10,3
30,1.921968787515006,4,10,3
31,1.921968787515006,4,10,3
32,1.9080212234706617,4,9,3
33,1.9008432449131478,4,8,3
34,1.9008432449131478,4,8,3
35,1.8708521666692377,4,9,3
36,1.8574263038548753,4,10,3
37,1.8574263038548753,4,10,3
38,1.8574263038548753,4,10,3
39,1.8574263038548753,4,10,3
40,1.794309083699623,4,10,3
41,1.7478517764304777,4,10,2
42,1.7478517764304777,4,10,2
43,1.7087437669495233,4,10,3
44,1.6846460618145565,4,9,2
45,1.6846460618145565,4,9,2
46,1.6433380106263895,4,8,4
47,1.5318789633305765,4,9,4
48,1.5318789633305765,4,9,4
49,1.5318789633305765,4,9,4
