,mq,No. Clus,Max clus,Min clus
0,1.3010526315789472,3,5,4
1,1.3010526315789472,3,5,4
2,1.3010526315789472,3,5,4
3,1.3010526315789472,3,5,4
4,1.3010526315789472,3,5,4
5,1.3010526315789472,3,5,4
6,1.3010526315789472,3,5,4
7,1.3010526315789472,3,5,4
8,1.2466666666666666,3,5,3
9,1.2466666666666666,3,5,3
10,1.2228959495512974,3,6,3
11,1.1983805668016194,3,5,4
12,1.1983805668016194,3,5,4
13,1.1983805668016194,3,5,4
14,1.1983805668016194,3,5,4
15,1.1983805668016194,3,5,4
16,1.1983805668016194,3,5,4
17,1.1983805668016194,3,5,4
18,1.1983805668016194,3,5,4
19,1.1983805668016194,3,5,4
20,1.1967418546365916,3,5,4
21,1.1967418546365916,3,5,4
22,1.1967418546365916,3,5,4
23,1.0714285714285714,3,6,2
24,1.017037037037037,3,5,3
25,0.9848484848484849,3,5,3
26,0.9848484848484849,3,5,3
27,0.9848484848484849,3,5,3
