,mq,No. Clus,Max clus,Min clus
0,1.881199350503325,4,18,3
1,1.7435650792287543,4,17,3
2,1.6566239259279005,4,18,2
3,1.6566239259279005,4,18,2
4,1.6566239259279005,4,18,2
5,1.6566239259279005,4,18,2
6,1.6566239259279005,4,18,2
7,1.6566239259279005,4,18,2
8,1.6035114601289662,4,17,2
9,1.6035114601289662,4,17,2
10,1.6035114601289662,4,17,2
11,1.548022843298434,4,18,2
12,1.548022843298434,4,18,2
13,1.548022843298434,4,18,2
14,1.521954992786096,4,18,2
15,1.521954992786096,4,18,2
16,1.521954992786096,4,18,2
17,1.521954992786096,4,18,2
18,1.521954992786096,4,18,2
19,1.469690184423727,4,18,2
20,1.457392293562662,4,17,2
21,1.455714636628417,4,18,2
22,1.4523472119126346,4,17,2
23,1.4523235973100472,4,18,2
24,1.4523235973100472,4,18,2
25,1.4523235973100472,4,18,2
26,1.4523235973100472,4,18,2
27,1.4273235389729553,4,19,2
28,1.4273235389729553,4,19,2
29,1.4248206937095826,4,18,2
30,1.424699887946891,4,18,2
31,1.424699887946891,4,18,2
32,1.424699887946891,4,18,2
33,1.424699887946891,4,18,2
34,1.424699887946891,4,18,2
35,1.424699887946891,4,18,2
36,1.424699887946891,4,18,2
37,1.424699887946891,4,18,2
38,1.4141102797657776,4,17,2
39,1.4115795262748667,4,18,2
40,1.4113929548712156,4,19,2
41,1.4113929548712156,4,19,2
42,1.4105496292770856,4,19,2
43,1.4105496292770856,4,19,2
44,1.4105496292770856,4,19,2
45,1.4038365719980068,4,16,2
46,1.4000587889476779,4,18,2
47,1.4000587889476779,4,18,2
48,1.3916094584286802,4,17,2
49,1.3881328816111425,4,19,2
50,1.3743484204582603,4,19,2
51,1.371587422147957,4,17,2
52,1.371587422147957,4,17,2
53,1.35617155102836,4,18,2
54,1.3474785004592136,4,17,2
55,1.344570450543632,4,18,3
56,1.3041964866623292,4,17,2
57,1.2936453201970441,4,20,2
58,1.2683127572016462,4,18,2
59,1.2005470682380328,4,19,2
