,mq,No. Clus,Max clus,Min clus
0,1.412121212121212,5,4,2
1,1.412121212121212,5,4,2
2,1.412121212121212,5,4,2
3,1.371212121212121,4,6,2
4,1.3383116883116881,6,3,2
5,1.3383116883116881,6,3,2
6,1.3383116883116881,6,3,2
7,1.3383116883116881,6,3,2
8,1.3383116883116881,6,3,2
9,1.3383116883116881,6,3,2
10,1.3383116883116881,6,3,2
11,1.3383116883116881,6,3,2
12,1.2577985739750446,5,4,2
13,1.2577985739750446,5,4,2
14,1.250865800865801,5,5,2
15,1.250865800865801,5,5,2
16,1.2196969696969697,5,3,2
17,1.2173444976076555,5,4,2
18,1.2014260249554367,5,4,2
19,1.2014260249554367,5,4,2
20,1.1685128596893302,6,3,1
21,1.142929292929293,3,9,2
22,1.127616501145913,6,3,2
23,1.142929292929293,3,9,2
24,1.0829809725158563,4,8,1
25,1.0759803921568627,5,4,2
26,1.0227272727272727,5,4,2
27,0.954185520361991,4,5,2
