,mq,No. Clus,Max clus,Min clus
0,1.471394984326019,4,5,2
1,1.471394984326019,4,5,2
2,1.4396167557932262,5,3,2
3,1.3991626794258374,5,3,2
4,1.3991626794258374,5,3,2
5,1.385064935064935,4,6,2
6,1.2984189723320156,4,5,2
7,1.2984189723320156,4,5,2
8,1.2857011409642989,4,5,2
9,1.2857011409642989,4,5,2
10,1.2646167557932264,5,4,2
11,1.2577985739750446,5,4,2
12,1.2564935064935066,5,3,2
13,1.2402097902097902,5,4,2
14,1.2436507936507937,5,6,1
15,1.2424812030075187,4,6,1
16,1.2312834224598932,4,6,2
17,1.2312834224598932,4,6,2
18,1.2173444976076555,5,4,2
19,1.219498910675381,4,6,2
20,1.2164786967418546,4,4,2
21,1.2164786967418546,4,4,2
22,1.1771708683473388,4,5,2
23,1.166066031155545,5,4,2
24,1.0759803921568627,5,4,2
25,1.063467492260062,5,3,2
26,1.063467492260062,5,3,2
27,1.053921568627451,5,4,2
