,mq,No. Clus,Max clus,Min clus
0,1.471394984326019,4,5,2
1,1.471394984326019,4,5,2
2,1.4396167557932262,5,3,2
3,1.4396167557932262,5,3,2
4,1.4108585858585858,5,3,2
5,1.4108585858585858,5,3,2
6,1.3321092700403045,4,5,2
7,1.300331041507512,5,3,2
8,1.300331041507512,5,3,2
9,1.300331041507512,5,3,2
10,1.300331041507512,5,3,2
11,1.3321092700403045,4,5,2
12,1.3321092700403045,4,5,2
13,1.2788112522686026,3,5,3
14,1.2630616509926855,3,5,3
15,1.2182748538011696,4,5,2
16,1.1651401230348597,4,4,3
17,1.157372039724981,4,4,3
18,1.1540872920183265,3,5,4
19,1.1223090634855342,4,4,2
20,1.1244252873563219,4,5,2
21,1.1010526315789473,3,5,3
22,1.1010526315789473,3,5,3
23,1.0022918258212377,5,3,2
24,1.0022918258212377,5,3,2
25,1.022408963585434,3,8,2
