,mq,No. Clus,Max clus,Min clus
0,1.412121212121212,5,4,2
1,1.412121212121212,5,4,2
2,1.3510101010101012,6,3,2
3,1.3510101010101012,6,3,2
4,1.3510101010101012,6,3,2
5,1.3510101010101012,6,3,2
6,1.3510101010101012,6,3,2
7,1.3510101010101012,6,3,2
8,1.3510101010101012,6,3,2
9,1.3510101010101012,6,3,2
10,1.3246753246753247,4,5,2
11,1.2635642135642136,5,5,2
12,1.2635642135642136,5,5,2
13,1.212121212121212,3,8,2
14,1.2095959595959598,7,2,1
15,1.1917641892066444,5,4,2
16,1.1917641892066444,5,4,2
17,1.1403149138443256,6,3,2
18,1.142929292929293,3,9,2
19,1.1403149138443256,6,3,2
20,1.1393280632411067,4,6,2
21,1.1393280632411067,4,6,2
22,1.0984848484848484,4,8,1
23,1.0832674571805008,3,7,2
24,1.0318181818181817,4,7,2
25,1.0318181818181817,4,7,2
26,1.0175324675324675,6,3,2
27,0.8571428571428571,3,11,1
