,mq,No. Clus,Max clus,Min clus
0,1.4415584415584415,3,7,3
1,1.4415584415584415,3,7,3
2,1.3317523056653493,3,5,3
3,1.293939393939394,4,4,3
4,1.293939393939394,4,4,3
5,1.293939393939394,4,4,3
6,1.293939393939394,4,4,3
7,1.293939393939394,4,4,3
8,1.293939393939394,4,4,3
9,1.293939393939394,4,4,3
10,1.235617039964866,4,4,3
11,1.235617039964866,4,4,3
12,1.235617039964866,4,4,3
13,1.235617039964866,4,4,3
14,1.2112554112554113,3,5,3
15,1.2025668449197862,4,4,3
16,1.2025668449197862,4,4,3
17,1.2112554112554113,3,5,3
18,1.177995337995338,4,4,3
19,1.177995337995338,4,4,3
20,1.177995337995338,4,4,3
21,1.146969696969697,4,5,2
22,1.1036363636363635,3,7,3
23,1.1036363636363635,3,7,3
24,1.1036363636363635,3,7,3
25,1.1036363636363635,3,7,3
