,mq,No. Clus,Max clus,Min clus
0,1.46482683982684,3,6,3
1,1.46482683982684,3,6,3
2,1.46482683982684,3,6,3
3,1.46482683982684,3,6,3
4,1.46482683982684,3,6,3
5,1.46482683982684,3,6,3
6,1.46482683982684,3,6,3
7,1.46482683982684,3,6,3
8,1.46482683982684,3,6,3
9,1.46482683982684,3,6,3
10,1.46482683982684,3,6,3
11,1.46482683982684,3,6,3
12,1.46482683982684,3,6,3
13,1.46482683982684,3,6,3
14,1.375,3,6,3
15,1.375,3,6,3
16,1.375,3,6,3
17,1.375,3,6,3
18,1.3145135566188197,3,7,3
19,1.3145135566188197,3,7,3
20,1.3145135566188197,3,7,3
21,1.3145135566188197,3,7,3
22,1.3145135566188197,3,7,3
23,1.3145135566188197,3,7,3
24,1.2820048309178742,3,6,2
25,1.2696192696192696,3,5,3
26,1.2001748251748252,3,5,4
27,1.1417268661850706,3,7,2
