,mq,No. Clus,Max clus,Min clus
0,1.2302371541501975,3,7,2
1,1.2302371541501975,3,7,2
2,1.2302371541501975,3,7,2
3,1.2302371541501975,3,7,2
4,1.2302371541501975,3,7,2
5,1.0314116777531412,3,9,2
6,1.0314116777531412,3,9,2
7,1.0314116777531412,3,9,2
8,1.0314116777531412,3,9,2
9,1.0314116777531412,3,9,2
10,1.0314116777531412,3,9,2
11,1.0314116777531412,3,9,2
12,1.0314116777531412,3,9,2
13,1.0314116777531412,3,9,2
14,1.0314116777531412,3,9,2
15,1.0314116777531412,3,9,2
16,1.0314116777531412,3,9,2
17,1.0314116777531412,3,9,2
18,1.0314116777531412,3,9,2
19,1.0314116777531412,3,9,2
20,1.0314116777531412,3,9,2
21,1.0314116777531412,3,9,2
22,1.0314116777531412,3,9,2
23,0.8376068376068376,3,8,2
24,0.8376068376068376,3,8,2
25,0.8376068376068376,3,8,2
26,0.8376068376068376,3,8,2
27,0.7968253968253968,3,6,2
