,mq,No. Clus,Max clus,Min clus
0,1.8501567398119123,4,6,4
1,1.8501567398119123,4,6,4
2,1.8501567398119123,4,6,4
3,1.8501567398119123,4,6,4
4,1.8501567398119123,4,6,4
5,1.8501567398119123,4,6,4
6,1.8501567398119123,4,6,4
7,1.8501567398119123,4,6,4
8,1.8054014950566672,4,6,4
9,1.8054014950566672,4,6,4
10,1.8054014950566672,4,6,4
11,1.8054014950566672,4,6,4
12,1.8054014950566672,4,6,4
13,1.80280003684259,4,7,4
14,1.80280003684259,4,7,4
15,1.80280003684259,4,7,4
16,1.7802232854864433,4,7,3
17,1.7756132756132756,4,7,4
18,1.7756132756132756,4,7,4
19,1.7756132756132756,4,7,4
20,1.7750371225870318,4,7,4
21,1.768771458426631,4,7,4
22,1.768771458426631,4,7,4
23,1.76017316017316,4,6,4
24,1.76017316017316,4,6,4
25,1.76017316017316,4,6,4
26,1.76017316017316,4,6,4
27,1.76017316017316,4,6,4
28,1.7145021645021645,4,7,4
29,1.7037494763301213,4,7,4
30,1.6995670995670995,4,6,4
31,1.6995670995670995,4,6,4
32,1.6995670995670995,4,6,4
33,1.6995670995670995,4,6,4
34,1.6995670995670995,4,6,4
35,1.6772005772005771,4,6,4
36,1.6769274136715997,4,8,3
37,1.6199264394753117,4,8,3
38,1.5935064935064935,4,6,4
39,1.5935064935064935,4,6,4
40,1.590935960591133,4,7,3
41,1.583106960950764,4,7,3
