,mq,No. Clus,Max clus,Min clus
0,2.0443493288320873,4,6,4
1,2.0443493288320873,4,6,4
2,2.0443493288320873,4,6,4
3,2.0443493288320873,4,6,4
4,2.0443493288320873,4,6,4
5,2.0443493288320873,4,6,4
6,2.0443493288320873,4,6,4
7,2.0443493288320873,4,6,4
8,2.0443493288320873,4,6,4
9,2.0443493288320873,4,6,4
10,2.0443493288320873,4,6,4
11,2.0443493288320873,4,6,4
12,2.0443493288320873,4,6,4
13,2.0443493288320873,4,6,4
14,2.0443493288320873,4,6,4
15,2.0443493288320873,4,6,4
16,2.0443493288320873,4,6,4
17,2.0443493288320873,4,6,4
18,2.0443493288320873,4,6,4
19,1.9621212121212122,4,7,4
20,1.9621212121212122,4,7,4
21,1.9543290043290042,4,7,4
22,1.9543290043290042,4,7,4
23,1.9543290043290042,4,7,4
24,1.9543290043290042,4,7,4
25,1.9543290043290042,4,7,4
26,1.9384057971014492,4,8,4
27,1.9384057971014492,4,8,4
28,1.9328108672936257,4,7,3
29,1.9328108672936257,4,7,3
30,1.9328108672936257,4,7,3
31,1.9232870577698162,4,6,4
32,1.8572281167108753,4,6,3
33,1.8216450216450215,4,7,3
34,1.8216450216450215,4,7,3
35,1.809090909090909,4,6,4
36,1.809090909090909,4,6,4
37,1.809090909090909,4,6,4
38,1.7814039408866993,4,7,3
39,1.7669314852377735,4,8,3
40,1.6666666666666667,4,6,4
41,1.6666666666666667,4,6,4
