,mq,No. Clus,Max clus,Min clus
0,1.970587174263645,7,5,3
1,1.970587174263645,7,5,3
2,1.9290176326941033,7,6,3
3,1.9182783719548424,7,6,3
4,1.8840292877057583,8,3,3
5,1.8840292877057583,8,3,3
6,1.8840292877057583,8,3,3
7,1.8840292877057583,8,3,3
8,1.8840292877057583,8,3,3
9,1.8840292877057583,8,3,3
10,1.8840292877057583,8,3,3
11,1.8840292877057583,8,3,3
12,1.8840292877057583,8,3,3
13,1.8840292877057583,8,3,3
14,1.8840292877057583,8,3,3
15,1.8840292877057583,8,3,3
16,1.8840292877057583,8,3,3
17,1.8840292877057583,8,3,3
18,1.8840292877057583,8,3,3
19,1.8840292877057583,8,3,3
20,1.8840292877057583,8,3,3
21,1.8840292877057583,8,3,3
22,1.8840292877057583,8,3,3
23,1.8840292877057583,8,3,3
24,1.8840292877057583,8,3,3
25,1.8840292877057583,8,3,3
26,1.8840292877057583,8,3,3
27,1.8840292877057583,8,3,3
28,1.8840292877057583,8,3,3
29,1.8840292877057583,8,3,3
30,1.7903240521931743,7,5,3
31,1.6223057171586586,8,4,2
32,1.5651338313103018,8,4,2
33,1.5651338313103018,8,4,2
34,1.5197541618273325,8,4,2
35,1.3469241942176862,8,5,1
36,1.309786863463334,7,6,3
37,1.2764535301300006,6,9,3
38,1.2764535301300006,6,9,3
39,1.2764535301300006,6,9,3
40,1.2764535301300006,6,9,3
41,1.2311635260164673,7,6,2
42,1.244312802640436,5,12,3
43,1.1559356652265427,5,10,3
44,1.1320099580712788,3,11,3
45,1.1023154481430815,5,12,2
46,1.0638566516226091,4,13,3
47,1.084967320261438,3,18,3
