,mq,No. Clus,Max clus,Min clus
0,2.0067974455951263,9,7,2
1,2.0067974455951263,9,7,2
2,1.8781600774704226,12,4,2
3,1.7453561471208532,11,5,2
4,1.7377612938291471,13,3,2
5,1.6874710355861333,10,6,2
6,1.6847358990216132,11,4,2
7,1.6777274800550661,12,3,2
8,1.6491058718680203,12,3,2
9,1.6040672874909796,11,4,2
10,1.5975222779409972,11,4,2
11,1.585358789406104,13,3,1
12,1.5673504378889076,12,3,2
13,1.5319640297105086,11,4,2
14,1.5302547036942995,12,4,1
15,1.5129853469063437,11,3,2
16,1.5041886330932983,11,5,2
17,1.4709995830727536,12,3,2
18,1.4708120355538092,12,3,1
19,1.4628244248975957,13,3,2
20,1.46456375611548,11,6,2
21,1.457954822954823,12,3,2
22,1.4579951786220744,11,5,2
23,1.4216722932240173,12,3,2
24,1.4029028442821545,12,4,1
25,1.3711147207152254,9,7,2
26,1.3338375350140057,10,6,2
27,1.3286305198069903,13,3,1
28,1.2962750023428555,14,3,2
29,1.2970491496807286,13,3,1
30,1.2850715606529561,13,3,1
31,1.2828948639627171,14,3,1
32,1.2593170844078285,14,3,1
33,1.2569540380709576,9,7,2
34,1.2529519150993496,8,6,2
35,1.2333117060288818,12,3,2
36,1.229985846970367,6,8,2
37,1.2257307127047135,13,3,1
38,1.2157672944085707,12,3,1
39,1.2157672944085707,12,3,1
40,1.2152171421342806,12,3,1
41,1.211785991785992,7,12,2
42,1.1980740758417467,12,3,2
43,1.1971610475264618,13,3,1
44,1.1823098579623632,4,16,2
45,1.1615460850799577,12,3,2
46,1.1491625936787226,5,17,2
47,1.1444974118213556,5,17,2
48,1.1306537116760524,12,3,1
49,1.1224922979889869,6,14,2
50,1.1138104711380574,12,4,1
51,1.0849765526446233,10,8,1
52,1.0941915227629513,6,18,2
53,1.081403956596957,14,3,1
54,1.051986556031649,8,15,1
55,1.0175083129962073,13,4,1
56,1.0172342926782998,11,3,2
57,1.0020821082527072,5,15,2
58,0.9627362257120042,3,24,2
59,0.9153043621128727,3,21,2
