,mq,No. Clus,Max clus,Min clus
0,2.098786780851998,7,7,2
1,2.098786780851998,7,7,2
2,2.098786780851998,7,7,2
3,2.098786780851998,7,7,2
4,2.098786780851998,7,7,2
5,2.098786780851998,7,7,2
6,2.098786780851998,7,7,2
7,2.098786780851998,7,7,2
8,2.098786780851998,7,7,2
9,2.098786780851998,7,7,2
10,2.098786780851998,7,7,2
11,2.098786780851998,7,7,2
12,2.098786780851998,7,7,2
13,2.098786780851998,7,7,2
14,2.098786780851998,7,7,2
15,2.098786780851998,7,7,2
16,2.098786780851998,7,7,2
17,2.098786780851998,7,7,2
18,2.098786780851998,7,7,2
19,2.098786780851998,7,7,2
20,2.098786780851998,7,7,2
21,2.098786780851998,7,7,2
22,2.098786780851998,7,7,2
23,2.098786780851998,7,7,2
24,2.098786780851998,7,7,2
25,2.098786780851998,7,7,2
26,2.098786780851998,7,7,2
27,2.098786780851998,7,7,2
28,2.098786780851998,7,7,2
29,2.0639058753725013,7,8,2
30,2.0639058753725013,7,8,2
31,2.0639058753725013,7,8,2
32,2.0357636466971507,7,6,2
33,2.0357636466971507,7,6,2
34,1.7761945539438937,7,7,2
35,1.7761945539438937,7,7,2
36,1.7761945539438937,7,7,2
37,1.729508455503752,7,6,2
38,1.729508455503752,7,6,2
39,1.729508455503752,7,6,2
40,1.700980392156863,7,7,2
41,1.6926857053367552,7,8,2
42,1.6726504172156345,7,8,2
43,1.5968314992914534,7,7,2
44,1.5968314992914534,7,7,2
45,1.5968314992914534,7,7,2
46,1.3338701548733038,7,6,2
47,1.3037838178225927,7,7,2
48,1.3037838178225927,7,7,2
49,1.2445409982174689,7,7,2
