,mq,No. Clus,Max clus,Min clus
0,1.9321154678706165,4,7,3
1,1.9321154678706165,4,7,3
2,1.9321154678706165,4,7,3
3,1.9321154678706165,4,7,3
4,1.9321154678706165,4,7,3
5,1.9321154678706165,4,7,3
6,1.9321154678706165,4,7,3
7,1.9321154678706165,4,7,3
8,1.9321154678706165,4,7,3
9,1.916764590677634,4,7,4
10,1.916764590677634,4,7,4
11,1.916764590677634,4,7,4
12,1.916764590677634,4,7,4
13,1.916764590677634,4,7,4
14,1.916764590677634,4,7,4
15,1.916764590677634,4,7,4
16,1.907607081520125,4,7,4
17,1.907607081520125,4,7,4
18,1.8803584186711122,4,6,3
19,1.8650075414781297,4,6,4
20,1.8650075414781297,4,6,4
21,1.8650075414781297,4,6,4
22,1.8359477124183008,4,6,4
23,1.8281358281358282,4,7,3
24,1.8234453966161284,4,7,3
25,1.8234453966161284,4,7,3
26,1.8234453966161284,4,7,3
27,1.8234453966161284,4,7,3
28,1.8234453966161284,4,7,3
29,1.8234453966161284,4,7,3
30,1.8122850122850123,4,7,4
31,1.8122850122850123,4,7,4
32,1.7816527467780259,4,8,3
33,1.7799617799617802,4,7,2
34,1.7663018695850434,4,8,3
35,1.755188904830225,4,6,4
36,1.7234680693983018,4,8,3
37,1.7198966408268732,4,8,4
38,1.6743403482533918,4,7,3
39,1.6743403482533918,4,7,3
40,1.6718426501035195,4,9,2
41,1.6614634146341465,4,6,4
