,mq,No. Clus,Max clus,Min clus
0,1.7272166815590548,8,9,2
1,1.7272166815590548,8,9,2
2,1.5201419225677988,10,4,2
3,1.4981003697080313,10,4,2
4,1.445310986150464,11,4,2
5,1.4241211687022073,12,3,2
6,1.3918134220361154,11,4,2
7,1.3369664826887826,12,3,2
8,1.2702726663697232,12,3,1
9,1.2362915533850614,11,4,2
10,1.23149370954249,11,4,2
11,1.2254266668067426,9,7,2
12,1.2254266668067426,9,7,2
13,1.217932704055201,11,4,2
14,1.1918135673192798,10,4,2
15,1.1853930951922431,10,4,2
16,1.1754173207003396,10,4,2
17,1.153834984126795,10,3,2
18,1.1646316091541717,3,24,2
19,1.1471157822122875,11,3,2
20,1.150473029396934,8,10,2
21,1.1363875118932243,11,4,2
22,1.1210685619080398,11,3,2
23,1.1223560769828111,4,22,2
24,1.1196753172013665,10,3,2
25,1.119467327541044,10,4,2
26,1.1146074690144836,11,4,2
27,1.077905917831794,10,3,2
28,1.0864008804649534,6,14,2
29,1.07790184484385,11,4,2
30,1.0529685910579396,11,3,2
31,1.0610145654565706,10,7,2
32,1.0529249373746212,11,4,2
33,1.0485425019137562,11,3,2
34,1.0269497796676468,12,3,1
35,1.029787871763739,8,14,1
36,1.011514658109848,10,4,2
37,1.0257661038148842,5,19,2
38,1.0257661038148842,5,19,2
39,1.0106116779524261,6,15,2
40,1.009464147184141,9,7,1
41,0.9866485197504562,11,3,2
42,0.9883033154219596,10,4,2
43,0.9765536038525715,11,3,2
44,0.9817692188555164,5,18,2
45,0.9798300464967131,5,17,2
46,0.9744811728129722,11,4,1
47,0.9744811728129722,11,4,1
48,0.969239738332281,5,17,3
49,0.9483592856328131,11,3,2
50,0.9569592487592932,10,5,2
51,0.9511678631175486,6,17,2
52,0.9379264319337877,12,3,1
53,0.9350257470367916,8,9,2
54,0.9295676395987189,7,12,2
55,0.8831221592555618,11,3,2
56,0.9244240241262277,6,16,2
57,0.8796110248940437,9,8,2
