,mq,No. Clus,Max clus,Min clus
0,1.9642048772483554,8,8,1
1,1.4010439363280653,11,4,1
2,1.3654111320777986,11,6,2
3,1.3332952268874598,7,7,1
4,1.2586096909626319,8,9,2
5,1.2488310328058954,9,9,1
6,1.234192244537072,9,6,2
7,1.2315225895987854,10,5,2
8,1.2008638247611783,7,7,1
9,1.1835898209692757,11,5,1
10,1.1427865176474743,9,6,2
11,1.1381144699584955,9,5,1
12,1.1302254698259717,12,4,1
13,1.124053992673717,13,5,1
14,1.1228311743572579,7,13,2
15,1.121709727761401,4,17,2
16,1.1223255813953488,5,18,1
17,1.1022301943496808,11,5,1
18,1.1015727767115115,11,4,2
19,1.0873455545524995,11,4,2
20,1.0920885566046856,8,15,1
21,1.0860389610389611,3,23,3
22,1.0828061657569505,6,8,1
23,1.0766752027315407,4,21,2
24,1.0677970586289771,8,14,1
25,1.0656355689287524,6,11,2
26,1.064527342576123,8,15,1
27,1.055219494223127,7,10,2
28,1.0494135494135495,9,6,2
29,1.0330271784117144,9,11,1
30,1.0304926645740111,10,6,2
31,1.0310536162082555,9,7,1
32,1.018580652495663,10,5,1
33,1.0041945470887845,6,13,1
34,1.0021305715268563,9,9,1
35,0.99995337995338,12,5,1
36,0.9943548721404951,4,15,2
37,0.9897212171156845,9,6,2
38,0.9821473089558195,6,15,1
39,0.9821473089558195,6,15,1
40,0.9737741979952343,9,13,1
41,0.9725702136960171,5,19,1
42,0.9662810307971599,6,18,1
43,0.9400188476186758,7,12,1
44,0.9353206545776206,3,19,2
45,0.9257260934450695,4,25,1
46,0.9220760077080477,8,11,1
47,0.9184752003465454,3,23,2
48,0.9175046199154858,7,12,2
49,0.9094003264495069,7,9,2
50,0.9019153945469734,9,8,1
51,0.9007119870054762,5,21,1
52,0.8896850367438602,9,6,1
53,0.8966823966823967,5,19,1
54,0.8951318258121853,3,24,2
55,0.8870380449327818,7,12,1
56,0.8585029973051751,10,12,1
57,0.8366392398590542,10,5,2
58,0.826437640029873,9,13,1
59,0.8179207901175863,11,5,1
