,mq,No. Clus,Max clus,Min clus
0,1.3680223285486444,4,4,3
1,1.3680223285486444,4,4,3
2,1.3680223285486444,4,4,3
3,1.3680223285486444,4,4,3
4,1.3680223285486444,4,4,3
5,1.3680223285486444,4,4,3
6,1.3680223285486444,4,4,3
7,1.3680223285486444,4,4,3
8,1.3680223285486444,4,4,3
9,1.3680223285486444,4,4,3
10,1.3083333333333331,3,6,3
11,1.2878787878787878,3,5,4
12,1.2944444444444443,3,6,3
13,1.2729044834307992,3,5,4
14,1.2622850122850124,3,7,3
15,1.2422077922077923,4,6,1
16,1.1003030303030303,4,4,3
17,1.1003030303030303,4,4,3
18,1.1003030303030303,4,4,3
19,1.1003030303030303,4,4,3
20,1.1003030303030303,4,4,3
21,1.1003030303030303,4,4,3
22,1.097222222222222,4,4,3
23,1.0833333333333333,4,4,3
24,1.0422705314009661,4,4,2
25,1.0422705314009661,4,4,2
