,mq,No. Clus,Max clus,Min clus
0,1.9614652014652014,9,3,2
1,1.9614652014652014,9,3,2
2,1.9614652014652014,9,3,2
3,1.9614652014652014,9,3,2
4,1.9614652014652014,9,3,2
5,1.9548514448514447,9,3,2
6,1.9548514448514447,9,3,2
7,1.9416950865226725,9,3,2
8,1.935081329908916,9,3,2
9,1.935081329908916,9,3,2
10,1.8805606327411601,9,3,2
11,1.8793151293151291,9,3,2
12,1.8793151293151291,9,3,2
13,1.8683318370083075,10,3,2
14,1.8683318370083075,10,3,2
15,1.807563935612716,9,3,2
16,1.7988379436655297,9,4,2
17,1.7943886892162755,8,4,2
18,1.7943886892162755,8,4,2
19,1.7943886892162755,8,4,2
20,1.775628960411569,9,4,2
21,1.704698173923425,10,3,2
22,1.709128540305011,10,3,1
23,1.703877766709156,9,4,2
24,1.6999924752206699,10,3,2
25,1.6823905723905725,10,3,2
26,1.6737254998874187,9,3,2
27,1.6408972689460495,8,3,3
28,1.5958709645474352,11,3,2
29,1.5958709645474352,11,3,2
30,1.5958709645474352,11,3,2
31,1.5765010902310674,10,3,2
32,1.5223890388364072,9,4,2
33,1.4506872195215523,9,3,2
34,1.4302909491252818,10,3,2
35,1.3661463046757165,9,4,2
36,1.3465989227608417,8,5,2
37,1.3451306863071568,9,4,2
38,1.3451306863071568,9,4,2
39,1.3465989227608417,8,5,2
40,1.3017019326918897,8,4,2
41,1.2725454658115685,7,8,2
42,1.2275513037132226,9,4,1
43,1.1400400400400401,5,14,2
44,1.0941358024691357,3,19,2
45,1.0427579631119455,3,11,3
46,1.049938725490196,4,16,2
47,0.9807422969187675,5,15,1
