,mq,No. Clus,Max clus,Min clus
0,2.018888129414445,6,4,2
1,2.018888129414445,6,4,2
2,2.018888129414445,6,4,2
3,2.018888129414445,6,4,2
4,2.018888129414445,6,4,2
5,2.018888129414445,6,4,2
6,2.018888129414445,6,4,2
7,1.9649920255183413,6,4,3
8,1.9649920255183413,6,4,3
9,1.9649920255183413,6,4,3
10,1.9157575757575758,6,5,2
11,1.8798089591567853,6,4,3
12,1.8798089591567853,6,4,3
13,1.867481203007519,6,4,2
14,1.8146953060400364,5,6,2
15,1.8146953060400364,5,6,2
16,1.7302530802530802,6,4,3
17,1.7284020327498588,6,4,3
18,1.710962600836743,6,4,3
19,1.704605363676571,6,4,2
20,1.704605363676571,6,4,2
21,1.6847707847707847,6,4,3
22,1.6847707847707847,6,4,3
23,1.650430004777831,7,4,2
24,1.6653076875502506,5,7,2
25,1.6266233766233764,6,4,2
26,1.5669081795397584,7,4,2
27,1.5638876603272889,7,4,2
28,1.5326923076923076,8,3,2
29,1.4507810301153956,7,4,1
30,1.4000216120010172,7,4,2
31,1.3222296124927704,8,3,2
32,1.316403129034708,7,4,2
33,1.3198862540967804,4,10,3
34,1.3198862540967804,4,10,3
35,1.3021078590872643,6,4,2
36,1.1962406015037594,3,14,2
37,1.1962406015037594,3,14,2
38,1.1423444976076556,3,14,3
39,1.1214285714285714,3,13,3
