,mq,No. Clus,Max clus,Min clus
0,2.003608616722221,10,3,2
1,2.003608616722221,10,3,2
2,2.003608616722221,10,3,2
3,2.003608616722221,10,3,2
4,2.003608616722221,10,3,2
5,2.003608616722221,10,3,2
6,2.003608616722221,10,3,2
7,2.003608616722221,10,3,2
8,2.003608616722221,10,3,2
9,2.003608616722221,10,3,2
10,2.003608616722221,10,3,2
11,2.003608616722221,10,3,2
12,2.003608616722221,10,3,2
13,2.003608616722221,10,3,2
14,2.003608616722221,10,3,2
15,2.003608616722221,10,3,2
16,2.003608616722221,10,3,2
17,2.003608616722221,10,3,2
18,2.003608616722221,10,3,2
19,2.003608616722221,10,3,2
20,2.003608616722221,10,3,2
21,2.003608616722221,10,3,2
22,2.003608616722221,10,3,2
23,2.003608616722221,10,3,2
24,2.003608616722221,10,3,2
25,2.003608616722221,10,3,2
26,2.003608616722221,10,3,2
27,2.003608616722221,10,3,2
28,2.003608616722221,10,3,2
29,2.003608616722221,10,3,2
30,2.003608616722221,10,3,2
31,2.003608616722221,10,3,2
32,2.003608616722221,10,3,2
33,2.003608616722221,10,3,2
34,2.003608616722221,10,3,2
35,2.003608616722221,10,3,2
36,2.003608616722221,10,3,2
37,2.003608616722221,10,3,2
38,2.003608616722221,10,3,2
39,2.003608616722221,10,3,2
40,2.003608616722221,10,3,2
41,2.003608616722221,10,3,2
42,2.003608616722221,10,3,2
43,2.003608616722221,10,3,2
44,2.003608616722221,10,3,2
45,2.003608616722221,10,3,2
46,1.8826408747867371,10,3,2
47,1.658037700183563,10,3,2
