,mq,No. Clus,Max clus,Min clus
0,1.9830613830613828,8,13,2
1,1.9830613830613828,8,13,2
2,1.9408745987890148,9,11,2
3,1.8655991128573983,12,3,2
4,1.7962127478256509,9,10,2
5,1.7422956672521552,11,4,2
6,1.712802922272839,12,3,2
7,1.6909851377936485,12,3,2
8,1.6891478633638912,11,3,2
9,1.6891478633638912,11,3,2
10,1.6275686731569086,9,10,2
11,1.6014759057203878,10,10,2
12,1.5900521397659761,11,4,2
13,1.5940754449786543,9,7,2
14,1.5349463691672478,12,3,2
15,1.5651430694908954,6,13,2
16,1.5107365246182058,12,3,2
17,1.4875513375513376,12,3,2
18,1.4756738373898652,11,4,2
19,1.4583962255439333,13,3,2
20,1.461213068417818,12,3,2
21,1.4681345224823485,8,8,2
22,1.4155586035435848,12,3,2
23,1.4302161890397183,6,10,2
24,1.3875291375291376,9,9,2
25,1.427850865879035,6,18,2
26,1.3436722008150581,12,3,2
27,1.3954656454656456,7,15,2
28,1.3360956279596161,11,4,2
29,1.375318184962302,4,14,2
30,1.3162912484341056,11,3,2
31,1.3293494619076014,8,13,2
32,1.3180960278625733,10,7,2
33,1.3114437410331514,10,6,2
34,1.2947349102019459,12,3,2
35,1.296805938169674,11,3,2
36,1.2407738655142058,13,3,2
37,1.288610724490695,8,11,2
38,1.2320335903577688,12,4,2
39,1.2827273886975379,6,17,2
40,1.2208217614383217,13,3,2
41,1.2494712893120936,8,12,2
42,1.2266582287768728,11,4,2
43,1.2177600177600176,4,19,2
44,1.1976812194897302,13,3,2
45,1.1976301528060298,6,18,2
46,1.1976301528060298,6,18,2
47,1.1784034752112227,5,20,2
48,1.0987576814639,11,4,2
49,1.1869222456578914,4,22,2
50,1.1635921305094237,5,21,2
51,1.1586275072277907,5,15,2
52,1.1230231756547546,6,19,2
53,1.0547344472068305,9,12,2
54,1.0523024481872696,9,11,2
55,1.0149992723135137,12,4,1
56,0.9918934240362813,9,9,2
57,0.9753551537426117,12,4,2
