,mq,No. Clus,Max clus,Min clus
0,1.7859439871067777,10,9,1
1,1.7859439871067777,10,9,1
2,1.7859439871067777,10,9,1
3,1.7859439871067777,10,9,1
4,1.7859439871067777,10,9,1
5,1.5710273240761046,11,6,1
6,1.5082347643449385,9,9,1
7,1.5058488812429462,12,4,1
8,1.459033848599066,13,4,1
9,1.4556115272086947,10,8,1
10,1.4324053956701006,10,4,1
11,1.3710025199386902,12,3,1
12,1.3902173724833824,9,9,1
13,1.3628124563608435,11,8,1
14,1.2867434919661855,12,4,1
15,1.2867434919661855,12,4,1
16,1.2867434919661855,12,4,1
17,1.2867434919661855,12,4,1
18,1.2707070707070707,12,4,1
19,1.239711512168444,14,3,1
20,1.2360736495259488,12,3,1
21,1.1947859184229344,12,4,1
22,1.1774958958438306,9,13,1
23,1.13495670995671,14,3,1
24,1.1774958958438306,9,13,1
25,1.1170088566827698,15,3,1
26,1.101837976837977,8,9,1
27,1.0963425463425465,9,5,1
28,1.0847265698141852,12,6,1
29,1.0718355718355719,7,16,1
30,1.0397281362823416,10,8,1
31,1.044487543410901,8,14,1
32,1.0300859569646794,8,8,1
33,1.0229140875330387,6,10,1
34,1.0055955991439864,8,9,1
35,0.9837035517169429,9,8,2
36,0.9654616261874327,9,8,1
37,0.9832887425396172,5,20,2
38,0.9644489267334448,12,6,1
39,0.9648380043728881,6,19,1
40,0.9214589415280335,8,6,1
41,0.950781019746537,4,24,1
42,0.8940564606645633,9,11,1
43,0.8889949001081967,11,4,1
44,0.950781019746537,4,24,1
45,0.9123835805450156,4,16,1
46,0.870616099372257,10,6,1
47,0.9066411849020545,5,21,1
48,0.8299116501946691,13,4,1
49,0.8341362442468493,12,6,1
50,0.8131313131313131,13,3,1
51,0.8478749400774024,6,17,1
52,0.8052151218076629,8,9,1
53,0.7370317759318161,11,6,1
54,0.7174743955231759,11,4,1
55,0.6979381443298969,8,18,1
56,0.6025729520035282,13,3,1
57,0.6451210826210827,10,11,1
