,mq,No. Clus,Max clus,Min clus
0,1.9683051247717134,8,6,2
1,1.6408471100710174,6,7,2
2,1.4595315562179423,9,4,2
3,1.4409190871537096,9,4,2
4,1.364676785757357,8,5,2
5,1.344450485539718,8,5,2
6,1.3443144095244934,7,7,2
7,1.339425171778113,5,14,3
8,1.3428209993674889,4,20,2
9,1.3310983134512546,7,9,2
10,1.3251762230221218,8,5,3
11,1.3287007110536524,5,10,2
12,1.324468987633629,5,9,4
13,1.3110209139620905,7,7,2
14,1.3117160928508738,7,9,2
15,1.2959212953474073,6,15,2
16,1.290887071008775,6,7,2
17,1.2739586034050643,6,12,2
18,1.2704412373596312,5,9,4
19,1.2695239663347389,4,15,4
20,1.2695239663347389,4,15,4
21,1.2642652063855209,5,11,2
22,1.2415866749893572,9,5,2
23,1.2295010638377937,6,7,4
24,1.224080866158499,8,7,2
25,1.2186910927893169,6,9,2
26,1.2165344568425442,5,12,3
27,1.2091800519951241,4,11,4
28,1.20203917510981,7,5,3
29,1.20203917510981,7,5,3
30,1.1964635194944266,4,16,2
31,1.1863384029555575,6,6,3
32,1.183324640857776,7,5,2
33,1.177270606595133,8,5,2
34,1.177270606595133,8,5,2
35,1.1722273655224802,6,10,2
36,1.1748691508475901,3,21,4
37,1.1631527131670603,9,4,2
38,1.1651982004923183,6,7,3
39,1.1572838386455904,5,19,1
40,1.1420383231528741,4,13,4
41,1.1378680722591024,10,8,1
42,1.138540060218844,4,13,3
43,1.1384810245785855,5,13,3
44,1.1286454600584377,4,12,4
45,1.1158104229829546,7,6,2
46,1.1193452896945413,3,16,6
47,1.1127377266696152,5,10,4
48,1.1120972531793343,11,5,1
49,1.1104615273890888,4,14,2
50,1.1012981970423392,3,21,3
51,1.094497882534866,7,6,3
52,1.088901750324459,6,9,1
53,1.0951974992895708,4,17,2
54,1.0797459448895836,7,6,3
55,1.0798059429957552,5,12,2
56,1.0744180725747299,8,5,2
57,1.0736073804789352,8,6,1
58,1.0684524249730063,8,5,1
59,1.0261210175126962,8,5,2
