,mq,No. Clus,Max clus,Min clus
0,1.2592105263157896,3,7,2
1,1.2592105263157896,3,7,2
2,1.2592105263157896,3,7,2
3,1.2592105263157896,3,7,2
4,1.2592105263157896,3,7,2
5,1.2592105263157896,3,7,2
6,1.2592105263157896,3,7,2
7,1.2126068376068377,3,7,2
8,1.2126068376068377,3,7,2
9,1.2126068376068377,3,7,2
10,1.2126068376068377,3,7,2
11,1.2126068376068377,3,7,2
12,1.2126068376068377,3,7,2
13,1.2126068376068377,3,7,2
14,1.1444444444444444,3,6,2
15,1.1444444444444444,3,6,2
16,1.1444444444444444,3,6,2
17,1.0888888888888888,3,6,2
18,1.0888888888888888,3,6,2
19,1.0888888888888888,3,6,2
20,1.0888888888888888,3,6,2
21,1.0888888888888888,3,6,2
22,1.0827586206896553,3,6,2
23,0.8666666666666667,3,8,2
24,0.8666666666666667,3,8,2
25,0.8,3,6,2
26,0.8,3,6,2
27,0.7391304347826086,3,8,2
