,mq,No. Clus,Max clus,Min clus
0,1.5639257254660899,3,16,3
1,1.5639257254660899,3,16,3
2,1.5639257254660899,3,16,3
3,1.5639257254660899,3,16,3
4,1.5639257254660899,3,16,3
5,1.5639257254660899,3,16,3
6,1.5639257254660899,3,16,3
7,1.5639257254660899,3,16,3
8,1.5639257254660899,3,16,3
9,1.5639257254660899,3,16,3
10,1.5639257254660899,3,16,3
11,1.5639257254660899,3,16,3
12,1.5639257254660899,3,16,3
13,1.5639257254660899,3,16,3
14,1.5639257254660899,3,16,3
15,1.5639257254660899,3,16,3
16,1.5639257254660899,3,16,3
17,1.5639257254660899,3,16,3
18,1.5639257254660899,3,16,3
19,1.5639257254660899,3,16,3
20,1.5639257254660899,3,16,3
21,1.5639257254660899,3,16,3
22,1.5639257254660899,3,16,3
23,1.5639257254660899,3,16,3
24,1.5639257254660899,3,16,3
25,1.5639257254660899,3,16,3
26,1.5639257254660899,3,16,3
27,1.5639257254660899,3,16,3
28,1.5639257254660899,3,16,3
29,1.5639257254660899,3,16,3
30,1.5639257254660899,3,16,3
31,1.5639257254660899,3,16,3
32,1.5639257254660899,3,16,3
33,1.5639257254660899,3,16,3
34,1.5639257254660899,3,16,3
35,1.5639257254660899,3,16,3
36,1.5639257254660899,3,16,3
37,1.5639257254660899,3,16,3
38,1.5639257254660899,3,16,3
39,1.5559808612440191,3,17,3
40,1.5559808612440191,3,17,3
41,1.5559808612440191,3,17,3
42,1.5559808612440191,3,17,3
43,1.5559808612440191,3,17,3
44,1.551072065604346,3,15,3
45,1.551072065604346,3,15,3
46,1.551072065604346,3,15,3
47,1.551072065604346,3,15,3
48,1.5106135986733,3,15,4
49,1.5106135986733,3,15,4
50,1.5106135986733,3,15,4
51,1.5031746031746032,3,16,4
52,1.5031746031746032,3,16,4
53,1.5031746031746032,3,16,4
54,1.5031746031746032,3,16,4
55,1.3023338903935917,3,17,2
56,1.3023338903935917,3,17,2
57,1.2900908274505793,3,16,2
58,1.2900908274505793,3,16,2
59,1.2900908274505793,3,16,2
