,mq,No. Clus,Max clus,Min clus
0,2.0200420147228657,6,5,3
1,2.0200420147228657,6,5,3
2,1.9926092666821358,6,6,3
3,1.9711067157875668,6,5,3
4,1.9711067157875668,6,5,3
5,1.9711067157875668,6,5,3
6,1.9711067157875668,6,5,3
7,1.9661842189295862,6,5,3
8,1.9661842189295862,6,5,3
9,1.9661842189295862,6,5,3
10,1.9613795984973603,6,5,3
11,1.9610343557152068,6,5,3
12,1.9610343557152068,6,5,3
13,1.9223626812056094,6,5,3
14,1.9189990655507898,6,5,3
15,1.914355759183345,6,5,3
16,1.9124442995620614,6,5,3
17,1.9124442995620614,6,5,3
18,1.9124442995620614,6,5,3
19,1.9071765599219273,6,5,3
20,1.9023719394897014,6,5,3
21,1.9023719394897014,6,5,3
22,1.899973437091199,6,5,3
23,1.899973437091199,6,5,3
24,1.8860951827421981,6,6,3
25,1.882063406156022,6,5,3
26,1.882063406156022,6,5,3
27,1.882063406156022,6,5,3
28,1.8776510723319233,6,5,2
29,1.8654204602480462,6,5,3
30,1.8654204602480462,6,5,3
31,1.8627066653559503,6,5,3
32,1.8599914065431307,6,5,3
33,1.8599914065431307,6,5,3
34,1.8511548673874425,6,5,3
35,1.813332058012909,6,5,3
36,1.8008611955420466,6,5,3
37,1.7898488299489412,6,6,3
38,1.7889564336372847,6,5,2
39,1.786134218195268,6,5,3
40,1.7758796450120142,6,6,3
41,1.7496707193515704,6,5,3
42,1.7496707193515704,6,5,3
43,1.734112258378579,6,6,3
44,1.7215826526428177,6,6,3
45,1.7117917170548749,6,5,3
46,1.6996853115497184,6,6,2
47,1.653690637198883,6,5,3
48,1.6135116161353042,6,6,3
49,1.6135116161353042,6,6,3
