,mq,No. Clus,Max clus,Min clus
0,1.4968316707447142,4,4,2
1,1.4968316707447142,4,4,2
2,1.4968316707447142,4,4,2
3,1.4968316707447142,4,4,2
4,1.4968316707447142,4,4,2
5,1.427128427128427,5,4,2
6,1.427128427128427,5,4,2
7,1.427128427128427,5,4,2
8,1.4024593763724198,5,4,2
9,1.3984189723320157,3,6,3
10,1.3984189723320157,3,6,3
11,1.3984189723320157,3,6,3
12,1.289782608695652,3,5,4
13,1.262049062049062,5,3,2
14,1.2820048309178744,4,4,2
15,1.2820048309178744,4,4,2
16,1.2453102453102454,5,5,2
17,1.25,3,6,3
18,1.2123015873015872,5,4,2
19,1.2123015873015872,5,4,2
20,1.2123015873015872,5,4,2
21,1.2123015873015872,4,4,2
22,1.1917641892066446,5,4,2
23,1.2123015873015872,3,7,2
24,1.1877237851662406,4,4,2
25,1.1877237851662406,4,4,2
