,mq,No. Clus,Max clus,Min clus
0,1.5064935064935066,4,4,2
1,1.5064935064935066,4,4,2
2,1.4891774891774894,4,4,3
3,1.4891774891774894,4,4,3
4,1.4326839826839826,5,4,2
5,1.4166666666666667,4,4,2
6,1.4166666666666667,4,4,2
7,1.412121212121212,5,4,2
8,1.3993506493506493,4,4,3
9,1.342857142857143,5,4,2
10,1.342857142857143,5,4,2
11,1.3383116883116881,6,3,2
12,1.3332309582309583,3,6,3
13,1.2916666666666667,3,7,2
14,1.286111111111111,3,5,4
15,1.2461904761904763,4,5,2
16,1.231060606060606,4,4,2
17,1.217857142857143,4,7,2
18,1.1642857142857141,5,5,2
19,1.1607142857142856,4,7,1
20,1.1345238095238095,6,3,2
21,1.1345238095238095,6,3,2
22,1.127616501145913,6,3,2
23,1.127616501145913,6,3,2
24,1.1229411764705883,5,4,2
25,1.1109625668449197,3,8,2
26,1.0401206636500755,4,5,2
27,1.0401206636500755,4,5,2
