,mq,No. Clus,Max clus,Min clus
0,1.8853463996321138,8,10,1
1,1.7328167510628614,10,5,1
2,1.6880570869800364,10,4,1
3,1.6880570869800364,10,4,1
4,1.6597931480284422,9,4,1
5,1.6219865102218043,10,4,1
6,1.5483516483516484,10,4,1
7,1.5184371184371184,12,4,1
8,1.5345864661654136,4,20,1
9,1.5345864661654136,4,20,1
10,1.48768563042985,11,5,1
11,1.4782935582935584,10,4,1
12,1.4747055262600548,11,4,1
13,1.4380570869800364,11,4,1
14,1.402844054398583,13,3,1
15,1.4074824281720832,9,4,3
16,1.4069822447104392,8,5,3
17,1.3941176930406425,10,6,1
18,1.3526688927815336,12,3,1
19,1.3627398363075272,6,18,1
20,1.3573944573944574,9,4,2
21,1.3417860641804848,10,4,1
22,1.3286137733205672,10,4,1
23,1.3126599003880952,10,4,1
24,1.31826865944513,8,7,1
25,1.3126599003880952,10,4,1
26,1.313159179308464,10,5,1
27,1.311412489747204,10,5,1
28,1.295703744639915,10,4,2
29,1.2900051389280884,11,3,1
30,1.2725680449818382,11,3,1
31,1.2839454839454838,5,12,1
32,1.2620568904048255,11,4,1
33,1.2790859933717078,6,17,1
34,1.2557710263592616,10,4,2
35,1.2558304655083237,9,4,2
36,1.251954602774275,3,25,1
37,1.2420006558489785,8,8,1
38,1.2394637564829236,8,9,1
39,1.2352840760521457,8,8,1
40,1.1889162647589613,8,9,1
41,1.1889162647589613,8,9,1
42,1.2140029523004043,6,15,1
43,1.210134688153264,7,16,1
44,1.2042735042735044,5,17,1
45,1.1857144385304585,6,13,1
46,1.2034188034188034,5,21,1
47,1.1828692945904722,5,16,1
48,1.144757570144567,7,16,1
49,1.1222095364952507,4,18,3
50,1.0948523698523698,9,7,1
51,1.071551222393919,11,6,1
52,1.0744942743880976,8,12,1
53,1.055736518277235,3,25,1
54,1.0293604430619832,3,22,1
55,0.9302649232669518,12,3,1
56,0.9658119658119657,4,24,1
57,0.9415053019824804,4,19,1
