,mq,No. Clus,Max clus,Min clus
0,1.3150134889265326,4,5,2
1,1.3150134889265326,4,5,2
2,1.2913419913419912,4,5,2
3,1.283008658008658,3,6,2
4,1.2453102453102454,5,5,2
5,1.2453102453102454,5,5,2
6,1.2412698412698413,4,5,2
7,1.2123015873015872,3,7,2
8,1.1901724006987164,5,4,1
9,1.1813186813186811,3,6,2
10,1.1813186813186811,3,6,2
11,1.17020757020757,4,6,2
12,1.1587301587301586,5,5,2
13,1.1587301587301586,5,5,2
14,1.1587301587301586,5,5,2
15,1.119047619047619,4,5,1
16,1.0927559282822439,5,4,1
17,1.0717948717948718,3,6,2
18,1.0220841959972393,5,4,1
19,1.0220841959972393,5,4,1
20,1.0220841959972393,5,4,1
21,0.9523809523809523,4,5,2
22,0.9357864357864357,6,3,2
23,0.9354497354497353,5,5,2
24,0.9333333333333333,4,5,1
25,0.8783068783068781,4,5,2
26,0.8529411764705883,5,3,2
27,0.8428571428571427,4,5,2
