,mq,No. Clus,Max clus,Min clus
0,1.2895238095238093,3,5,3
1,1.2895238095238093,3,5,3
2,1.2895238095238093,3,5,3
3,1.2895238095238093,3,5,3
4,1.2895238095238093,3,5,3
5,1.2895238095238093,3,5,3
6,1.2895238095238093,3,5,3
7,1.2895238095238093,3,5,3
8,1.2895238095238093,3,5,3
9,1.2895238095238093,3,5,3
10,1.2895238095238093,3,5,3
11,1.2086466165413534,3,5,4
12,1.2086466165413534,3,5,4
13,1.202222222222222,4,5,2
14,1.1341991341991342,4,5,2
15,1.1341991341991342,4,5,2
16,1.1341991341991342,4,5,2
17,1.1341991341991342,4,5,2
18,1.1341991341991342,4,5,2
19,1.012820512820513,3,5,3
20,1.012820512820513,3,5,3
21,1.0227272727272727,3,6,3
22,1.012820512820513,3,5,3
23,0.8846153846153846,4,5,2
24,0.8672161172161172,3,5,4
25,0.8672161172161172,3,5,4
