,mq,No. Clus,Max clus,Min clus
0,2.129759780670214,8,4,2
1,1.9189414885175888,8,4,2
2,1.8456389546225727,9,4,2
3,1.7963085553553282,10,4,2
4,1.7949821506323056,9,5,2
5,1.7338770848361642,10,3,2
6,1.7314285714285713,7,5,2
7,1.684865134865135,9,4,2
8,1.6707174787417756,10,3,2
9,1.6701231774761187,10,4,2
10,1.6584324093914888,9,4,2
11,1.6574739881665876,11,3,2
12,1.6546222789210165,10,3,2
13,1.6420734054643786,10,3,2
14,1.6352657004830917,3,20,2
15,1.620011373391543,9,3,2
16,1.6118742368742367,9,4,2
17,1.599680645204942,10,4,2
18,1.5999958708463327,9,4,2
19,1.5872407068059242,9,4,2
20,1.5745726495726495,8,4,2
21,1.5678269677588614,9,3,2
22,1.5521959328885324,10,4,2
23,1.5481557384783189,7,5,2
24,1.5328657260583256,10,4,2
25,1.504170132501128,8,4,2
26,1.4975148643626905,10,3,2
27,1.4969806763285023,11,3,2
28,1.4909557470533081,8,5,2
29,1.4842713737875028,10,3,2
30,1.4639333183101284,10,6,2
31,1.4455692262618258,11,4,2
32,1.4285809920400714,9,5,2
33,1.3742090136905691,7,7,2
34,1.3696514837819185,10,5,2
35,1.3663640423231216,7,5,2
36,1.3570197918024005,9,4,2
37,1.3508014166815863,11,3,2
38,1.342572223264823,9,5,2
39,1.3375034658344616,9,4,2
40,1.2948361684629703,4,17,2
41,1.2737577044503041,7,8,2
42,1.2324052522687732,4,16,2
43,1.207298223071468,9,6,2
44,1.210297070079679,6,8,2
45,1.1936704506363949,3,20,2
46,1.1571383192005198,8,6,2
47,1.1454869227312465,9,7,2
48,1.136200716845878,3,21,1
49,0.9694538288288288,4,15,3
