,mq,No. Clus,Max clus,Min clus
0,1.3482517482517482,4,4,3
1,1.3482517482517482,4,4,3
2,1.3482517482517482,4,4,3
3,1.3482517482517482,4,4,3
4,1.3482517482517482,4,4,3
5,1.3482517482517482,4,4,3
6,1.3482517482517482,4,4,3
7,1.2747474747474747,4,4,3
8,1.2747474747474747,4,4,3
9,1.258874458874459,4,5,2
10,1.258874458874459,4,5,2
11,1.258874458874459,4,5,2
12,1.206060606060606,4,4,2
13,1.2028860028860027,4,4,2
14,1.2,3,8,2
15,1.1945945945945946,3,7,3
16,1.1724941724941724,4,4,2
17,1.1333333333333333,4,5,2
18,1.111888111888112,5,4,1
19,1.087878787878788,4,4,3
20,1.087878787878788,4,4,3
21,1.0831168831168831,4,5,2
22,1.0818181818181818,3,9,2
23,1.0222222222222221,4,5,2
24,0.9882352941176471,3,8,2
25,0.9862745098039216,5,3,1
26,0.9882352941176471,3,8,2
27,0.9755102040816326,3,10,1
