,mq,No. Clus,Max clus,Min clus
0,1.9913587004731255,8,5,1
1,1.9913587004731255,8,5,1
2,1.8535912599255926,10,3,2
3,1.7431072308354254,10,4,2
4,1.669784804567413,10,4,1
5,1.6137878775178547,9,3,2
6,1.6106902356902357,9,4,1
7,1.6023148148148147,8,4,2
8,1.5934990500701067,11,3,1
9,1.5476190476190477,11,3,1
10,1.5457913200262614,10,5,1
11,1.5349642244165569,10,4,2
12,1.5114165444750152,11,3,1
13,1.4767195279365666,10,4,2
14,1.4555862401605242,9,4,2
15,1.4393811305576012,10,4,1
16,1.4383846743843214,10,4,2
17,1.381669475069176,9,4,2
18,1.3808023791483672,9,4,2
19,1.3635131608602302,10,4,2
20,1.365627822944896,6,14,1
21,1.3003890211756866,9,5,2
22,1.2944185444185443,7,8,2
23,1.252750142202475,11,4,1
24,1.246743295019157,7,9,1
25,1.2446802392454566,10,3,2
26,1.2367796518254184,11,4,1
27,1.2277392543829446,7,6,2
28,1.2306306306306307,3,20,2
29,1.2306306306306307,3,20,2
30,1.2201290962910154,10,3,1
31,1.204510264292873,8,7,2
32,1.129878245444283,8,7,1
33,1.1165740460721452,11,4,1
34,1.111798455372186,6,7,2
35,1.0952473452473452,9,8,1
36,1.098276712898031,7,10,2
37,1.0710206460206462,6,11,1
38,1.061679030078731,10,4,2
39,1.0492280465106552,8,6,2
40,1.052166162907851,4,15,2
41,1.027116402116402,11,3,1
42,0.9891040196313092,8,7,1
43,0.9883851013424585,4,17,1
44,0.9326424870466321,3,22,1
45,0.8938045597084499,10,4,2
46,0.8849905165828087,9,6,1
47,0.8699537012012653,7,10,2
48,0.8516843463998369,6,12,2
49,0.8413440338654202,6,13,2
