,mq,No. Clus,Max clus,Min clus
0,1.4949494949494948,4,5,2
1,1.4608585858585859,4,5,2
2,1.3795093795093796,3,6,3
3,1.3585858585858586,3,8,2
4,1.3585858585858586,3,8,2
5,1.3333333333333335,5,3,1
6,1.3333333333333335,5,3,1
7,1.286111111111111,4,5,2
8,1.2777777777777777,4,5,2
9,1.2346542346542346,5,3,2
10,1.2346542346542346,5,3,2
11,1.2270531400966185,3,9,2
12,1.2228906714200831,4,4,2
13,1.2126068376068377,3,7,2
14,1.2108585858585859,5,3,2
15,1.1784511784511784,5,4,2
16,1.1666666666666665,3,6,2
17,1.1417698658410733,4,4,2
18,1.128654970760234,4,7,2
19,1.1045751633986929,4,5,2
20,1.0808080808080809,5,5,1
21,1.0651629072681703,4,7,1
22,1.0120837017388742,5,4,2
23,0.9996516893068617,4,5,2
24,1.0065359477124183,3,9,2
25,0.9508771929824562,3,7,3
26,0.9508771929824562,3,7,3
27,0.9333333333333333,3,8,2
