,mq,No. Clus,Max clus,Min clus
0,1.9895801318476056,6,11,2
1,1.7453758362849272,8,7,2
2,1.4346689895470384,3,20,2
3,1.4000090023238132,8,8,2
4,1.3569925525113575,6,11,1
5,1.3165657549577863,7,8,2
6,1.31350240994905,9,6,2
7,1.2849728774404956,8,8,1
8,1.291589726372335,3,25,2
9,1.274718544508327,8,11,2
10,1.2733707727292902,7,9,2
11,1.2676956944519602,5,19,2
12,1.2637509549274255,7,8,2
13,1.2639695863792124,5,19,2
14,1.2474965887502614,7,8,2
15,1.2377307203074466,6,11,2
16,1.2371331083185502,6,17,1
17,1.232937940519168,3,23,2
18,1.224656367020203,4,23,2
19,1.224656367020203,4,23,2
20,1.226890756302521,3,25,2
21,1.211413283112496,3,18,3
22,1.202718973764081,10,5,1
23,1.2036893547027718,3,19,2
24,1.1962904300858028,9,9,1
25,1.190255121544498,10,5,1
26,1.186293741488812,7,8,2
27,1.1861912156166814,6,21,1
28,1.1813105720253843,8,12,1
29,1.1817413724383035,4,22,2
30,1.179491435359227,5,15,2
31,1.1806199752628324,5,18,2
32,1.17767449941363,4,15,2
33,1.1674786093264355,11,5,1
34,1.1753223028341773,6,15,2
35,1.1656339435675576,7,10,1
36,1.161017048431236,7,11,2
37,1.1507566006705474,10,7,1
38,1.1325466655534697,9,6,2
39,1.132987012987013,5,13,2
40,1.1321456321456322,4,11,2
41,1.1321152733503668,6,15,2
42,1.1244565217391305,9,9,2
43,1.1240127987954076,9,7,1
44,1.1230803749501397,8,13,2
45,1.1191588363327494,6,11,2
46,1.1067539791836467,8,8,2
47,1.0698287220026352,9,7,2
48,1.062789397262584,9,7,2
49,1.0559578564464727,4,9,5
50,1.037207417796478,7,13,2
51,1.0270490379186032,12,6,1
52,1.0252660383095167,5,10,2
53,1.0123021257349616,4,11,4
54,0.9881500987491771,4,15,2
55,0.9706240788042739,8,8,2
56,0.9011093618423462,4,17,3
57,0.8996961612568548,4,16,3
58,0.8869740054574178,3,16,6
59,0.8737354334741965,3,13,7
