,mq,No. Clus,Max clus,Min clus
0,1.3737373737373737,4,6,2
1,1.371212121212121,4,6,2
2,1.3290612895876053,5,4,2
3,1.3246753246753247,4,5,2
4,1.3144092749355907,4,5,2
5,1.3028708133971292,5,4,2
6,1.3063554802685238,4,5,2
7,1.287878787878788,3,6,2
8,1.287878787878788,3,6,2
9,1.287878787878788,3,6,2
10,1.287878787878788,3,6,2
11,1.283008658008658,3,6,2
12,1.283008658008658,3,6,2
13,1.2707070707070707,6,4,1
14,1.2683982683982684,4,4,3
15,1.2548340548340549,3,7,2
16,1.250865800865801,5,5,2
17,1.250865800865801,5,5,2
18,1.245727956254272,4,5,2
19,1.2347593582887701,6,3,1
20,1.2175324675324675,5,3,2
21,1.2175324675324675,5,3,2
22,1.195727956254272,6,4,1
23,1.1369047619047619,5,4,1
24,1.1166666666666667,5,6,1
25,1.0713109354413703,5,4,1
26,0.9358974358974359,3,7,3
27,0.8947368421052632,3,7,2
