,mq,No. Clus,Max clus,Min clus
0,1.5780632411067192,3,17,3
1,1.5780632411067192,3,17,3
2,1.5780632411067192,3,17,3
3,1.5780632411067192,3,17,3
4,1.5780632411067192,3,17,3
5,1.5780632411067192,3,17,3
6,1.5780632411067192,3,17,3
7,1.5780632411067192,3,17,3
8,1.5780632411067192,3,17,3
9,1.5780632411067192,3,17,3
10,1.5780632411067192,3,17,3
11,1.5780632411067192,3,17,3
12,1.5780632411067192,3,17,3
13,1.5780632411067192,3,17,3
14,1.5780632411067192,3,17,3
15,1.5780632411067192,3,17,3
16,1.5780632411067192,3,17,3
17,1.5780632411067192,3,17,3
18,1.5780632411067192,3,17,3
19,1.5780632411067192,3,17,3
20,1.5780632411067192,3,17,3
21,1.5780632411067192,3,17,3
22,1.5780632411067192,3,17,3
23,1.5780632411067192,3,17,3
24,1.5780632411067192,3,17,3
25,1.5780632411067192,3,17,3
26,1.5780632411067192,3,17,3
27,1.5780632411067192,3,17,3
28,1.5780632411067192,3,17,3
29,1.5780632411067192,3,17,3
30,1.5780632411067192,3,17,3
31,1.5780632411067192,3,17,3
32,1.5780632411067192,3,17,3
33,1.5780632411067192,3,17,3
34,1.5780632411067192,3,17,3
35,1.5780632411067192,3,17,3
36,1.5780632411067192,3,17,3
37,1.5780632411067192,3,17,3
38,1.5780632411067192,3,17,3
39,1.572445987192531,3,18,3
40,1.572445987192531,3,18,3
41,1.572445987192531,3,18,3
42,1.5339274035317199,3,16,3
43,1.5339274035317199,3,16,3
44,1.5339274035317199,3,16,3
45,1.5339274035317199,3,16,3
46,1.5339274035317199,3,16,3
47,1.5339274035317199,3,16,3
48,1.5339274035317199,3,16,3
49,1.5339274035317199,3,16,3
50,1.450774032853044,3,16,4
51,1.450774032853044,3,16,4
52,1.450774032853044,3,16,4
53,1.4466908258630555,3,17,4
54,1.4466908258630555,3,17,4
55,1.4466908258630555,3,17,4
56,1.4466908258630555,3,17,4
57,1.4466908258630555,3,17,4
58,1.3153818048958712,3,18,2
59,1.3153818048958712,3,18,2
