,mq,No. Clus,Max clus,Min clus
0,1.3527777777777779,4,6,2
1,1.3527777777777779,4,6,2
2,1.3527777777777779,4,6,2
3,1.2270531400966185,3,9,2
4,1.2117889420521,5,3,2
5,1.1976911976911977,5,4,2
6,1.1976911976911977,4,7,2
7,1.1976911976911977,4,7,2
8,1.1976911976911977,4,7,2
9,1.159313725490196,6,3,2
10,1.1555555555555554,3,6,2
11,1.0994152046783625,3,6,3
12,1.0994152046783625,4,6,2
13,1.054834054834055,5,5,2
14,1.0296239708004413,6,3,2
15,1.0211640211640212,3,6,2
16,1.0211640211640212,3,6,2
17,1.0211640211640212,3,6,2
18,0.9883040935672514,5,4,2
19,0.9883040935672514,5,4,2
20,0.9883040935672515,3,8,2
21,0.972236913413384,5,4,2
22,0.9809523809523809,3,6,3
23,0.9392420445052023,5,3,2
24,0.9257278669043376,6,3,2
25,0.9257278669043376,6,3,2
26,0.9188166494668043,3,9,2
27,0.8031189083820662,4,6,2
