,mq,No. Clus,Max clus,Min clus
0,1.4078392621870883,5,3,2
1,1.4078392621870883,5,3,2
2,1.4078392621870883,5,3,2
3,1.3999341238471672,5,4,2
4,1.3999341238471672,5,4,2
5,1.250574304922131,5,3,2
6,1.24266916658221,5,4,2
7,1.24266916658221,5,4,2
8,1.2302371541501977,4,5,2
9,1.2083333333333333,5,3,2
10,1.2083333333333333,5,3,2
11,1.2083333333333333,5,3,2
12,1.2083333333333333,5,3,2
13,1.1944444444444444,4,7,1
14,1.1538461538461537,3,7,3
15,1.142929292929293,3,9,2
16,1.1166666666666665,5,4,2
17,1.1080917874396135,5,4,2
18,1.0860329639102018,5,4,2
19,1.0730880230880229,5,4,2
20,1.0704736440030558,5,4,2
21,1.0704736440030558,5,4,2
22,1.0232708468002587,4,4,2
23,0.9957180500658762,3,8,2
24,0.9841269841269841,5,4,1
25,0.9881796690307328,3,9,2
26,0.9388888888888888,5,4,1
27,0.8900225161835069,5,4,2
