,mq,No. Clus,Max clus,Min clus
0,1.3118181818181818,5,5,2
1,1.1635642135642135,6,3,2
2,1.1635642135642135,6,3,2
3,1.1635642135642135,6,3,2
4,1.1635642135642135,6,3,2
5,1.1635642135642135,6,3,2
6,1.1635642135642135,6,3,2
7,1.1564935064935065,6,3,2
8,1.1564935064935065,6,3,2
9,1.1564935064935065,6,3,2
10,1.1564935064935065,6,3,2
11,1.1564935064935065,6,3,2
12,1.1564935064935065,6,3,2
13,1.1564935064935065,6,3,2
14,1.1175324675324676,6,3,2
15,1.1175324675324676,6,3,2
16,1.1175324675324676,6,3,2
17,1.1175324675324676,6,3,2
18,1.064576802507837,5,5,2
19,1.0666666666666667,4,6,2
20,1.0839427662957075,3,8,2
21,1.064576802507837,5,5,2
22,1.0074339453649799,4,5,2
23,1.000373482726424,6,3,2
24,1.0129338691998537,4,6,2
25,1.0013227513227512,3,5,3
