,mq,No. Clus,Max clus,Min clus
0,1.8885813824040443,6,7,2
1,1.7959910504389436,6,7,2
2,1.462251828631139,6,7,2
3,1.3896401122188045,6,9,1
4,1.2926511188029588,6,7,2
5,1.2637895571761635,6,8,3
6,1.2619010647737354,6,7,1
7,1.2615664528708006,6,8,2
8,1.2231357791935233,6,8,1
9,1.182179957346028,6,7,2
10,1.1826314422555437,5,10,3
11,1.1789025543992433,5,12,2
12,1.1673212837446414,6,11,2
13,1.1561396491629048,6,9,2
14,1.14537414322364,6,7,2
15,1.1365808708200014,6,8,2
16,1.113085503561694,6,8,2
17,1.112136230449828,6,7,3
18,1.1079725606933457,6,7,2
19,1.0986867420245487,5,11,2
20,1.0932141309506613,6,7,2
21,1.0874218870646308,6,7,2
22,1.0801531138771299,6,8,2
23,1.0778689116924411,6,7,2
24,1.0708166771488423,6,8,2
25,1.0623847902125116,6,11,2
26,1.0618522914394475,6,7,3
27,1.0548640508835112,6,7,2
28,1.0551071069453422,6,8,1
29,1.0484096648692922,6,7,2
30,1.045754716981132,6,7,2
31,1.0431279155159752,5,10,3
32,1.0305694305694306,6,8,2
33,1.027805499337009,6,9,2
34,1.0234309296094193,6,8,2
35,1.023395026026605,6,11,2
36,1.0216374269005848,5,11,2
37,1.0183406186501949,6,7,2
38,1.012158223613332,6,6,2
39,1.006751633986928,6,8,2
40,0.9908051545758393,6,11,2
41,0.9893503946733698,6,12,2
42,0.9833368385999963,6,8,3
43,0.9737766074171603,5,10,3
44,0.9586868044515103,6,10,2
45,0.9558058089346482,6,7,2
46,0.9575249656606155,6,9,1
47,0.9484055730820182,6,9,2
48,0.9355982557628024,6,8,1
49,0.9294243338360986,6,8,1
50,0.9275512013923409,6,9,2
51,0.9170760233918129,6,9,1
52,0.9136461106181603,5,9,3
53,0.9105924763882924,6,10,2
54,0.9077922077922078,5,11,2
55,0.8861644397034597,6,7,2
56,0.8897768897768898,5,12,1
57,0.8752576159472711,6,8,2
58,0.8700314510138606,5,9,1
59,0.8564664867296446,6,10,2
