,mq,No. Clus,Max clus,Min clus
0,2.0488483619619666,8,6,2
1,2.0488483619619666,8,6,2
2,1.858578091691696,10,4,2
3,1.858578091691696,10,4,2
4,1.7578325339494756,11,3,2
5,1.7578325339494756,11,3,2
6,1.7454676876644841,10,3,2
7,1.741113620678838,11,3,2
8,1.741113620678838,11,3,2
9,1.7223339318991493,9,6,2
10,1.602904234157431,10,4,2
11,1.595046405290308,9,5,2
12,1.5516003411655586,11,4,2
13,1.5516003411655586,11,4,2
14,1.5395690513284044,11,3,2
15,1.5403009850386162,8,8,2
16,1.5378006591305826,11,4,2
17,1.5358500190322575,9,4,2
18,1.499671131960969,9,4,2
19,1.4904064083026214,11,3,2
20,1.4456841378809342,11,3,2
21,1.450496894409938,8,7,2
22,1.4413300708952883,12,2,2
23,1.4413300708952883,12,2,2
24,1.4413300708952883,12,2,2
25,1.4413300708952883,12,2,2
26,1.4413300708952883,12,2,2
27,1.4413300708952883,12,2,2
28,1.4413300708952883,12,2,2
29,1.4413300708952883,12,2,2
30,1.4413300708952883,12,2,2
31,1.4413300708952883,12,2,2
32,1.4028685324337498,11,4,2
33,1.4028685324337498,11,4,2
34,1.3528546965662553,8,6,2
35,1.3287370631573772,6,6,2
36,1.3273823816836523,8,4,2
37,1.3273823816836523,8,4,2
38,1.3012801986087787,8,6,2
39,1.2095241409761508,9,8,2
40,1.2057292666094364,9,5,2
41,1.2001298701298702,7,9,2
42,1.178992408557626,7,12,2
43,1.1714399610051784,8,10,2
44,1.0879697920740217,8,7,2
45,1.043944076526858,5,16,2
46,0.9997643291080444,11,3,2
47,0.9435897435897436,3,21,1
48,0.8907333900321277,12,3,1
49,0.8752038369304556,5,15,2
