,mq,No. Clus,Max clus,Min clus
0,2.008377828629545,8,6,2
1,1.9965296034153468,8,6,2
2,1.9674571125170128,9,3,2
3,1.9095623756749076,9,3,2
4,1.870771283416159,9,3,2
5,1.870771283416159,9,3,2
6,1.8158469825409098,10,3,2
7,1.7838725985844286,9,3,2
8,1.7755392652510953,9,3,2
9,1.7755392652510953,9,3,2
10,1.7524198725664852,10,3,2
11,1.7541287713388642,9,3,2
12,1.7524198725664852,10,3,2
13,1.7514542979308338,9,3,2
14,1.6880271879564093,9,3,2
15,1.6261961200174662,9,3,2
16,1.6178627866841329,9,3,2
17,1.6178627866841329,9,3,2
18,1.6013278415511807,8,4,2
19,1.595834517381832,9,4,2
20,1.5845294533507996,9,3,2
21,1.5845294533507996,9,3,2
22,1.5707532058998186,8,5,2
23,1.5255392652510953,9,3,2
24,1.5056858316449109,9,4,2
25,1.5254585739711597,7,6,2
26,1.5024198725664852,10,3,2
27,1.4624440271558572,8,5,2
28,1.4380271879564093,9,3,2
29,1.4302898550724639,9,3,2
30,1.4161821109647197,9,3,2
31,1.3972997085588532,8,6,2
32,1.384654085613165,9,4,2
33,1.245394960177569,7,8,2
34,1.2566838704138474,6,11,2
35,1.2138083735909824,10,3,2
36,1.2194904313603268,7,6,2
37,1.198655940846781,6,10,2
38,1.1624641766502233,9,3,2
39,1.17898266552998,5,13,2
40,1.1571014492753624,4,16,2
41,1.1227393026438626,7,7,2
42,1.091344947220787,6,10,2
43,1.0821788124758422,5,8,2
44,1.084502534009069,3,19,2
45,1.02543270313984,9,6,1
46,1.0810183143722256,4,13,2
47,1.04169239565466,3,18,3
