,mq,No. Clus,Max clus,Min clus
0,1.5294920793176028,4,10,5
1,1.4938789584022951,4,10,5
2,1.4938789584022951,4,10,5
3,1.4938789584022951,4,10,5
4,1.4938789584022951,4,10,5
5,1.4938789584022951,4,10,5
6,1.4938789584022951,4,10,5
7,1.4938789584022951,4,10,5
8,1.4938789584022951,4,10,5
9,1.4938789584022951,4,10,5
10,1.4938789584022951,4,10,5
11,1.4938789584022951,4,10,5
12,1.4938789584022951,4,10,5
13,1.4938789584022951,4,10,5
14,1.4938789584022951,4,10,5
15,1.4938789584022951,4,10,5
16,1.4938789584022951,4,10,5
17,1.4938789584022951,4,10,5
18,1.4938789584022951,4,10,5
19,1.4938789584022951,4,10,5
20,1.4938789584022951,4,10,5
21,1.4776969818619758,4,9,5
22,1.4559832240415176,4,10,5
23,1.4559832240415176,4,10,5
24,1.4559832240415176,4,10,5
25,1.4559832240415176,4,10,5
26,1.4537193973634652,4,9,5
27,1.436346934035733,4,10,5
28,1.4281331846408707,4,9,5
29,1.4241202665805979,4,10,5
30,1.4195193443378562,4,10,5
31,1.4195193443378562,4,10,5
32,1.4195193443378562,4,10,5
33,1.4195193443378562,4,10,5
34,1.4195193443378562,4,10,5
35,1.4195193443378562,4,10,5
36,1.4195193443378562,4,10,5
37,1.4195193443378562,4,10,5
38,1.4195193443378562,4,10,5
39,1.4195193443378562,4,10,5
40,1.4195193443378562,4,10,5
41,1.4195193443378562,4,10,5
42,1.413756208645171,4,10,5
43,1.413756208645171,4,10,5
44,1.4114493996569468,4,11,5
45,1.4114493996569468,4,11,5
46,1.4114493996569468,4,11,5
47,1.4114493996569468,4,11,5
48,1.400472493078127,4,11,5
49,1.400472493078127,4,11,5
50,1.380043678253677,4,11,5
51,1.3648305084745762,4,10,5
52,1.3397887323943662,4,11,5
53,1.3190926336159703,4,10,6
54,1.3050974183049655,4,9,6
55,1.2612555781982695,4,10,4
56,1.2612555781982695,4,10,4
57,1.2411566450881606,4,10,6
58,1.1802955535031008,4,11,4
59,1.1802955535031008,4,11,4
