,mq,No. Clus,Max clus,Min clus
0,1.8377418233772254,3,8,5
1,1.8377418233772254,3,8,5
2,1.8377418233772254,3,8,5
3,1.8377418233772254,3,8,5
4,1.8377418233772254,3,8,5
5,1.8377418233772254,3,8,5
6,1.8377418233772254,3,8,5
7,1.8377418233772254,3,8,5
8,1.8377418233772254,3,8,5
9,1.8377418233772254,3,8,5
10,1.8377418233772254,3,8,5
11,1.8377418233772254,3,8,5
12,1.8377418233772254,3,8,5
13,1.8377418233772254,3,8,5
14,1.8377418233772254,3,8,5
15,1.8177781210178785,3,8,6
16,1.8177781210178785,3,8,6
17,1.8177781210178785,3,8,6
18,1.8177781210178785,3,8,6
19,1.8177781210178785,3,8,6
20,1.8177781210178785,3,8,6
21,1.8177781210178785,3,8,6
22,1.8177781210178785,3,8,6
23,1.7693383038210624,3,7,6
24,1.7504066363044894,3,9,5
25,1.7504066363044894,3,9,5
26,1.7504066363044894,3,9,5
27,1.7504066363044894,3,9,5
28,1.7504066363044894,3,9,5
29,1.7504066363044894,3,9,5
30,1.7417660575555312,3,7,6
31,1.7417660575555312,3,7,6
32,1.7417660575555312,3,7,6
33,1.7417660575555312,3,7,6
34,1.7417660575555312,3,7,6
35,1.7341220154570183,3,9,4
36,1.7341220154570183,3,9,4
37,1.6933854935930701,3,8,4
38,1.6933854935930701,3,8,4
39,1.646551724137931,3,10,4
40,1.646551724137931,3,10,4
41,1.5673478356405186,3,8,5
