,mq,No. Clus,Max clus,Min clus
0,2.0624513933509436,9,4,2
1,1.7614768806073153,10,3,2
2,1.7596425007481928,11,3,2
3,1.7577169084585964,10,3,2
4,1.7316901173528958,10,4,2
5,1.7291456652626067,10,4,2
6,1.7289519636637938,10,3,2
7,1.7271578380380077,9,5,2
8,1.696041176782865,11,3,2
9,1.6748048968615372,11,3,2
10,1.670706225134782,10,3,2
11,1.670706225134782,10,3,2
12,1.6653506396984659,11,3,2
13,1.6685419581071754,9,5,2
14,1.6653506396984659,11,3,2
15,1.6577097276389492,8,5,2
16,1.6507384403036576,10,4,2
17,1.6465001322867978,9,4,2
18,1.6393069490895578,10,3,2
19,1.626486436269045,10,3,2
20,1.619901499466717,11,4,2
21,1.6114050870890242,10,3,2
22,1.6011709194760042,8,4,2
23,1.5598934356351237,10,3,2
24,1.5304538563551846,10,3,2
25,1.517836066646567,10,4,2
26,1.5122943680360559,10,3,2
27,1.4873349773219484,10,4,2
28,1.4822402718054892,11,4,2
29,1.4822402718054892,11,4,2
30,1.4765422661074834,11,4,2
31,1.465356578904966,10,4,2
32,1.446041176782865,11,3,2
33,1.4435481185481185,7,5,2
34,1.4248048968615372,11,3,2
35,1.4193032088684263,12,2,2
36,1.312285296997127,11,3,1
37,1.2697860593512766,11,3,1
38,1.2686232698812043,6,12,2
39,1.1963733609385783,8,8,2
40,1.1621726994467312,9,7,2
41,1.1571014492753624,4,16,2
42,1.130461942607805,9,6,2
43,1.120060784626002,9,8,2
44,1.1004030317180935,6,12,2
45,1.0271874109445267,8,6,2
46,1.0202930402930404,7,10,2
47,0.9733249528598367,4,15,3
48,0.9733249528598367,4,15,3
49,0.9639285714285715,5,13,2
