,mq,No. Clus,Max clus,Min clus
0,1.8764064428993692,6,7,2
1,1.8325982010400874,6,9,2
2,1.7824040358009328,6,8,2
3,1.7772212543554005,6,8,2
4,1.7557257291981287,6,8,2
5,1.7564202133906637,6,12,2
6,1.7557257291981287,6,8,2
7,1.7557257291981287,6,8,2
8,1.7461142910326213,6,10,2
9,1.7024287443995474,6,11,2
10,1.6989359105643318,6,10,2
11,1.6989359105643318,6,10,2
12,1.6989359105643318,6,10,2
13,1.698384752329409,6,10,2
14,1.6754520105268595,6,9,2
15,1.6676966989327375,6,9,2
16,1.6676966989327375,6,9,2
17,1.6470245440833675,6,12,2
18,1.641889958226592,6,9,2
19,1.6388846785398508,5,10,2
20,1.6348099892807921,6,11,2
21,1.6319164078674946,5,9,2
22,1.6319164078674946,5,9,2
23,1.6267080745341613,6,9,2
24,1.59889340672055,5,9,2
25,1.59889340672055,5,9,2
26,1.5859438402856678,6,10,2
27,1.5849116564790318,5,9,2
28,1.5826362692034335,6,9,2
29,1.5791981877347732,6,11,2
30,1.5682926829268293,6,8,2
31,1.5623511904761904,6,8,2
32,1.5614668246343777,5,9,2
33,1.5522307445563983,5,11,2
34,1.5482350882455878,5,11,2
35,1.5387585532746821,6,13,2
36,1.5339270483099745,5,11,4
37,1.5287161222220285,5,11,2
38,1.526385201530876,5,9,2
39,1.5179515509682444,5,11,2
40,1.5120900401520805,5,11,2
41,1.509341339859265,5,10,2
42,1.4952857073854031,5,11,2
43,1.47840821812596,6,12,2
44,1.4716778793628889,6,9,2
45,1.4716445488554295,6,9,2
46,1.4632155930412467,6,11,2
47,1.4598845605898063,5,11,2
48,1.4602083086755828,5,12,2
49,1.457158662838176,5,13,2
50,1.4539523698061774,5,9,2
51,1.4539523698061774,5,9,2
52,1.4539523698061774,5,9,2
53,1.4437169892832755,5,13,2
54,1.4403108765817707,6,10,2
55,1.3526109307359306,6,8,2
56,1.3408078475098228,5,12,2
57,1.284970824421179,6,7,2
58,1.273354880413704,6,9,2
59,1.2509937971693583,5,13,2
