,mq,No. Clus,Max clus,Min clus
0,1.7924563359345969,4,13,3
1,1.6920289855072463,4,13,2
2,1.6920289855072463,4,13,2
3,1.6920289855072463,4,13,2
4,1.6920289855072463,4,13,2
5,1.6818214976109713,4,15,2
6,1.65570419918246,4,13,2
7,1.65570419918246,4,13,2
8,1.644687806012103,4,14,2
9,1.644687806012103,4,14,2
10,1.644687806012103,4,14,2
11,1.644687806012103,4,14,2
12,1.644687806012103,4,14,2
13,1.6352591457854615,4,14,2
14,1.6225035404649235,4,13,2
15,1.6225035404649235,4,13,2
16,1.6225035404649235,4,13,2
17,1.6225035404649235,4,13,2
18,1.5901598642228763,4,15,2
19,1.5901598642228763,4,15,2
20,1.5901598642228763,4,15,2
21,1.5901598642228763,4,15,2
22,1.5793279905989737,4,12,2
23,1.5793279905989737,4,12,2
24,1.5793279905989737,4,12,2
25,1.5793279905989737,4,12,2
26,1.5793279905989737,4,12,2
27,1.5760545529687287,4,14,2
28,1.5285232383808096,4,13,2
29,1.5285232383808096,4,13,2
30,1.5285232383808096,4,13,2
31,1.4983107088989442,4,12,2
32,1.4781783681214422,4,12,2
33,1.479579236575239,4,15,2
34,1.479579236575239,4,15,2
35,1.4710260077334605,4,17,2
36,1.4668021080835145,4,13,2
37,1.4588235294117649,4,17,2
38,1.4573742540494459,4,14,2
39,1.4588235294117649,4,17,2
40,1.4565508021390374,4,16,2
41,1.442156862745098,4,13,2
42,1.442156862745098,4,13,2
43,1.4287989138709842,4,13,2
44,1.423241620689551,4,13,2
45,1.423241620689551,4,13,2
46,1.4049016142335335,4,13,2
47,1.3810220648455942,4,14,2
48,1.3810220648455942,4,14,2
49,1.3798294747323874,4,15,2
50,1.3798294747323874,4,15,2
51,1.352116704805492,4,13,2
52,1.3500898986596928,4,14,2
53,1.3500898986596928,4,14,2
54,1.3293859649122808,4,14,2
55,1.313960507867269,4,12,2
56,1.2816496163682864,4,14,2
57,1.27188495027691,4,16,2
58,1.2629310344827587,4,17,2
59,1.2384412665193971,4,15,2
