,mq,No. Clus,Max clus,Min clus
0,1.8233475993066786,8,4,2
1,1.8233475993066786,8,4,2
2,1.7467990522151209,5,9,3
3,1.6663937511763596,8,4,2
4,1.6566809326400118,9,4,2
5,1.6558720849043427,8,4,2
6,1.5395617256592011,8,4,2
7,1.5259683671448376,8,4,2
8,1.5157742578502784,9,3,2
9,1.5259683671448376,8,4,2
10,1.5190755481078062,8,4,2
11,1.4991488098904977,10,3,2
12,1.4692318732641314,8,4,2
13,1.4873434410019777,3,17,3
14,1.4412245462158833,9,3,2
15,1.3928205831724663,10,3,2
16,1.4058071558071557,9,4,1
17,1.3739944276113691,9,4,2
18,1.3739697965504418,7,6,2
19,1.3572819653464814,9,3,2
20,1.3470458003129997,10,3,2
21,1.337386761621703,10,3,2
22,1.3364478114478113,9,3,2
23,1.3284302293297796,9,3,2
24,1.3149924852012138,9,3,2
25,1.3149924852012138,9,3,2
26,1.3149924852012138,9,3,2
27,1.3086514532166706,10,3,2
28,1.3098998064515306,9,3,2
29,1.3053334465099171,9,3,2
30,1.307103825136612,3,17,2
31,1.2801261097021304,8,6,2
32,1.2538805176953844,9,3,2
33,1.2101772624853826,9,3,2
34,1.1632638817484726,10,3,2
35,1.1173519165929033,7,7,2
36,1.1380629318893734,3,10,4
37,1.1529933481152994,3,17,3
38,1.1209662548404942,3,11,3
39,1.0739461269870043,6,9,2
40,1.081228393129898,6,10,1
41,1.0698868480198402,5,12,2
42,1.0606657710105987,4,15,3
43,1.0307523351074053,7,8,2
44,1.0606657710105987,4,15,3
45,0.9772786353431515,9,4,1
46,0.9593073593073593,5,13,2
47,0.9200233905879067,9,4,1
