,mq,No. Clus,Max clus,Min clus
0,1.9698255104069056,8,6,1
1,1.8542192192192193,9,5,1
2,1.811125876707272,11,4,1
3,1.782113997113997,9,6,1
4,1.7106854256854256,9,6,2
5,1.6856854256854257,12,3,1
6,1.6856854256854257,12,3,1
7,1.6856854256854257,12,3,1
8,1.6559235209235208,10,4,2
9,1.6498541398541398,10,4,2
10,1.633737373737374,11,3,2
11,1.6246440558205264,10,4,2
12,1.6142568542568543,12,3,1
13,1.6023520923520924,10,4,2
14,1.5979060879060878,11,4,1
15,1.578672942045035,9,4,1
16,1.5784255684255684,11,4,1
17,1.5689889612303407,8,5,1
18,1.5454585354585355,11,4,1
19,1.528145743145743,10,4,2
20,1.51,8,10,2
21,1.4857433489827856,9,6,2
22,1.478261364813089,11,4,1
23,1.4780851063829787,8,9,2
24,1.4466744366744368,11,4,1
25,1.4356854256854257,12,3,1
26,1.4312394212394213,11,3,2
27,1.4323631665492131,10,5,2
28,1.431439628482972,9,4,1
29,1.4277710661431589,10,4,2
30,1.4140404040404042,12,3,1
31,1.3845171495171493,8,6,1
32,1.3642568542568543,12,2,2
33,1.3359803921568627,9,4,2
34,1.3142255892255892,13,3,1
35,1.284924513956772,11,3,2
36,1.2392568542568543,11,3,2
37,1.2369662921348314,7,8,2
38,1.1897729618163055,8,6,2
39,1.1736636636636637,8,9,2
40,1.1717826617826619,7,12,2
41,1.1557274424921484,12,3,1
42,1.083598825222702,6,11,2
43,1.0705112088833018,7,9,2
44,1.0216417910447761,5,16,2
45,0.9806261529001845,9,6,1
46,0.9779411764705883,4,17,2
47,0.966161616161616,9,8,1
48,0.9534493284493284,6,12,1
49,0.9312271062271062,6,12,1
