,mq,No. Clus,Max clus,Min clus
0,1.2944444444444443,3,6,3
1,1.2944444444444443,3,6,3
2,1.2944444444444443,3,6,3
3,1.2944444444444443,3,6,3
4,1.2944444444444443,3,6,3
5,1.2944444444444443,3,6,3
6,1.2944444444444443,3,6,3
7,1.2944444444444443,3,6,3
8,1.2944444444444443,3,6,3
9,1.2944444444444443,3,6,3
10,1.2428571428571429,3,6,2
11,1.2428571428571429,3,6,2
12,1.2428571428571429,3,6,2
13,1.2428571428571429,3,6,2
14,1.2270531400966183,3,5,4
15,1.2270531400966183,3,5,4
16,1.2270531400966183,3,5,4
17,1.2270531400966183,3,5,4
18,1.220496894409938,3,5,3
19,1.1824561403508773,3,6,3
20,1.1824561403508773,3,6,3
21,1.1824561403508773,3,6,3
22,1.1587301587301586,3,7,2
23,1.1587301587301586,3,7,2
24,1.0315904139433552,3,5,4
25,0.9945912211358434,3,6,2
26,0.9945912211358434,3,6,2
27,0.980952380952381,3,7,3
