,mq,No. Clus,Max clus,Min clus
0,1.7789416028286409,5,8,3
1,1.7789416028286409,5,8,3
2,1.7789416028286409,5,8,3
3,1.7789416028286409,5,8,3
4,1.7789416028286409,5,8,3
5,1.7789416028286409,5,8,3
6,1.7789416028286409,5,8,3
7,1.7789416028286409,5,8,3
8,1.7789416028286409,5,8,3
9,1.7789416028286409,5,8,3
10,1.7789416028286409,5,8,3
11,1.7560343414131927,5,8,3
12,1.7560343414131927,5,8,3
13,1.7560343414131927,5,8,3
14,1.7560343414131927,5,8,3
15,1.7560343414131927,5,8,3
16,1.7560343414131927,5,8,3
17,1.7560343414131927,5,8,3
18,1.7560343414131927,5,8,3
19,1.7560343414131927,5,8,3
20,1.7560343414131927,5,8,3
21,1.7560343414131927,5,8,3
22,1.7354672040877839,5,8,3
23,1.7354672040877839,5,8,3
24,1.7354672040877839,5,8,3
25,1.7185982342776376,5,8,3
26,1.7078537431579222,5,8,3
27,1.7078537431579222,5,8,3
28,1.7078537431579222,5,8,3
29,1.7016520472764,5,8,3
30,1.7016520472764,5,8,3
31,1.7016520472764,5,8,3
32,1.7016520472764,5,8,3
33,1.6928502618112027,5,8,3
34,1.6884978531336703,5,8,3
35,1.6884978531336703,5,8,3
36,1.6815144399946813,5,8,3
37,1.6815144399946813,5,8,3
38,1.6815144399946813,5,8,3
39,1.6815144399946813,5,8,3
40,1.6815144399946813,5,8,3
41,1.6562292663017883,5,8,3
42,1.6406281789482067,5,8,3
43,1.6395014452532601,5,8,3
44,1.597868615166378,5,8,3
45,1.5330504579820077,5,8,3
46,1.5330504579820077,5,8,3
47,1.5231416202844774,5,8,3
48,1.5231416202844774,5,8,3
49,1.5231416202844774,5,8,3
50,1.5231416202844774,5,8,3
51,1.5231416202844774,5,8,3
52,1.5231416202844774,5,8,3
53,1.5231416202844774,5,8,3
54,1.5231416202844774,5,8,3
55,1.5231416202844774,5,8,3
56,1.5079435050023284,5,8,3
57,1.4976548263766307,5,8,3
58,1.4976548263766307,5,8,3
59,1.4976548263766307,5,8,3
