,mq,No. Clus,Max clus,Min clus
0,2.0601674421707443,8,5,2
1,1.411423932476564,8,6,2
2,1.203561566570758,5,10,1
3,1.1914105594956659,5,11,1
4,1.190602322206096,8,6,1
5,1.1749581464317667,8,6,2
6,1.1549839471571994,5,11,1
7,1.149690432561497,5,11,1
8,1.135334972760245,5,10,1
9,1.109404353508127,8,6,2
10,1.0976484562122386,5,10,1
11,1.0874269243480759,8,5,2
12,1.0919124187478617,5,10,1
13,1.0905378006295439,5,11,1
14,1.0872980003414785,5,10,1
15,1.0640179030009538,5,9,1
16,1.0620582801362606,5,10,1
17,1.059438897230637,5,10,1
18,1.057004488542405,5,12,1
19,1.0544995412240183,5,10,1
20,1.052869257542834,5,10,1
21,1.0514001775361312,5,9,1
22,1.0322032103674192,8,5,2
23,1.0292016806722688,5,11,1
24,1.0262956628798725,5,9,1
25,1.0234945108931843,5,10,1
26,1.018450818647669,5,10,1
27,1.0177821522309711,5,10,1
28,1.0019034678689436,5,12,1
29,0.9929591141421441,5,10,1
30,0.9929591141421441,5,10,1
31,0.9850839510612932,8,5,2
32,0.986193296929866,8,6,1
33,0.9869456784350401,5,10,1
34,0.9842006621900546,8,5,2
35,0.9761879981555892,8,5,2
36,0.9818845756926252,5,10,1
37,0.9806793673616103,5,10,1
38,0.9755448653614013,8,6,2
39,0.9803302005369153,5,12,1
40,0.9749911617980176,5,10,1
41,0.9746005202526943,5,10,1
42,0.9739786461752327,5,11,1
43,0.9727218517916192,5,10,1
44,0.9726594093601766,5,12,1
45,0.9723510971786834,5,11,1
46,0.9665037707390648,5,10,1
47,0.9601809147528426,5,11,1
48,0.9417893217893218,8,5,2
49,0.9248703123185882,5,12,1
50,0.9125406127799427,5,10,1
51,0.9113080299006111,5,10,1
52,0.904360664347982,6,11,1
53,0.9019607843137255,8,5,2
54,0.8790249433106576,5,12,1
55,0.8668297983503412,8,6,2
56,0.8586907898006859,5,10,1
57,0.8510697475395806,5,10,1
58,0.8143790849673203,5,11,1
59,0.7938991090210603,8,6,2
