,mq,No. Clus,Max clus,Min clus
0,2.00732956693789,10,4,2
1,2.00732956693789,10,4,2
2,1.6565656565656566,4,19,3
3,1.5277754698546777,6,15,2
4,1.3958979809417857,10,4,1
5,1.3799297924297924,7,9,1
6,1.3248454983760036,10,5,1
7,1.3167444265379185,9,6,2
8,1.309450605331612,6,13,2
9,1.3156646035956379,4,21,2
10,1.2889558669744428,8,9,2
11,1.2798756798756799,6,17,1
12,1.2785606782641623,9,4,2
13,1.2634827590709943,10,5,1
14,1.263108821003558,6,15,2
15,1.2369758789466818,7,14,2
16,1.2249220795241018,7,8,3
17,1.2244418200702354,8,9,2
18,1.2233964135279924,8,9,2
19,1.2223865023865024,7,16,1
20,1.211128015648772,4,12,3
21,1.1979938337174192,10,6,1
22,1.193059511800962,11,6,1
23,1.1907458951866845,4,13,3
24,1.1814812922229803,10,4,1
25,1.1904456654456654,4,20,3
26,1.1904456654456654,4,20,3
27,1.1904456654456654,4,20,3
28,1.1904456654456654,4,20,3
29,1.1904456654456654,4,20,3
30,1.1810280486336824,5,13,1
31,1.1651570651570653,10,5,1
32,1.1557957545047914,8,6,3
33,1.148457795979382,8,9,2
34,1.1441643323996264,5,11,3
35,1.1301828606176434,8,9,1
36,1.1226598574056201,9,6,2
37,1.1223632973632973,9,8,1
38,1.1101853974804794,9,7,1
39,1.105954468225442,11,4,2
40,1.0930133996918607,8,7,1
41,1.0814500941619585,3,20,4
42,1.0788140472078296,4,16,3
43,1.0772808820015716,9,6,2
44,1.0697965571205008,4,10,3
45,1.0676510397440628,5,17,2
46,1.0625321845910083,7,14,2
47,1.0533333333333332,7,9,2
48,1.0545432764300688,3,14,3
49,1.0527329381663435,10,4,1
50,1.044894324903372,9,5,1
51,1.0488579455039968,7,13,1
52,1.0473645233236026,6,15,2
53,1.034791858841774,10,4,2
54,1.022938662644545,8,7,1
55,1.0157894736842106,4,14,3
56,1.0032639700724808,10,4,1
57,0.9835012210012208,9,7,2
58,0.9599792076761169,10,5,1
59,0.9422273155374655,5,10,2
