,mq,No. Clus,Max clus,Min clus
0,1.827617138934999,8,5,3
1,1.827617138934999,8,5,3
2,1.6508021323932516,10,4,2
3,1.6358430174341365,10,3,2
4,1.6358430174341365,10,3,2
5,1.620211981803101,10,4,2
6,1.6129858745769938,10,3,2
7,1.6129858745769938,10,3,2
8,1.5749521232279853,11,3,2
9,1.5728009732507482,9,4,2
10,1.5728009732507482,9,4,2
11,1.5679326669150904,10,4,2
12,1.5625273288629793,10,4,2
13,1.5350616109023796,10,4,2
14,1.5310816633087678,9,4,3
15,1.5030963804045006,10,4,2
16,1.5008610223634289,9,4,2
17,1.4894151799736908,10,4,2
18,1.488990534273553,10,4,2
19,1.4866805856630094,9,4,2
20,1.474427673518793,10,3,2
21,1.4724579316249713,9,4,3
22,1.4523497514408708,10,3,2
23,1.41165039017809,9,4,3
24,1.3977771883356986,10,4,2
25,1.3908416250643232,10,4,2
26,1.3744254877662563,10,4,2
27,1.3687228835310035,10,4,2
28,1.3643173007997245,9,4,3
29,1.359453581522905,10,4,2
30,1.3303734668558906,10,4,2
31,1.3264178613747934,9,4,3
32,1.3225644122383253,10,4,2
33,1.315601262409773,10,3,2
34,1.3088955026455025,10,4,1
35,1.2716681880038383,9,5,2
36,1.2595914975412728,10,4,2
37,1.2452865868319396,8,8,3
38,1.1872314840399947,9,5,2
39,1.1770068186714164,10,4,2
40,1.1367631501039188,10,4,2
41,1.1465789557404076,8,6,2
42,1.1460247273600923,8,6,2
43,1.1207041830659772,8,6,2
44,1.1127027116851353,10,4,2
45,1.0945033788118894,8,9,2
46,1.0896277056277057,3,13,3
47,1.0577800064685983,8,6,3
48,1.0896277056277057,3,13,3
49,1.0860703376314438,3,22,3
50,1.0438966579465478,8,7,2
51,1.048950157523374,6,14,3
52,1.0514729798765825,5,17,3
53,1.0354730724455177,4,19,3
54,1.0000117836623996,6,15,2
55,0.9975736330205863,4,19,3
56,0.9793323479639269,6,13,2
57,0.9259414877061936,6,14,2
