,mq,No. Clus,Max clus,Min clus
0,1.9665700483091786,5,7,3
1,1.9665700483091786,5,7,3
2,1.9665700483091786,5,7,3
3,1.9665700483091786,5,7,3
4,1.9665700483091786,5,7,3
5,1.9665700483091786,5,7,3
6,1.9665700483091786,5,7,3
7,1.9665700483091786,5,7,3
8,1.9665700483091786,5,7,3
9,1.9665700483091786,5,7,3
10,1.9665700483091786,5,7,3
11,1.9665700483091786,5,7,3
12,1.9665700483091786,5,7,3
13,1.9665700483091786,5,7,3
14,1.9665700483091786,5,7,3
15,1.9665700483091786,5,7,3
16,1.9665700483091786,5,7,3
17,1.9665700483091786,5,7,3
18,1.9665700483091786,5,7,3
19,1.9665700483091786,5,7,3
20,1.9665700483091786,5,7,3
21,1.9665700483091786,5,7,3
22,1.9665700483091786,5,7,3
23,1.9665700483091786,5,7,3
24,1.9665700483091786,5,7,3
25,1.9665700483091786,5,7,3
26,1.9665700483091786,5,7,3
27,1.9665700483091786,5,7,3
28,1.9665700483091786,5,7,3
29,1.9665700483091786,5,7,3
30,1.9665700483091786,5,7,3
31,1.9665700483091786,5,7,3
32,1.8433711730306155,5,7,3
33,1.761292270531401,5,8,2
34,1.761292270531401,5,8,2
35,1.761292270531401,5,8,2
36,1.7173636991028296,5,7,3
37,1.7025177607274793,5,8,3
38,1.6723163841807909,5,8,2
39,1.6338492063492063,5,7,3
40,1.6338492063492063,5,7,3
41,1.6174172173172672,5,7,3
42,1.5723788966712187,5,7,3
43,1.5723788966712187,5,7,3
44,1.5327076144467449,5,6,3
45,1.4914066496163683,5,8,3
46,1.4063061062061561,5,7,4
47,1.3227916134525328,5,7,4
48,1.3227916134525328,5,7,4
49,1.3220116437507743,5,7,2
