,mq,No. Clus,Max clus,Min clus
0,1.412121212121212,5,4,2
1,1.3383116883116881,6,3,2
2,1.3383116883116881,6,3,2
3,1.3383116883116881,6,3,2
4,1.3383116883116881,6,3,2
5,1.3383116883116881,6,3,2
6,1.3383116883116881,6,3,2
7,1.3287878787878786,5,4,2
8,1.3287878787878786,5,4,2
9,1.3246753246753247,4,5,2
10,1.3246753246753247,4,5,2
11,1.250865800865801,5,5,2
12,1.250865800865801,5,5,2
13,1.2173444976076555,5,4,2
14,1.2164786967418546,4,4,2
15,1.1547619047619047,4,5,2
16,1.127616501145913,6,3,2
17,1.142929292929293,3,9,2
18,1.1393280632411067,4,6,2
19,1.127616501145913,6,3,2
20,1.127616501145913,6,3,2
21,1.126750700280112,5,4,2
22,1.1255411255411256,3,5,3
23,1.0595238095238095,3,8,2
24,1.0090111642743222,6,3,2
25,0.8274853801169589,6,4,1
26,0.8274853801169589,6,4,1
27,0.8274853801169589,6,4,1
