,mq,No. Clus,Max clus,Min clus
0,1.4272727272727272,4,5,2
1,1.3398268398268398,3,5,3
2,1.3240981240981242,5,3,2
3,1.2715728715728714,5,3,2
4,1.271969696969697,5,4,2
5,1.2715728715728714,5,3,2
6,1.2715728715728714,5,3,2
7,1.2525252525252526,4,5,2
8,1.2354312354312356,4,6,2
9,1.2354312354312356,4,6,2
10,1.225252525252525,5,4,2
11,1.2064935064935065,4,5,2
12,1.1829059829059827,4,6,2
13,1.1744768641320364,3,6,2
14,1.1378066378066376,4,5,2
15,1.0953823953823953,6,3,2
16,1.0968253968253967,5,3,2
17,1.0829365079365079,5,4,2
18,1.0829365079365079,5,4,2
19,1.0505050505050504,5,4,2
20,1.0412528647822765,3,7,2
21,1.0404040404040402,3,7,2
22,1.0338935574229693,3,6,3
23,1.007936507936508,5,5,2
24,0.9603174603174602,5,3,2
25,0.9217296113847838,5,5,1
26,0.9033189033189033,4,4,2
27,0.9016647309330237,3,7,2
