,mq,No. Clus,Max clus,Min clus
0,1.8748582094234267,6,7,2
1,1.8514922168545356,5,9,2
2,1.8398944251224207,9,5,1
3,1.7919429362907624,8,6,1
4,1.7363789981311752,9,4,1
5,1.7282003363630292,10,4,1
6,1.7282003363630292,10,4,1
7,1.6494376430042035,6,7,1
8,1.6466682452657206,9,4,1
9,1.55059060886815,9,5,1
10,1.5456547160662844,8,6,1
11,1.5377836515985184,8,4,1
12,1.4553488114613433,10,4,1
13,1.4553488114613433,10,4,1
14,1.4553488114613433,10,4,1
15,1.4441795885274145,8,8,1
16,1.4381860693030109,10,4,1
17,1.4381374824853084,10,5,1
18,1.4306531064611234,9,5,2
19,1.394867003029696,11,3,1
20,1.394867003029696,10,4,1
21,1.3848335582136424,10,4,1
22,1.350921161637046,10,5,1
23,1.2935331335331335,5,9,2
24,1.2894213033343467,9,5,1
25,1.2887426900584795,4,18,2
26,1.2820651529453226,8,5,1
27,1.259425632805717,10,5,1
28,1.2588108689803605,6,10,1
29,1.2463768115942029,4,18,2
30,1.2402658544008354,6,8,2
31,1.2333573660177841,4,12,2
32,1.2333573660177841,4,12,2
33,1.224482618830445,7,10,1
34,1.2213030861478065,8,8,1
35,1.2213030861478065,8,8,1
36,1.2154954954954955,4,16,2
37,1.2055082598560858,8,5,1
38,1.203458353240962,7,5,1
39,1.189549114331723,9,5,1
40,1.1680555555555556,9,4,1
41,1.1565022478171145,7,6,1
42,1.1408119658119658,9,5,1
43,1.1276443249269337,8,5,1
44,1.0414102564102565,4,18,1
45,1.0414102564102565,4,18,1
46,1.0133549783549785,5,9,1
47,0.9900497512437811,5,12,2
48,0.9687787035155456,5,16,1
49,0.9514483884128927,4,15,1
