,mq,No. Clus,Max clus,Min clus
0,1.8406816914969089,7,13,1
1,1.634065934065934,6,18,1
2,1.6027579487206816,11,4,1
3,1.5847352014756766,9,4,2
4,1.5534008896626443,12,3,1
5,1.5248602269579403,8,4,2
6,1.5248602269579403,8,4,2
7,1.4928128417190658,8,4,3
8,1.4936979130293082,8,4,2
9,1.4387620808258998,12,3,1
10,1.4381083407399196,9,4,2
11,1.4381083407399196,9,4,2
12,1.4319422346829485,10,4,1
13,1.3990570326126268,13,3,1
14,1.3912616094127033,11,4,1
15,1.387311549146292,11,4,2
16,1.344804398434574,12,3,1
17,1.3432928352232971,11,4,1
18,1.332968497957368,12,3,1
19,1.2961905144663763,13,3,1
20,1.3285604793756967,6,13,2
21,1.2931190997267583,10,4,2
22,1.2495217599234816,4,20,1
23,1.211445439990522,9,4,2
24,1.1986915988918276,11,4,1
25,1.197289314029789,8,7,2
26,1.187847180152672,11,3,1
27,1.1970488726475237,8,10,2
28,1.1446841994073078,10,4,2
29,1.1600381667855877,5,13,4
30,1.1356699845762086,8,6,1
31,1.123065841815842,6,8,3
32,1.0837045157690666,9,5,2
33,1.0493498529800287,12,3,2
34,1.0506083407399196,10,4,2
35,1.0459107388253366,11,3,2
36,1.0404468228026458,7,11,1
37,1.0400918641920072,9,5,2
38,1.0371074879227051,6,9,1
39,0.9855126646772625,11,3,2
40,1.0074544883866916,9,6,1
41,0.9456190997267583,11,4,2
42,0.980324584769978,8,10,1
43,0.9561327561327562,4,23,1
44,0.9482119669394232,5,21,1
45,0.9374428451358735,13,4,1
46,0.9479297069350153,7,13,2
47,0.9050377229523207,9,9,1
48,0.9465116279069767,5,16,1
49,0.9065722516707181,7,15,1
50,0.8498189057087628,9,4,2
51,0.8621844646683922,8,10,1
52,0.8716001094302919,4,18,3
53,0.838048245614035,5,17,1
54,0.8141114720351444,11,3,1
55,0.7836507630250631,10,5,1
56,0.7660165196466955,9,10,1
57,0.7541242474001094,14,3,1
