,mq,No. Clus,Max clus,Min clus
0,1.9354447582001761,5,13,2
1,1.7751470999017833,7,5,2
2,1.6342506758148665,6,11,2
3,1.5589099909752084,10,4,2
4,1.5498002169828795,7,7,2
5,1.5565946077240709,3,19,2
6,1.475994675259381,10,3,2
7,1.469860548807917,9,5,2
8,1.4632412622973263,8,7,2
9,1.4522802660951328,10,3,2
10,1.4455071244544928,10,5,2
11,1.446106371695458,7,5,2
12,1.4284707463118258,10,3,2
13,1.4138187276335943,9,4,2
14,1.404011510990916,9,3,2
15,1.401807522016251,9,4,2
16,1.3888628105495575,7,8,2
17,1.377668672790624,10,4,2
18,1.3671975367627542,8,4,2
19,1.3555683163100043,9,4,2
20,1.343736848728186,10,3,2
21,1.3158423701901962,9,4,2
22,1.2907940533079576,7,6,2
23,1.2721825900236694,9,4,2
24,1.2426611917153925,7,5,2
25,1.2120821842789806,9,4,2
26,1.2085703128444472,9,5,2
27,1.1637241985068072,11,3,2
28,1.1313031795790416,11,3,2
29,1.1304073614557486,9,5,2
30,1.1300638371290546,9,4,2
31,1.126984126984127,10,4,2
32,1.1238761238761237,10,4,2
33,1.1230114589402687,5,13,2
34,1.0959496442255063,10,3,2
35,1.0988803112459027,5,11,2
36,1.079154729896418,7,7,2
37,1.0793650793650793,3,20,2
38,1.0608736942070274,5,11,2
39,1.0389543700027573,8,4,2
40,0.9970575318401405,11,3,1
41,0.9974025974025974,8,9,2
42,0.9901041623009585,8,7,2
43,0.9602175602175602,5,17,1
44,0.9516733515389428,7,11,2
45,0.9404779281439624,4,15,1
46,0.9005476451259583,7,12,2
47,0.8718738100005103,6,12,2
48,0.8536969940955448,7,11,2
49,0.8455809074219773,4,16,2
