,mq,No. Clus,Max clus,Min clus
0,1.4324616922051967,3,12,5
1,1.4324616922051967,3,12,5
2,1.4324616922051967,3,12,5
3,1.4324616922051967,3,12,5
4,1.4324616922051967,3,12,5
5,1.4324616922051967,3,12,5
6,1.4324616922051967,3,12,5
7,1.4324616922051967,3,12,5
8,1.4324616922051967,3,12,5
9,1.4324616922051967,3,12,5
10,1.4324616922051967,3,12,5
11,1.4324616922051967,3,12,5
12,1.4324616922051967,3,12,5
13,1.4324616922051967,3,12,5
14,1.4324616922051967,3,12,5
15,1.4324616922051967,3,12,5
16,1.4324616922051967,3,12,5
17,1.4324616922051967,3,12,5
18,1.4324616922051967,3,12,5
19,1.4324616922051967,3,12,5
20,1.4324616922051967,3,12,5
21,1.4324616922051967,3,12,5
22,1.4324616922051967,3,12,5
23,1.4324616922051967,3,12,5
24,1.4324616922051967,3,12,5
25,1.4324616922051967,3,12,5
26,1.4324616922051967,3,12,5
27,1.4324616922051967,3,12,5
28,1.4324616922051967,3,12,5
29,1.4324616922051967,3,12,5
30,1.4324616922051967,3,12,5
31,1.4324616922051967,3,12,5
32,1.4324616922051967,3,12,5
33,1.4324616922051967,3,12,5
34,1.4324616922051967,3,12,5
35,1.4324616922051967,3,12,5
36,1.4086272731108394,3,13,5
37,1.4086272731108394,3,13,5
38,1.4086272731108394,3,13,5
39,1.4086272731108394,3,13,5
40,1.4086272731108394,3,13,5
41,1.394743886247805,3,14,5
42,1.3908730158730158,3,13,5
43,1.3908730158730158,3,13,5
44,1.3908730158730158,3,13,5
45,1.3908730158730158,3,13,5
46,1.3398282729928301,3,12,6
47,1.3398282729928301,3,12,6
48,1.3398282729928301,3,12,6
49,1.3398282729928301,3,12,6
50,1.3398282729928301,3,12,6
51,1.3115435285739718,3,12,6
52,1.3115435285739718,3,12,6
53,1.3115435285739718,3,12,6
54,1.304126984126984,3,13,6
55,1.3014466546112113,3,12,7
56,1.201375757766121,3,13,4
57,1.1600573339703772,3,13,4
58,1.1600573339703772,3,13,4
59,1.1600573339703772,3,13,4
