,mq,No. Clus,Max clus,Min clus
0,2.0135773440331777,8,9,2
1,2.0135773440331777,8,9,2
2,2.0065804761667447,8,9,2
3,1.8894127659212314,6,11,3
4,1.848568232104324,7,7,3
5,1.8163692040760837,11,5,1
6,1.8154131258385102,9,4,2
7,1.7822138028809413,8,9,2
8,1.7576882268058738,7,8,2
9,1.7296818859672807,7,7,2
10,1.7110095495544977,9,7,2
11,1.7015062974270778,7,14,1
12,1.6999783095331298,5,16,2
13,1.6541637726594134,9,5,2
14,1.6137885103402345,7,5,3
15,1.6106434527834124,9,7,2
16,1.5582391577320585,8,9,2
17,1.5529300948005187,8,6,2
18,1.5142043505112195,6,13,2
19,1.5117521367521365,10,5,2
20,1.5062708332196841,7,8,2
21,1.4923121422482035,8,6,2
22,1.4832838940200903,7,12,2
23,1.4697733638910109,8,8,1
24,1.461181434599156,8,7,1
25,1.455605510478206,10,5,1
26,1.4582729643581571,8,8,1
27,1.4388292145473076,8,6,2
28,1.4263615142889097,8,7,1
29,1.4147444384700758,8,7,2
30,1.4136662713541728,8,6,2
31,1.4029017882672026,9,5,2
32,1.4015193956370426,7,8,1
33,1.39695350895937,4,14,2
34,1.3941771642991156,6,15,2
35,1.3822212957391287,7,8,2
36,1.3606237816764133,6,16,1
37,1.358861194081093,7,11,1
38,1.3525277234181345,5,13,1
39,1.3512889366272824,3,18,5
40,1.32862407967338,8,6,2
41,1.3142730832386005,9,7,2
42,1.2932662350541257,7,7,1
43,1.2923279994442258,7,14,1
44,1.2482234451696754,8,5,2
45,1.2331088266572139,8,14,1
46,1.2256927686757075,4,11,6
47,1.2194097703806441,6,7,1
48,1.2025035903890529,5,16,2
49,1.1609741920483607,7,8,2
50,1.152327806122449,4,21,2
51,1.1210082016370049,8,7,2
52,1.114229357693121,8,5,3
53,1.112710283543617,8,5,2
54,1.1055217408600868,4,16,1
55,1.100612395734347,5,15,1
56,1.0909792684761772,4,18,1
57,1.0736892249062635,9,6,2
58,1.0654904306220097,4,15,2
59,1.061323763955343,8,6,2
