,mq,No. Clus,Max clus,Min clus
0,2.1563055302185736,7,4,2
1,2.1563055302185736,7,4,2
2,2.1563055302185736,7,4,2
3,1.73606267276344,6,4,3
4,1.4845003968603934,6,5,1
5,1.4429373829831496,6,4,3
6,1.4259424785740575,7,4,1
7,1.4185017880670054,6,5,2
8,1.3955555555555557,6,7,1
9,1.3845177045177044,5,5,3
10,1.375134669252316,6,5,2
11,1.357324723957584,8,4,1
12,1.3576923076923078,6,7,1
13,1.347723704866562,3,10,2
14,1.2860118209963411,7,5,1
15,1.2835497835497836,6,4,2
16,1.2752003635462281,6,9,2
17,1.2694805194805194,5,5,3
18,1.23983268983269,5,7,2
19,1.2341491841491843,4,8,2
20,1.2267141090670504,6,7,1
21,1.222027972027972,4,15,1
22,1.1967032967032967,7,5,1
23,1.1719531147969175,6,5,2
24,1.1699381078691424,6,5,1
25,1.1542028985507244,7,4,2
26,1.145177411294353,5,5,2
27,1.1365367474272747,4,9,1
28,1.1245358090185675,4,11,1
29,1.0819620958751393,7,5,1
30,1.0489647542279121,5,7,2
31,0.9978438228438229,9,3,1
32,0.9928221288515406,6,6,1
33,0.9899603174603174,6,5,2
34,0.9312935572526366,6,5,2
35,0.930161943319838,6,10,2
36,0.8860934387250177,8,4,2
37,0.8533026113671275,8,4,1
38,0.798655462184874,6,5,1
39,0.7889757301522009,10,3,1
40,0.7896825396825397,6,11,1
41,0.7884091567661548,7,5,1
