,mq,No. Clus,Max clus,Min clus
0,2.008292670818026,7,9,2
1,1.880517043245238,9,4,2
2,1.8550304123238246,9,4,2
3,1.8147108959874778,8,4,2
4,1.8114549650456233,9,3,2
5,1.7803083338989922,9,4,2
6,1.7402414691461345,9,3,2
7,1.7327745239509946,8,4,2
8,1.7289919656927328,9,4,2
9,1.7245463101707181,10,3,2
10,1.7201353503845047,11,3,2
11,1.6763525802572457,10,3,2
12,1.6726585647941148,10,3,2
13,1.674695163755422,7,8,2
14,1.6584913192330073,10,4,2
15,1.6584913192330073,10,4,2
16,1.6529823514522342,10,3,2
17,1.6065869632877305,11,3,2
18,1.609192550369021,9,5,2
19,1.601629046336646,10,3,2
20,1.5859624592041472,9,4,2
21,1.5757970367669196,8,5,2
22,1.5616757544249087,9,5,2
23,1.5325954558371437,9,5,2
24,1.516809390051078,9,4,2
25,1.4860691879873467,11,3,2
26,1.4786602957100334,9,4,2
27,1.4784657722738217,9,4,2
28,1.4665121619787076,11,3,2
29,1.4543523905288611,9,4,2
30,1.4380921900103487,9,4,2
31,1.4049581856998739,9,5,2
32,1.394360343595285,10,3,2
33,1.3194855356620063,7,7,2
34,1.2992287320902358,5,10,2
35,1.2751772751108614,9,6,2
36,1.252304068480539,5,14,2
37,1.250867874143736,9,4,2
38,1.2384356345090124,7,10,1
39,1.235579862873275,10,4,2
40,1.23569463217486,6,9,2
41,1.2262109861359773,10,4,2
42,1.1919313766562343,9,4,1
43,1.1826933304967557,4,10,2
44,1.1807375914792795,6,11,2
45,1.1678873698055283,11,3,1
46,1.087253169758806,9,6,2
47,1.0837606837606837,3,16,4
48,1.0519127930892638,4,16,2
49,0.9932912457912457,7,9,2
