,mq,No. Clus,Max clus,Min clus
0,2.1334629433250853,8,9,2
1,2.092385971516406,10,5,2
2,2.0588884345705933,11,3,2
3,1.822690289623928,8,7,2
4,1.7696723693291199,8,7,2
5,1.7623239798540444,11,4,2
6,1.7623239798540444,11,4,2
7,1.757913921826965,12,2,2
8,1.757913921826965,12,2,2
9,1.757913921826965,12,2,2
10,1.757913921826965,12,2,2
11,1.757913921826965,12,2,2
12,1.757913921826965,12,2,2
13,1.757913921826965,12,2,2
14,1.757913921826965,12,2,2
15,1.757913921826965,12,2,2
16,1.757913921826965,12,2,2
17,1.757913921826965,12,2,2
18,1.757913921826965,12,2,2
19,1.757913921826965,12,2,2
20,1.757913921826965,12,2,2
21,1.757913921826965,12,2,2
22,1.757913921826965,12,2,2
23,1.757913921826965,12,2,2
24,1.757913921826965,11,4,2
25,1.737459863142022,10,5,2
26,1.7194523833654265,11,4,2
27,1.7194523833654265,11,4,2
28,1.7194523833654265,11,4,2
29,1.7194523833654265,11,4,2
30,1.716559017883588,11,4,2
31,1.695413921826965,11,4,2
32,1.6815044858523118,11,3,2
33,1.6740008783487044,11,4,2
34,1.565255034820252,10,3,2
35,1.565255034820252,10,3,2
36,1.557913921826965,10,6,2
37,1.557913921826965,10,6,2
38,1.557913921826965,10,6,2
39,1.547229776360211,9,7,2
40,1.4965387954366718,9,8,2
41,1.4965387954366718,9,8,2
42,1.4120267385687,6,12,2
43,1.355482894815554,8,8,2
44,1.347905177204908,6,14,2
45,1.347905177204908,6,14,2
46,1.347905177204908,6,14,2
47,1.3372999243350212,7,11,2
48,1.2413901400251248,5,15,2
49,1.1341694537346712,4,10,2
