,mq,No. Clus,Max clus,Min clus
0,1.362936507936508,4,5,2
1,1.3576839826839828,4,4,3
2,1.3576839826839828,4,4,3
3,1.3576839826839828,4,4,3
4,1.362936507936508,4,5,2
5,1.362936507936508,4,5,2
6,1.2326839826839828,4,4,3
7,1.2326839826839828,4,4,3
8,1.2028260869565217,3,5,3
9,1.2028260869565217,3,5,3
10,1.1464285714285714,4,4,3
11,1.1464285714285714,4,4,3
12,1.1464285714285714,4,4,3
13,1.1464285714285714,4,4,3
14,1.1464285714285714,4,4,3
15,1.0829365079365079,5,3,2
16,1.0714285714285714,3,6,3
17,1.0279106858054228,4,4,2
18,1.0063025210084033,3,5,3
19,0.9982517482517483,3,6,3
20,0.9321428571428572,3,7,3
21,0.9321428571428572,3,7,3
22,0.9321428571428572,3,7,3
23,0.9321428571428572,3,7,3
24,0.9321428571428572,3,7,3
25,0.8607142857142857,4,4,3
