,mq,No. Clus,Max clus,Min clus
0,2.1182245798950605,7,7,2
1,2.1182245798950605,7,7,2
2,2.1182245798950605,7,7,2
3,2.059384164222874,7,7,2
4,2.059384164222874,7,7,2
5,2.059384164222874,7,7,2
6,2.059384164222874,7,7,2
7,2.059384164222874,7,7,2
8,1.9884654501359307,7,7,2
9,1.9863950059602233,7,7,2
10,1.9863950059602233,7,7,2
11,1.9212548829253633,7,7,2
12,1.9198414394066567,7,8,2
13,1.9198414394066567,7,8,2
14,1.8624144672531768,7,7,2
15,1.8566358762010935,7,7,2
16,1.847414065108642,7,7,2
17,1.847414065108642,7,7,2
18,1.8448773448773448,7,8,2
19,1.8344763423710793,7,7,2
20,1.8344763423710793,7,7,2
21,1.829107848673066,7,8,2
22,1.829107848673066,7,8,2
23,1.792795883361921,7,7,2
24,1.7740373661426292,7,7,2
25,1.7534447034447034,7,8,2
26,1.7288407752938646,7,7,2
27,1.692207792207792,7,7,2
28,1.692207792207792,7,7,2
29,1.692207792207792,7,7,2
30,1.6700003596216781,7,7,2
31,1.6571973178516441,7,9,2
32,1.6417925788878611,7,9,2
33,1.622667562322735,7,7,2
34,1.622667562322735,7,7,2
35,1.6099567099567098,7,8,2
36,1.5788662131519273,7,8,2
37,1.5631313131313131,7,7,2
38,1.5568402611880872,7,7,2
39,1.5568402611880872,7,7,2
40,1.552137938123137,7,8,2
41,1.5386524822695036,7,9,2
42,1.5301476620180476,7,8,2
43,1.5071228840844337,7,8,2
44,1.5009971509971511,7,8,2
45,1.4412126315456564,7,6,2
46,1.4375701751696854,7,8,2
47,1.4083670099850616,7,7,2
48,1.4065347929303047,7,8,2
49,1.3774127321953409,7,6,2
