,mq,No. Clus,Max clus,Min clus
0,1.3948051948051947,5,3,2
1,1.3948051948051947,5,3,2
2,1.3948051948051947,5,3,2
3,1.3948051948051947,5,3,2
4,1.3948051948051947,5,3,2
5,1.3948051948051947,5,3,2
6,1.3948051948051947,5,3,2
7,1.3948051948051947,5,3,2
8,1.3948051948051947,5,3,2
9,1.242207792207792,5,3,2
10,1.2525252525252526,4,6,2
11,1.242207792207792,5,3,2
12,1.1974469974469975,5,4,2
13,1.212121212121212,3,8,2
14,1.1810207336523126,5,3,2
15,1.1810207336523126,5,3,2
16,1.1810207336523126,5,3,2
17,1.1810207336523126,5,3,2
18,1.1810207336523126,5,3,2
19,1.1248196248196247,5,3,2
20,1.09992784992785,4,6,2
21,1.0595238095238095,3,8,2
22,1.0595238095238095,3,8,2
23,0.943001443001443,5,3,2
24,0.943001443001443,5,3,2
25,0.943001443001443,5,3,2
