,mq,No. Clus,Max clus,Min clus
0,1.6202582728006456,3,13,2
1,1.6202582728006456,3,13,2
2,1.6202582728006456,3,13,2
3,1.6202582728006456,3,13,2
4,1.6202582728006456,3,13,2
5,1.6202582728006456,3,13,2
6,1.6202582728006456,3,13,2
7,1.6202582728006456,3,13,2
8,1.6202582728006456,3,13,2
9,1.6202582728006456,3,13,2
10,1.6202582728006456,3,13,2
11,1.6202582728006456,3,13,2
12,1.6202582728006456,3,13,2
13,1.6202582728006456,3,13,2
14,1.6202582728006456,3,13,2
15,1.6202582728006456,3,13,2
16,1.6202582728006456,3,13,2
17,1.6202582728006456,3,13,2
18,1.6202582728006456,3,13,2
19,1.6202582728006456,3,13,2
20,1.6202582728006456,3,13,2
21,1.6202582728006456,3,13,2
22,1.6202582728006456,3,13,2
23,1.6202582728006456,3,13,2
24,1.6202582728006456,3,13,2
25,1.6202582728006456,3,13,2
26,1.6202582728006456,3,13,2
27,1.6202582728006456,3,13,2
28,1.6202582728006456,3,13,2
29,1.6202582728006456,3,13,2
30,1.6202582728006456,3,13,2
31,1.6202582728006456,3,13,2
32,1.6202582728006456,3,13,2
33,1.6134146341463416,3,14,2
34,1.6134146341463416,3,14,2
35,1.6134146341463416,3,14,2
36,1.6134146341463416,3,14,2
37,1.6134146341463416,3,14,2
38,1.6134146341463416,3,14,2
39,1.6134146341463416,3,14,2
40,1.6134146341463416,3,14,2
41,1.6134146341463416,3,14,2
42,1.5991708126036484,3,15,2
43,1.5694117647058823,3,12,2
44,1.5694117647058823,3,12,2
45,1.5694117647058823,3,12,2
46,1.5694117647058823,3,12,2
47,1.5694117647058823,3,12,2
48,1.5694117647058823,3,12,2
49,1.5694117647058823,3,12,2
