,mq,No. Clus,Max clus,Min clus
0,2.241077441077441,6,5,2
1,2.2040404040404042,7,4,2
2,2.138978015448604,6,6,2
3,2.1024455077086657,7,3,2
4,2.1024455077086657,7,3,2
5,2.104040404040404,7,4,2
6,2.104040404040404,7,4,2
7,2.088045288045288,7,4,2
8,2.088045288045288,7,4,2
9,2.088045288045288,7,4,2
10,2.0586004977309322,6,5,2
11,2.028956228956229,6,5,1
12,2.025252525252525,6,5,2
13,2.025252525252525,6,5,2
14,2.0024455077086656,7,3,2
15,1.9864503917135496,7,3,2
16,1.9326599326599325,4,9,3
17,1.9326599326599325,4,9,3
18,1.9055683446987797,7,4,2
19,1.8921059332824037,6,5,2
20,1.867371388301621,5,8,3
21,1.8074960127591706,6,5,2
22,1.8127322000492732,6,7,1
23,1.7813589309241484,6,5,2
24,1.7944114708820593,6,6,1
25,1.7851203060505387,5,8,2
26,1.7790658969157955,5,6,2
27,1.715887621150779,7,3,2
28,1.715887621150779,7,3,2
29,1.715887621150779,7,3,2
30,1.715887621150779,7,3,2
31,1.6589672050030106,6,6,2
32,1.6363636363636362,4,11,3
33,1.601002506265664,6,5,2
34,1.5923758672042423,7,3,2
35,1.554112554112554,4,11,2
36,1.4802721088435373,4,8,3
37,1.4724957189353474,6,5,2
38,1.4105652801304975,8,3,2
39,1.456876456876457,5,10,2
