,mq,No. Clus,Max clus,Min clus
0,2.054173448035341,4,7,3
1,2.054173448035341,4,7,3
2,2.054173448035341,4,7,3
3,2.054173448035341,4,7,3
4,2.054173448035341,4,7,3
5,2.054173448035341,4,7,3
6,2.054173448035341,4,7,3
7,2.0106951871657754,4,8,3
8,2.0106951871657754,4,8,3
9,2.0106951871657754,4,8,3
10,2.0106951871657754,4,8,3
11,2.0106951871657754,4,8,3
12,2.0106951871657754,4,8,3
13,2.0106951871657754,4,8,3
14,1.953450106664881,4,6,3
15,1.9290636544472863,4,8,2
16,1.9290636544472863,4,8,2
17,1.8805804807798827,4,9,2
18,1.8707303211139528,4,8,2
19,1.8471198471198473,4,8,2
20,1.8316742081447965,4,7,2
21,1.8196463102738445,4,6,4
22,1.816884167267799,4,7,3
23,1.8011806873286949,4,10,2
24,1.7688536953242835,4,7,3
25,1.7688536953242835,4,7,3
26,1.7688536953242835,4,7,3
27,1.7688536953242835,4,7,3
28,1.7688536953242835,4,7,3
29,1.7688536953242835,4,7,3
30,1.754475703324808,4,6,4
31,1.7540328188012793,4,7,2
32,1.7450980392156863,4,6,3
33,1.7083054359955363,4,7,2
34,1.6778280542986423,4,7,2
35,1.6778280542986423,4,7,2
36,1.6406417112299465,4,6,2
37,1.632399472643375,4,7,3
38,1.632399472643375,4,7,3
39,1.581522699169758,4,7,2
40,1.567228865694339,4,7,3
41,1.4672288656943389,4,7,3
