,mq,No. Clus,Max clus,Min clus
0,1.983788608281509,6,5,3
1,1.983788608281509,6,5,3
2,1.983788608281509,6,5,3
3,1.983788608281509,6,5,3
4,1.983788608281509,6,5,3
5,1.983788608281509,6,5,3
6,1.983788608281509,6,5,3
7,1.983788608281509,6,5,3
8,1.983788608281509,6,5,3
9,1.983788608281509,6,5,3
10,1.983788608281509,6,5,3
11,1.983788608281509,6,5,3
12,1.983788608281509,6,5,3
13,1.983788608281509,6,5,3
14,1.983788608281509,6,5,3
15,1.983788608281509,6,5,3
16,1.983788608281509,6,5,3
17,1.983788608281509,6,5,3
18,1.983788608281509,6,5,3
19,1.983788608281509,6,5,3
20,1.983788608281509,6,5,3
21,1.983788608281509,6,5,3
22,1.983788608281509,6,5,3
23,1.983788608281509,6,5,3
24,1.983788608281509,6,5,3
25,1.983788608281509,6,5,3
26,1.983788608281509,6,5,3
27,1.983788608281509,6,5,3
28,1.983788608281509,6,5,3
29,1.983788608281509,6,5,3
30,1.965311986863711,6,6,3
31,1.943953443446344,6,6,3
32,1.9397827366528633,6,5,3
33,1.936992203665879,6,5,3
34,1.9340713591533463,6,5,3
35,1.9273899004098942,6,5,3
36,1.9273899004098942,6,5,3
37,1.9213061152350652,6,6,3
38,1.898633246402009,6,6,3
39,1.889276205319455,6,5,3
40,1.8292960420242368,6,5,3
41,1.8292960420242368,6,5,3
42,1.8272447599729547,6,6,3
43,1.8272447599729547,6,6,3
44,1.7776757556169323,6,5,2
45,1.7476309921962097,6,5,3
46,1.7135001401738155,6,5,3
47,1.7076576236911107,6,5,3
48,1.7076576236911107,6,5,3
49,1.693609133296302,6,6,3
