,mq,No. Clus,Max clus,Min clus
0,1.8064171122994654,5,5,3
1,1.7966269025092556,6,5,2
2,1.7464476699770817,5,5,3
3,1.7464476699770817,5,5,3
4,1.6249045072574484,5,5,3
5,1.6249045072574484,5,5,3
6,1.6249045072574484,5,5,3
7,1.5649350649350646,5,4,4
8,1.5649350649350646,5,4,4
9,1.5649350649350646,5,4,4
10,1.5649350649350646,5,4,4
11,1.5649350649350646,5,4,4
12,1.5649350649350646,5,4,4
13,1.5649350649350646,5,4,4
14,1.5649350649350646,5,4,4
15,1.5649350649350646,5,4,4
16,1.5649350649350646,5,4,4
17,1.5649350649350646,5,4,4
18,1.5649350649350646,5,4,4
19,1.5649350649350646,5,4,4
20,1.5649350649350646,5,4,4
21,1.5649350649350646,5,4,4
22,1.5649350649350646,5,4,4
23,1.5649350649350646,5,4,4
24,1.5649350649350646,5,4,4
25,1.5649350649350646,5,4,4
26,1.5649350649350646,5,4,4
27,1.5649350649350646,5,4,4
28,1.5649350649350646,5,4,4
29,1.5173160173160172,4,8,4
30,1.5173160173160172,4,8,4
31,1.5173160173160172,4,8,4
32,1.5114619393057422,4,8,3
33,1.4979053204859656,5,5,3
34,1.459571388363958,5,5,3
35,1.447026657552973,5,5,3
36,1.447026657552973,5,5,3
37,1.4142676767676767,5,5,3
38,1.2150012178784557,5,5,3
39,1.1639610389610389,3,12,4
40,1.1639610389610389,3,12,4
41,1.158106960950764,3,12,3
