,mq,No. Clus,Max clus,Min clus
0,1.744002720705507,6,5,1
1,1.409827015090173,8,3,2
2,1.396684395755603,6,4,2
3,1.3544891640866874,4,8,3
4,1.3544891640866874,4,8,3
5,1.3544891640866874,4,8,3
6,1.3084415584415585,5,6,2
7,1.2902097902097902,8,3,2
8,1.2833219412166779,8,4,2
9,1.2763209013209014,7,3,2
10,1.251201284096021,7,4,2
11,1.2526115189158666,5,8,2
12,1.2172211689239554,5,6,3
13,1.209941520467836,3,8,5
14,1.2000368052999633,8,3,2
15,1.151453809348546,9,4,2
16,1.1492424242424242,3,9,3
17,1.1213127515759094,8,4,1
18,1.1027667984189722,6,8,2
19,1.0874458874458874,4,7,2
20,1.068061568061568,7,4,2
21,1.060308972073678,6,5,2
22,1.0414332399626518,8,5,1
23,1.0265734265734265,5,8,2
24,1.0260210803689065,5,5,2
25,1.0105763517528223,8,3,2
26,1.009318167212904,7,4,2
27,1.0037328823626464,7,4,1
28,0.9977272727272727,9,3,1
29,0.9765519568151146,8,3,1
30,0.9271421389068447,5,6,3
31,0.9275362318840579,4,11,2
32,0.9239962651727357,8,3,2
33,0.9037267080745341,8,3,2
34,0.9221001221001222,3,14,3
35,0.9098307098307098,5,6,2
36,0.8991563991563991,8,3,2
37,0.8818549871181451,9,3,1
38,0.846395881006865,10,3,1
39,0.8263607737291947,4,11,3
40,0.8085106382978723,3,17,1
41,0.7887887887887888,4,10,2
