,mq,No. Clus,Max clus,Min clus
0,1.901533709030226,5,6,3
1,1.901533709030226,5,6,3
2,1.901533709030226,5,6,3
3,1.901533709030226,5,6,3
4,1.901533709030226,5,6,3
5,1.901533709030226,5,6,3
6,1.901533709030226,5,6,3
7,1.901533709030226,5,6,3
8,1.901533709030226,5,6,3
9,1.901533709030226,5,6,3
10,1.901533709030226,5,6,3
11,1.901533709030226,5,6,3
12,1.901533709030226,5,6,3
13,1.901533709030226,5,6,3
14,1.901533709030226,5,6,3
15,1.901533709030226,5,6,3
16,1.901533709030226,5,6,3
17,1.901533709030226,5,6,3
18,1.901533709030226,5,6,3
19,1.901533709030226,5,6,3
20,1.901533709030226,5,6,3
21,1.901533709030226,5,6,3
22,1.901533709030226,5,6,3
23,1.901533709030226,5,6,3
24,1.901533709030226,5,6,3
25,1.901533709030226,5,6,3
26,1.901533709030226,5,6,3
27,1.901533709030226,5,6,3
28,1.8976090092866247,5,6,3
29,1.8976090092866247,5,6,3
30,1.8571767870045763,5,7,3
31,1.8393541505408824,5,6,3
32,1.8393541505408824,5,6,3
33,1.8393541505408824,5,6,3
34,1.8393541505408824,5,6,3
35,1.8393541505408824,5,6,3
36,1.836609449981543,5,6,3
37,1.836609449981543,5,6,3
38,1.8077929753461668,5,6,3
39,1.8077929753461668,5,6,3
40,1.8081939171017245,5,7,3
41,1.7772729007451509,5,6,4
42,1.7222203635552582,5,7,3
43,1.7190180419994086,5,5,4
44,1.7190180419994086,5,5,4
45,1.7126102706544948,5,6,3
46,1.7126102706544948,5,6,3
47,1.711638610940529,5,6,3
48,1.696496725191399,5,7,3
49,1.6569794070760666,5,6,3
