,mq,No. Clus,Max clus,Min clus
0,1.4949494949494948,4,5,2
1,1.4949494949494948,4,5,2
2,1.4949494949494948,4,5,2
3,1.4421420083184788,5,3,2
4,1.4421420083184788,5,3,2
5,1.4108585858585858,5,3,2
6,1.4108585858585858,5,3,2
7,1.4108585858585858,5,3,2
8,1.4108585858585858,5,3,2
9,1.4103645147123407,5,3,2
10,1.4103645147123407,5,3,2
11,1.4103645147123407,5,3,2
12,1.4103645147123407,5,3,2
13,1.3124522536287242,5,3,2
14,1.3124522536287242,5,3,2
15,1.3124522536287242,5,3,2
16,1.2811688311688312,5,3,2
17,1.2811688311688312,5,3,2
18,1.2644300144300145,5,4,2
19,1.2644300144300145,4,4,2
20,1.156283422459893,4,5,2
21,1.0911725955204217,3,7,3
22,1.0340909090909092,4,5,2
23,0.9812834224598931,5,3,2
24,1.0055555555555555,3,8,2
25,0.9803030303030302,6,3,1
