,mq,No. Clus,Max clus,Min clus
0,1.3436363636363637,3,5,3
1,1.3436363636363637,3,5,3
2,1.2984189723320159,4,4,3
3,1.2784189723320158,4,5,1
4,1.2777777777777777,3,5,4
5,1.2777777777777777,3,5,4
6,1.2777777777777777,3,5,4
7,1.1723076923076923,3,5,4
8,1.1666666666666667,3,5,3
9,1.1666666666666667,3,5,3
10,1.1629877369007804,3,5,3
11,1.1629877369007804,3,5,3
12,1.1210084033613443,4,4,3
13,1.1210084033613443,4,4,3
14,1.1014492753623188,4,6,1
15,1.1014492753623188,4,6,1
16,1.0570048309178746,5,5,1
17,1.0279106858054226,3,7,2
18,0.9846153846153847,4,4,2
19,0.9404761904761905,4,5,2
20,0.9368770764119602,3,8,2
21,0.9368770764119602,3,8,2
22,0.9145299145299145,4,4,2
23,0.905623787976729,4,5,2
24,0.905623787976729,4,5,2
25,0.8999999999999999,4,5,2
26,0.8333333333333333,3,9,2
27,0.7692307692307693,4,5,2
