,mq,No. Clus,Max clus,Min clus
0,2.0166983521703044,5,6,3
1,2.0166983521703044,5,6,3
2,2.0166983521703044,5,6,3
3,2.0166983521703044,5,6,3
4,2.0166983521703044,5,6,3
5,2.0166983521703044,5,6,3
6,2.0166983521703044,5,6,3
7,2.0166983521703044,5,6,3
8,2.0166983521703044,5,6,3
9,2.0166983521703044,5,6,3
10,2.0166983521703044,5,6,3
11,2.0166983521703044,5,6,3
12,2.0166983521703044,5,6,3
13,2.0166983521703044,5,6,3
14,2.0166983521703044,5,6,3
15,2.0166983521703044,5,6,3
16,2.0166983521703044,5,6,3
17,2.0166983521703044,5,6,3
18,2.0166983521703044,5,6,3
19,2.0166983521703044,5,6,3
20,2.0166983521703044,5,6,3
21,2.0166983521703044,5,6,3
22,2.0166983521703044,5,6,3
23,2.0166983521703044,5,6,3
24,2.0166983521703044,5,6,3
25,2.0166983521703044,5,6,3
26,2.0166983521703044,5,6,3
27,2.0166983521703044,5,6,3
28,2.0166983521703044,5,6,3
29,2.0166983521703044,5,6,3
30,2.0166983521703044,5,6,3
31,2.002806853366967,5,7,3
32,2.002806853366967,5,7,3
33,2.002806853366967,5,7,3
34,2.002806853366967,5,7,3
35,1.9983202322319709,5,7,3
36,1.9737763093563616,5,6,3
37,1.9588663115250886,5,6,3
38,1.9462900005396362,5,7,3
39,1.9462900005396362,5,7,3
40,1.9462900005396362,5,7,3
41,1.9462900005396362,5,7,3
42,1.919523425421792,5,6,3
43,1.9180247043548444,5,6,3
44,1.8633720930232558,5,8,3
45,1.8283761965171261,5,7,3
46,1.8283761965171261,5,7,3
47,1.7683901210488981,5,6,2
48,1.7683901210488981,5,6,2
49,1.7558138100634457,5,7,2
