,mq,No. Clus,Max clus,Min clus
0,1.9709403050871297,8,8,2
1,1.9709403050871297,8,8,2
2,1.9709403050871297,8,8,2
3,1.862288393618317,8,8,2
4,1.7549960326413092,8,8,2
5,1.7549960326413092,8,8,2
6,1.7549960326413092,8,8,2
7,1.7280743318180483,8,8,2
8,1.7280743318180483,8,8,2
9,1.7280743318180483,8,8,2
10,1.7262783110609197,8,9,2
11,1.6925349586474905,8,8,2
12,1.6856548822021968,8,8,2
13,1.6856548822021968,8,8,2
14,1.6470088746462386,8,8,2
15,1.6261003298760734,8,9,2
16,1.5859796477359405,8,6,2
17,1.5594648627744019,8,8,2
18,1.551653541414041,8,8,2
19,1.5383515461520576,8,9,2
20,1.5383515461520576,8,9,2
21,1.530897576421873,8,8,2
22,1.516000666000666,8,7,2
23,1.482116775675365,8,8,2
24,1.482116775675365,8,8,2
25,1.481586286049021,8,7,2
26,1.478892690145887,8,10,2
27,1.478892690145887,8,10,2
28,1.47659068620167,8,8,2
29,1.4644290492116578,8,7,2
30,1.4548319047830527,8,9,2
31,1.4490022440314911,8,9,2
32,1.403321295748845,8,7,2
33,1.397253367750262,8,9,2
34,1.3837280949409094,8,7,2
35,1.3824110671936758,8,9,2
36,1.3824110671936758,8,9,2
37,1.3555405692705462,8,7,2
38,1.3514148704080053,8,9,2
39,1.3346417069243155,8,8,2
40,1.3258749803297203,8,6,2
41,1.320669150030072,8,9,2
42,1.2929157798723017,8,7,2
43,1.1955838666164753,8,8,2
44,1.1446695512982041,8,7,2
45,1.1318607764390896,8,9,2
46,1.1318607764390896,8,9,2
47,1.0919516484447835,8,9,2
48,0.9887747035573122,8,5,2
49,0.8377104377104376,8,7,2
