,mq,No. Clus,Max clus,Min clus
0,1.9790489473809694,5,7,3
1,1.9790489473809694,5,7,3
2,1.9790489473809694,5,7,3
3,1.9790489473809694,5,7,3
4,1.9790489473809694,5,7,3
5,1.9100634677773527,5,7,3
6,1.9042027617667217,5,7,3
7,1.9042027617667217,5,7,3
8,1.9042027617667217,5,7,3
9,1.9039729088116184,5,8,3
10,1.8835749040449605,5,7,3
11,1.8835749040449605,5,7,3
12,1.8835749040449605,5,7,3
13,1.8835749040449605,5,7,3
14,1.8835749040449605,5,7,3
15,1.8835749040449605,5,7,3
16,1.8741023682200153,5,7,3
17,1.8741023682200153,5,7,3
18,1.8741023682200153,5,7,3
19,1.8636992040217846,5,7,3
20,1.8636992040217846,5,7,3
21,1.8568935624905776,5,8,3
22,1.853093143415724,5,7,3
23,1.853093143415724,5,7,3
24,1.8507384772090654,5,8,3
25,1.8476190476190477,5,8,3
26,1.8251944409027159,5,7,3
27,1.8155788655788656,5,9,3
28,1.80597467649433,5,7,3
29,1.7935030728709394,5,7,3
30,1.7935828877005346,5,9,3
31,1.7935030728709394,5,7,3
32,1.7883505383505385,5,8,3
33,1.787012987012987,5,8,3
34,1.7837296506310591,5,8,3
35,1.7804396073410158,5,7,3
36,1.7799102958896773,5,8,3
37,1.7745106148331955,5,7,3
38,1.7717592592592593,5,6,3
39,1.7665036251358677,5,5,4
40,1.768270509977827,5,8,3
41,1.7544925326034768,5,7,4
42,1.7343181818181819,5,6,3
43,1.7199810290240567,5,7,3
44,1.7199810290240567,5,7,3
45,1.7199810290240567,5,7,3
46,1.7030742204655247,5,8,2
47,1.6652858936509551,5,7,3
48,1.610014016990761,5,6,2
49,1.5941286718996455,5,7,3
