,mq,No. Clus,Max clus,Min clus
0,2.2623901863032296,6,5,2
1,2.2623901863032296,6,5,2
2,1.7939176245210726,7,5,1
3,1.7608519269776877,5,6,1
4,1.745211075100697,6,6,2
5,1.7145338837289301,6,6,2
6,1.6333573833573833,5,5,2
7,1.6275576275576276,6,5,1
8,1.6181818181818182,7,4,2
9,1.6078042328042326,6,5,2
10,1.573088023088023,6,5,2
11,1.5624281124281125,6,5,2
12,1.5337159853288886,6,5,1
13,1.5277777777777777,5,6,2
14,1.5200148435442555,7,4,1
15,1.5115110573368287,5,7,2
16,1.4477596158630641,8,5,1
17,1.4354700854700855,6,5,2
18,1.434303149177291,5,8,2
19,1.423160173160173,8,4,1
20,1.418839558374442,4,8,3
21,1.3881667113374432,5,6,2
22,1.3877020724846811,6,5,2
23,1.3866666666666667,5,6,2
24,1.3777056277056279,8,4,2
25,1.3711313964094551,4,8,3
26,1.3687562437562437,7,4,1
27,1.3382016036655213,3,16,2
28,1.2976836888601595,8,4,1
29,1.2687620623104494,4,6,4
30,1.271048951048951,3,13,3
31,1.2271607702642187,3,13,2
32,1.1981915933528837,4,11,2
33,1.1306451612903228,3,11,4
34,1.1024725274725276,8,4,1
35,1.0825468648998062,4,8,3
36,1.0675324675324676,6,4,2
37,1.064935064935065,7,6,1
38,1.0413978494623655,7,5,1
39,1.0238345864661653,6,4,2
40,0.9950049950049951,3,15,2
41,0.9600840336134453,8,4,2
