,mq,No. Clus,Max clus,Min clus
0,1.6394749036675829,5,7,5
1,1.6394749036675829,5,7,5
2,1.6394749036675829,5,7,5
3,1.6394749036675829,5,7,5
4,1.6394749036675829,5,7,5
5,1.6394749036675829,5,7,5
6,1.6394749036675829,5,7,5
7,1.6394749036675829,5,7,5
8,1.6394749036675829,5,7,5
9,1.6394749036675829,5,7,5
10,1.6394749036675829,5,7,5
11,1.6394749036675829,5,7,5
12,1.6394749036675829,5,7,5
13,1.6394749036675829,5,7,5
14,1.604216850674696,5,7,5
15,1.604216850674696,5,7,5
16,1.604216850674696,5,7,5
17,1.604216850674696,5,7,5
18,1.604216850674696,5,7,5
19,1.604216850674696,5,7,5
20,1.604216850674696,5,7,5
21,1.604216850674696,5,7,5
22,1.604216850674696,5,7,5
23,1.604216850674696,5,7,5
24,1.604216850674696,5,7,5
25,1.604216850674696,5,7,5
26,1.604216850674696,5,7,5
27,1.585591429912094,5,7,5
28,1.585591429912094,5,7,5
29,1.585591429912094,5,7,5
30,1.585591429912094,5,7,5
31,1.585591429912094,5,7,5
32,1.5825806477090532,5,7,5
33,1.580468219580704,5,7,5
34,1.580468219580704,5,7,5
35,1.5795371226269754,5,7,5
36,1.5795371226269754,5,7,5
37,1.5795371226269754,5,7,5
38,1.5795371226269754,5,7,5
39,1.5795371226269754,5,7,5
40,1.5795371226269754,5,7,5
41,1.57471474405365,5,7,5
42,1.571791898577613,5,7,5
43,1.5615704852138959,5,7,5
44,1.5413710513089396,5,7,5
45,1.5249274785213722,5,7,5
46,1.5249274785213722,5,7,5
47,1.5249274785213722,5,7,5
48,1.5249274785213722,5,7,5
49,1.5249274785213722,5,7,5
50,1.5249274785213722,5,7,5
51,1.5249274785213722,5,7,5
52,1.5198135129033656,5,7,5
53,1.5198135129033656,5,7,5
54,1.4915867915867915,5,7,5
55,1.4884058133411022,5,7,5
56,1.479012345679012,5,7,5
57,1.4124672666603404,5,7,5
58,1.3952789910869368,5,7,5
59,1.373928685180188,5,7,5
