,mq,No. Clus,Max clus,Min clus
0,1.8283421297119926,4,21,2
1,1.7178673743559238,4,19,3
2,1.7178673743559238,4,19,3
3,1.7178673743559238,4,19,3
4,1.7178673743559238,4,19,3
5,1.7126142479895714,4,19,3
6,1.7126142479895714,4,19,3
7,1.7126142479895714,4,19,3
8,1.7126142479895714,4,19,3
9,1.7126142479895714,4,19,3
10,1.7126142479895714,4,19,3
11,1.7126142479895714,4,19,3
12,1.7126142479895714,4,19,3
13,1.7126142479895714,4,19,3
14,1.7126142479895714,4,19,3
15,1.7126142479895714,4,19,3
16,1.7126142479895714,4,19,3
17,1.7054071559354191,4,17,3
18,1.7003249443183162,4,20,3
19,1.6985824632883455,4,18,3
20,1.6985824632883455,4,18,3
21,1.6781076066790352,4,18,3
22,1.6781076066790352,4,18,3
23,1.6781076066790352,4,18,3
24,1.6781076066790352,4,18,3
25,1.6781076066790352,4,18,3
26,1.6781076066790352,4,18,3
27,1.6722011165442172,4,18,3
28,1.6722011165442172,4,18,3
29,1.654195751860772,4,19,3
30,1.654195751860772,4,19,3
31,1.6505722247101557,4,20,3
32,1.6449026963482116,4,18,3
33,1.6351996551166674,4,17,3
34,1.6351996551166674,4,17,3
35,1.6277403833157624,4,19,3
36,1.6227289334706214,4,18,3
37,1.6227289334706214,4,18,3
38,1.6138941672886982,4,17,3
39,1.6115512166811756,4,19,3
40,1.6115512166811756,4,19,3
41,1.6115512166811756,4,19,3
42,1.6115512166811756,4,19,3
43,1.6115512166811756,4,19,3
44,1.6115512166811756,4,19,3
45,1.5951945609429843,4,19,2
46,1.5951945609429843,4,19,2
47,1.5894875528742807,4,20,2
48,1.5451855112872062,4,19,2
49,1.5269841269841269,4,21,2
50,1.5035826242722794,4,18,2
51,1.4913027248973498,4,17,4
52,1.4913027248973498,4,17,4
53,1.42112795650328,4,19,2
54,1.4199020008650467,4,17,2
55,1.42112795650328,4,19,2
56,1.4090995122661423,4,18,3
57,1.372046528535078,4,19,2
58,1.3170104749052118,4,19,2
59,1.276808433296983,4,19,2
