,mq,No. Clus,Max clus,Min clus
0,1.632317562149158,3,13,2
1,1.632317562149158,3,13,2
2,1.632317562149158,3,13,2
3,1.632317562149158,3,13,2
4,1.632317562149158,3,13,2
5,1.632317562149158,3,13,2
6,1.632317562149158,3,13,2
7,1.632317562149158,3,13,2
8,1.632317562149158,3,13,2
9,1.632317562149158,3,13,2
10,1.632317562149158,3,13,2
11,1.632317562149158,3,13,2
12,1.632317562149158,3,13,2
13,1.632317562149158,3,13,2
14,1.632317562149158,3,13,2
15,1.614750656167979,3,14,2
16,1.614750656167979,3,14,2
17,1.614750656167979,3,14,2
18,1.614750656167979,3,14,2
19,1.614750656167979,3,14,2
20,1.614750656167979,3,14,2
21,1.614750656167979,3,14,2
22,1.614750656167979,3,14,2
23,1.614750656167979,3,14,2
24,1.614750656167979,3,14,2
25,1.614750656167979,3,14,2
26,1.6086274509803922,3,11,2
27,1.5706521739130435,3,15,2
28,1.5706521739130435,3,15,2
29,1.5684657671164417,3,13,2
30,1.5684657671164417,3,13,2
31,1.5684657671164417,3,13,2
32,1.5684657671164417,3,13,2
33,1.5684657671164417,3,13,2
34,1.5684657671164417,3,13,2
35,1.5684657671164417,3,13,2
36,1.5684657671164417,3,13,2
37,1.5684657671164417,3,13,2
38,1.5684657671164417,3,13,2
39,1.5684657671164417,3,13,2
40,1.5684657671164417,3,13,2
41,1.5658119658119658,3,14,2
42,1.5658119658119658,3,14,2
43,1.5658119658119658,3,14,2
44,1.5658119658119658,3,14,2
45,1.5658119658119658,3,14,2
46,1.5658119658119658,3,14,2
47,1.5600790513833993,3,12,2
48,1.5600790513833993,3,12,2
49,1.5224962886833389,3,15,2
