,mq,No. Clus,Max clus,Min clus
0,2.015669298022239,6,4,3
1,2.015669298022239,6,4,3
2,2.015669298022239,6,4,3
3,1.9966450216450216,6,4,3
4,1.899688057040998,6,4,2
5,1.8842451665981077,6,4,3
6,1.8780430353959765,7,4,2
7,1.8762753586282996,6,4,3
8,1.8762753586282996,6,4,3
9,1.8762753586282996,6,4,3
10,1.8572510822510822,6,4,3
11,1.8572510822510822,6,4,3
12,1.8572510822510822,6,4,3
13,1.8572510822510822,6,4,3
14,1.8428698752228163,6,4,3
15,1.8428698752228163,6,4,3
16,1.8428698752228163,6,4,3
17,1.7448512272041685,6,4,3
18,1.7141902215431628,6,4,3
19,1.7141902215431628,6,4,3
20,1.7141902215431628,6,4,3
21,1.7141902215431628,6,4,3
22,1.7034759358288771,6,4,3
23,1.7034759358288771,6,4,3
24,1.6819794584500465,5,7,3
25,1.679397311750253,5,7,3
26,1.640164247517189,6,5,3
27,1.6092118665648076,6,5,2
28,1.5806958089789829,5,8,3
29,1.5683621933621932,5,6,3
30,1.565685045948204,5,6,3
31,1.571108002564551,4,8,4
32,1.5216768525592057,7,4,1
33,1.5216768525592057,7,4,1
34,1.4762753586282997,6,4,2
35,1.4491032617193609,7,3,2
36,1.4326681721639707,4,10,3
37,1.4080213903743317,7,3,2
38,1.4231848277409942,3,12,4
39,1.4231848277409942,3,12,4
