,mq,No. Clus,Max clus,Min clus
0,2.2251866490996925,7,4,2
1,2.0056818181818183,6,6,2
2,1.991089466089466,9,4,2
3,1.9260270774976656,8,6,2
4,1.9260270774976656,8,6,2
5,1.9260270774976656,8,6,2
6,1.9260270774976656,8,6,2
7,1.9260270774976656,8,6,2
8,1.9260270774976656,8,6,2
9,1.8925557179393495,6,6,2
10,1.874747474747475,9,4,2
11,1.874747474747475,9,4,2
12,1.8355263157894735,8,3,2
13,1.8092712842712844,10,2,2
14,1.8092712842712844,10,2,2
15,1.8092712842712844,10,2,2
16,1.8092712842712844,10,2,2
17,1.8092712842712844,10,2,2
18,1.8092712842712844,10,2,2
19,1.8092712842712844,10,2,2
20,1.8092712842712844,10,2,2
21,1.8092712842712844,10,2,2
22,1.8092712842712844,10,2,2
23,1.8092712842712844,10,2,2
24,1.8092712842712844,10,2,2
25,1.8092712842712844,10,2,2
26,1.8086125227429575,9,4,2
27,1.754420450350683,7,8,2
28,1.7371127580429904,6,8,2
29,1.6916666666666667,6,8,2
30,1.6760642135642136,8,6,2
31,1.6484495037126614,8,3,2
32,1.6414141414141414,8,3,2
33,1.6275538187302891,7,5,2
34,1.6014705882352942,6,9,2
35,1.6014705882352942,6,9,2
36,1.5198400412796698,9,3,1
37,1.509189723320158,6,8,2
38,1.4716325660699061,6,9,2
39,1.4624517374517376,6,7,1
40,1.2685897435897435,4,14,2
41,1.2685897435897435,4,14,2
