,mq,No. Clus,Max clus,Min clus
0,2.235708534621578,5,5,2
1,2.092948717948718,5,5,2
2,2.044148380355277,5,6,2
3,2.044148380355277,5,6,2
4,2.0298220298220295,5,5,2
5,2.0201719576719577,5,6,2
6,2.0201719576719577,5,6,2
7,2.0201719576719577,5,6,2
8,2.0201719576719577,5,6,2
9,2.0201719576719577,5,6,2
10,2.0003956355155754,5,6,2
11,1.98489010989011,5,6,2
12,1.98489010989011,5,6,2
13,1.98489010989011,5,6,2
14,1.98489010989011,5,6,2
15,1.9796297040879085,5,6,2
16,1.977147852147852,5,5,2
17,1.977147852147852,5,5,2
18,1.9675438596491226,5,6,2
19,1.9418035030103997,5,6,2
20,1.9418035030103997,5,6,2
21,1.9418035030103997,5,6,2
22,1.9418035030103997,5,6,2
23,1.9200593395252836,5,6,2
24,1.9172932330827066,5,6,2
25,1.8770572520572522,5,7,2
26,1.8739478114478114,5,6,2
27,1.8517429938482568,5,6,2
28,1.8305555555555557,5,6,2
29,1.8198717948717948,5,5,2
30,1.8159429280397021,5,6,2
31,1.8154761904761905,5,6,2
32,1.8154761904761905,5,6,2
33,1.7781026444819548,5,7,2
34,1.7454968944099378,5,5,2
35,1.7454968944099378,5,5,2
36,1.7219030969030968,5,5,2
37,1.71475468975469,5,5,2
38,1.71475468975469,5,5,2
39,1.5964982386035018,5,6,2
40,1.5964982386035018,5,6,2
41,1.5549539170506912,5,6,2
