,mq,No. Clus,Max clus,Min clus
0,1.2729044834307992,3,6,3
1,1.2729044834307992,3,6,3
2,1.2729044834307992,3,6,3
3,1.2729044834307992,3,6,3
4,1.2729044834307992,3,6,3
5,1.2729044834307992,3,6,3
6,1.2729044834307992,3,6,3
7,1.2729044834307992,3,6,3
8,1.2729044834307992,3,6,3
9,1.2729044834307992,3,6,3
10,1.2729044834307992,3,6,3
11,1.2729044834307992,3,6,3
12,1.249929636926541,3,7,2
13,1.249929636926541,3,7,2
14,1.249929636926541,3,7,2
15,1.249929636926541,3,7,2
16,1.249929636926541,3,7,2
17,1.249929636926541,3,7,2
18,1.2390154129284565,3,6,3
19,1.2390154129284565,3,6,3
20,1.1827731092436975,3,7,3
21,1.1723646723646723,3,6,2
22,1.1210526315789473,3,5,4
23,1.1210526315789473,3,5,4
24,1.1210526315789473,3,5,4
25,1.1210526315789473,3,5,4
26,1.1210526315789473,3,5,4
27,0.9857142857142857,3,8,2
