,mq,No. Clus,Max clus,Min clus
0,1.9845383661173135,4,9,2
1,1.9845383661173135,4,9,2
2,1.9845383661173135,4,9,2
3,1.9340958605664489,4,7,2
4,1.888047138047138,4,8,2
5,1.888047138047138,4,8,2
6,1.8443356899886614,4,8,2
7,1.8443356899886614,4,8,2
8,1.8278721278721277,4,7,2
9,1.8278721278721277,4,7,2
10,1.8278721278721277,4,7,2
11,1.8278721278721277,4,7,2
12,1.8278721278721277,4,7,2
13,1.7927484787018257,4,6,2
14,1.7926767676767676,4,9,2
15,1.7404306220095693,4,9,2
16,1.7404306220095693,4,9,2
17,1.7404306220095693,4,9,2
18,1.7345785440613026,4,7,2
19,1.7345785440613026,4,7,2
20,1.7343434343434343,4,8,2
21,1.727272727272727,4,10,2
22,1.6922289225167821,4,8,2
23,1.6867273910214704,4,9,2
24,1.6867273910214704,4,9,2
25,1.6867273910214704,4,9,2
26,1.6774175824175823,4,8,2
27,1.6597051597051597,4,7,2
28,1.6597051597051597,4,7,2
29,1.6597051597051597,4,7,2
30,1.6597051597051597,4,7,2
31,1.6496212121212122,4,9,2
32,1.6496212121212122,4,9,2
33,1.6285353535353535,4,8,2
34,1.6172315363491834,4,7,2
35,1.5824717765894236,4,7,2
36,1.554708222811671,4,9,2
37,1.554708222811671,4,9,2
38,1.542822042822043,4,7,2
39,1.5381670960618328,4,11,2
40,1.5092506142506144,4,8,2
41,1.4631093544137022,4,9,2
