,mq,No. Clus,Max clus,Min clus
0,1.4968316707447142,4,4,2
1,1.4968316707447142,4,4,2
2,1.4968316707447142,4,4,2
3,1.4968316707447142,4,4,2
4,1.4024593763724198,5,4,2
5,1.3417876241405653,4,4,3
6,1.3417876241405653,4,4,3
7,1.3417876241405653,4,4,3
8,1.3417876241405653,4,4,3
9,1.2820048309178744,4,4,2
10,1.2747474747474747,5,3,2
11,1.2747474747474747,5,3,2
12,1.2820048309178744,4,4,2
13,1.2747474747474747,4,4,3
14,1.2820048309178744,4,4,2
15,1.243442381373416,3,6,2
16,1.1927191166321602,5,4,1
17,1.1927191166321602,5,4,1
18,1.1927191166321602,5,4,1
19,1.157839262187088,4,4,3
20,1.1269607843137255,4,4,3
21,1.1269607843137255,4,4,3
22,1.1269607843137255,4,4,3
23,1.1051587301587302,4,4,2
24,1.0506715506715505,5,3,2
25,1.096171802054155,3,8,2
