,mq,No. Clus,Max clus,Min clus
0,1.4006349206349205,4,5,2
1,1.4006349206349205,4,5,2
2,1.3953823953823954,4,4,2
3,1.295238095238095,4,4,3
4,1.3214285714285714,3,5,3
5,1.295238095238095,4,4,3
6,1.3214285714285714,3,5,3
7,1.295238095238095,4,4,3
8,1.295238095238095,4,4,3
9,1.295238095238095,4,4,3
10,1.292948717948718,4,4,3
11,1.292948717948718,4,4,3
12,1.2969696969696969,3,6,3
13,1.2969696969696969,3,6,3
14,1.292948717948718,4,4,3
15,1.2969696969696969,3,6,3
16,1.217857142857143,5,3,2
17,1.2446633825944171,3,5,4
18,1.2442002442002442,3,7,2
19,1.202222222222222,4,5,2
20,1.2442002442002442,3,7,2
21,1.17989417989418,4,4,2
22,1.0829365079365079,5,3,2
23,1.0663780663780664,4,5,2
24,1.0317460317460316,5,4,2
25,1.0347222222222223,4,5,2
