,mq,No. Clus,Max clus,Min clus
0,2.0052071558643854,4,7,3
1,2.0052071558643854,4,7,3
2,2.0052071558643854,4,7,3
3,2.0052071558643854,4,7,3
4,2.0052071558643854,4,7,3
5,2.0052071558643854,4,7,3
6,2.0052071558643854,4,7,3
7,2.0052071558643854,4,7,3
8,2.0052071558643854,4,7,3
9,2.0052071558643854,4,7,3
10,2.0052071558643854,4,7,3
11,2.0052071558643854,4,7,3
12,2.0052071558643854,4,7,3
13,2.0052071558643854,4,7,3
14,2.0052071558643854,4,7,3
15,2.0052071558643854,4,7,3
16,2.0052071558643854,4,7,3
17,2.0052071558643854,4,7,3
18,2.0052071558643854,4,7,3
19,2.0052071558643854,4,7,3
20,2.0052071558643854,4,7,3
21,2.0052071558643854,4,7,3
22,2.0052071558643854,4,7,3
23,2.0052071558643854,4,7,3
24,2.0052071558643854,4,7,3
25,2.0052071558643854,4,7,3
26,1.953450106664881,4,6,3
27,1.9421269095182139,4,7,2
28,1.9421269095182139,4,7,2
29,1.9069914834620718,4,7,3
30,1.9069914834620718,4,7,3
31,1.9069914834620718,4,7,3
32,1.9044838889232483,4,7,4
33,1.8812954831261468,4,7,3
34,1.8585105481657207,4,7,3
35,1.8585105481657207,4,7,3
36,1.8547444347717947,4,8,3
37,1.8130389913402434,4,6,4
38,1.7624417520969244,4,7,2
39,1.7546127798908384,4,8,3
40,1.7546127798908384,4,8,3
41,1.7546127798908384,4,8,3
