,mq,No. Clus,Max clus,Min clus
0,1.9963987703118136,5,5,3
1,1.9963987703118136,5,5,3
2,1.9963987703118136,5,5,3
3,1.9963987703118136,5,5,3
4,1.9963987703118136,5,5,3
5,1.9963987703118136,5,5,3
6,1.9963987703118136,5,5,3
7,1.9963987703118136,5,5,3
8,1.9963987703118136,5,5,3
9,1.9285625130018724,5,5,3
10,1.8840305892937472,5,5,3
11,1.8813258636788048,5,5,3
12,1.8536389536389537,5,5,3
13,1.8536389536389537,5,5,3
14,1.8333333333333333,4,6,4
15,1.8333333333333333,4,6,4
16,1.8087764167451879,5,5,3
17,1.7881827060326048,4,6,4
18,1.7602767602767604,5,5,2
19,1.7534391534391536,5,5,3
20,1.7540211678306572,4,8,3
21,1.70682261208577,5,5,3
22,1.6932659932659933,4,6,4
23,1.6932659932659933,4,6,4
24,1.6977687626774847,4,6,3
25,1.6932659932659933,4,6,4
26,1.6903381642512076,6,5,1
27,1.6939707149009475,4,8,4
28,1.6569297804591923,5,4,4
29,1.6569297804591923,5,4,4
30,1.6569297804591923,5,4,4
31,1.6272727272727274,4,5,5
32,1.618666068035501,6,4,2
33,1.5851351351351353,3,7,6
34,1.6095955290328692,4,9,3
35,1.5625981658813397,3,9,3
36,1.5625981658813397,3,9,3
37,1.5625981658813397,3,9,3
38,1.5211766790714158,4,8,3
39,1.4757221336168704,5,5,3
