,mq,No. Clus,Max clus,Min clus
0,1.4415584415584415,3,7,3
1,1.4415584415584415,3,7,3
2,1.3984189723320157,3,6,3
3,1.3984189723320157,3,6,3
4,1.3984189723320157,3,6,3
5,1.3643097643097644,4,4,3
6,1.3469696969696972,5,4,2
7,1.3469696969696972,4,5,2
8,1.3352838732149075,4,5,2
9,1.3131313131313131,3,8,2
10,1.2525252525252526,4,5,2
11,1.2446633825944171,3,5,3
12,1.243945243945244,4,6,1
13,1.2381422924901186,4,4,2
14,1.2399108138238573,3,6,3
15,1.2366522366522368,4,5,2
16,1.223671497584541,4,4,2
17,1.2103174603174602,4,6,2
18,1.2103174603174602,4,6,2
19,1.1735480943738656,3,5,4
20,1.1741830065359475,4,5,2
21,1.1620553359683794,4,4,2
22,1.1620553359683794,4,4,2
23,1.1624971827811583,4,5,2
24,1.1018518518518519,3,10,1
25,1.025,5,4,2
26,1.0023809523809524,5,5,1
27,0.9784878863826232,5,4,2
