,mq,No. Clus,Max clus,Min clus
0,2.125,7,4,2
1,2.125,7,4,2
2,2.0599376114081998,6,6,2
3,2.0599376114081998,6,6,2
4,2.0599376114081998,6,6,2
5,2.0234051036682614,7,3,2
6,2.0296345811051695,6,6,2
7,2.0234051036682614,7,3,2
8,2.0234051036682614,7,3,2
9,2.0234051036682614,7,3,2
10,2.0234051036682614,7,3,2
11,1.9805555555555556,7,4,2
12,1.9583333333333333,6,5,2
13,1.9425230566534915,7,4,2
14,1.93334560438141,6,6,2
15,1.93334560438141,6,6,2
16,1.93334560438141,6,6,2
17,1.916715920818088,6,6,2
18,1.8895667198298778,7,3,2
19,1.8484449760765551,7,4,2
20,1.7999601275917065,7,4,2
21,1.7579242077525832,7,4,2
22,1.7514752791068582,7,4,2
23,1.7340694393325973,7,3,2
24,1.7340694393325973,7,3,2
25,1.6666267942583732,7,4,2
26,1.6646388699020278,7,4,2
27,1.6553220997156926,7,4,2
28,1.654492600422833,3,9,3
29,1.6245187243470995,6,5,3
30,1.4621396147711936,7,4,2
31,1.458917924181082,7,4,2
32,1.3940648723257418,3,10,1
33,1.3645851224798593,8,3,2
34,1.3676264937706586,4,11,3
35,1.3454758107389686,8,3,2
36,1.3676264937706586,4,11,3
37,1.3473526343244653,3,13,3
38,1.35,4,14,1
39,1.3222222222222222,3,14,3
