,mq,No. Clus,Max clus,Min clus
0,2.0815036815036816,5,5,2
1,2.069010911116174,6,6,1
2,2.042444495076074,6,5,2
3,2.042444495076074,6,5,2
4,2.020815710470883,7,5,1
5,1.979503356091378,5,6,2
6,1.9681986798691602,6,6,1
7,1.9542508308388524,4,6,3
8,1.883399824576295,7,5,1
9,1.8766081871345028,5,7,2
10,1.8650183426302829,4,10,2
11,1.8368295218140418,6,5,2
12,1.7833735148300631,5,8,2
13,1.7757778284094072,5,6,2
14,1.7701754385964912,7,4,2
15,1.761294709642323,6,6,2
16,1.7464349376114081,7,4,2
17,1.7393787499050657,6,4,2
18,1.7242330034321136,6,6,1
19,1.7193486590038312,8,4,1
20,1.7132703553756183,6,6,2
21,1.7127591706539074,5,7,2
22,1.6962406015037592,5,6,2
23,1.66378767431399,5,9,2
24,1.6598434245493068,6,6,1
25,1.6418765747259394,6,6,1
26,1.6324725062805558,6,5,2
27,1.6228956228956228,3,9,5
28,1.6109446752925014,7,5,1
29,1.576803118908382,6,6,2
30,1.5670676691729324,7,6,1
31,1.540392734200784,8,4,1
32,1.5350877192982455,4,10,1
33,1.5072150072150072,7,4,2
34,1.5072150072150072,7,4,2
35,1.5042440318302388,7,6,1
36,1.4913565966197546,4,8,3
37,1.4501692244526558,7,5,2
38,1.4485366485366484,4,6,3
39,1.3898412698412699,6,5,2
40,1.3786581839213419,8,4,1
41,1.2395604395604396,8,4,1
