,mq,No. Clus,Max clus,Min clus
0,2.0741824129413424,8,7,2
1,2.0741824129413424,8,7,2
2,1.7937169650468885,8,6,2
3,1.7266611124028004,10,4,2
4,1.6752292109708988,11,3,2
5,1.6752292109708988,11,3,2
6,1.651503643564571,9,5,2
7,1.6462610828145632,6,10,2
8,1.6117705619645826,10,3,2
9,1.5637282339222547,9,4,2
10,1.5585625443042324,10,4,2
11,1.5424055129298095,10,6,2
12,1.5341404147096886,10,4,2
13,1.5244689746629954,10,3,2
14,1.4933670513913482,10,4,2
15,1.4926137067441414,9,4,2
16,1.4767829187010773,11,3,2
17,1.4512823245240123,7,6,2
18,1.4252292109708988,11,4,2
19,1.4252292109708988,11,4,2
20,1.4252292109708988,11,4,2
21,1.3867676725093605,10,4,2
22,1.3849050906467786,11,3,2
23,1.3693285898528864,12,2,2
24,1.3693285898528864,12,2,2
25,1.3764959997376878,6,11,2
26,1.3693285898528864,12,2,2
27,1.3693285898528864,12,2,2
28,1.3693285898528864,12,2,2
29,1.3620520825763793,10,4,2
30,1.3379276236693116,11,3,2
31,1.3379276236693116,11,3,2
32,1.3067085503449751,8,6,2
33,1.269236550566474,7,4,2
34,1.2529127593066212,6,12,2
35,1.2476686995868582,5,11,2
36,1.2397305042957216,8,7,2
37,1.2022141541323128,6,10,1
38,1.1905500012916892,5,10,2
39,1.1805576951229124,10,4,1
40,1.1541903261084847,12,3,1
41,1.1348015046916011,7,9,2
42,1.1157054014470893,10,6,2
43,1.1157054014470893,10,6,2
44,1.0896549558194077,7,9,2
45,1.0792524099940979,7,7,2
46,1.0722264947328886,7,8,2
47,1.0650449507866386,7,8,2
48,1.0376822145130116,7,13,1
49,1.0064898729295013,12,3,1
