,mq,No. Clus,Max clus,Min clus
0,1.9423823662559212,8,7,2
1,1.9423823662559212,8,7,2
2,1.9423823662559212,8,7,2
3,1.9423823662559212,8,7,2
4,1.9423823662559212,8,7,2
5,1.9423823662559212,8,7,2
6,1.9423823662559212,8,7,2
7,1.9423823662559212,8,7,2
8,1.9423823662559212,8,7,2
9,1.9423823662559212,8,7,2
10,1.9423823662559212,8,7,2
11,1.9423823662559212,8,7,2
12,1.9423823662559212,8,7,2
13,1.9423823662559212,8,7,2
14,1.9423823662559212,8,7,2
15,1.9423823662559212,8,7,2
16,1.9423823662559212,8,7,2
17,1.9423823662559212,8,7,2
18,1.918464598771504,8,8,2
19,1.918464598771504,8,8,2
20,1.8985299582486284,8,6,2
21,1.8985299582486284,8,6,2
22,1.8985299582486284,8,6,2
23,1.8639751412969718,8,7,2
24,1.8639751412969718,8,7,2
25,1.8639751412969718,8,7,2
26,1.8639751412969718,8,7,2
27,1.8639751412969718,8,7,2
28,1.819237028955699,8,6,2
29,1.819237028955699,8,6,2
30,1.7594561756326461,8,6,2
31,1.7594561756326461,8,6,2
32,1.7582286960433413,8,6,2
33,1.7362695135913444,8,7,2
34,1.680163246339717,8,6,2
35,1.6748338131239118,8,6,2
36,1.6748338131239118,8,6,2
37,1.62650673336117,8,6,2
38,1.5951761291716835,8,6,2
39,1.5951761291716835,8,6,2
40,1.5951761291716835,8,6,2
41,1.5735838779956426,8,8,2
42,1.5735838779956426,8,8,2
43,1.5357600305079298,8,6,2
44,1.491681668717376,8,5,2
45,1.4534725253407053,8,7,2
46,1.4534725253407053,8,7,2
47,1.4534725253407053,8,7,2
48,1.4534725253407053,8,7,2
49,1.3599796654228333,8,7,2
