,mq,No. Clus,Max clus,Min clus
0,1.9999259839777082,6,6,2
1,1.9999259839777082,6,6,2
2,1.9999259839777082,6,6,2
3,1.9999259839777082,6,6,2
4,1.9999259839777082,6,6,2
5,1.9999259839777082,6,6,2
6,1.9999259839777082,6,6,2
7,1.9999259839777082,6,6,2
8,1.9999259839777082,6,6,2
9,1.9999259839777082,6,6,2
10,1.9999259839777082,6,6,2
11,1.9999259839777082,6,6,2
12,1.9999259839777082,6,6,2
13,1.9999259839777082,6,6,2
14,1.9999259839777082,6,6,2
15,1.9999259839777082,6,6,2
16,1.9999259839777082,6,6,2
17,1.9999259839777082,6,6,2
18,1.9999259839777082,6,6,2
19,1.9999259839777082,6,6,2
20,1.9999259839777082,6,6,2
21,1.9999259839777082,6,6,2
22,1.9999259839777082,6,6,2
23,1.9999259839777082,6,6,2
24,1.9999259839777082,6,6,2
25,1.9666347381864624,6,6,2
26,1.9666347381864624,6,6,2
27,1.9666347381864624,6,6,2
28,1.9666347381864624,6,6,2
29,1.9657916157916158,6,7,2
30,1.9513329103846346,6,7,2
31,1.9513329103846346,6,7,2
32,1.9420844657579885,6,6,2
33,1.9420844657579885,6,6,2
34,1.9420844657579885,6,6,2
35,1.9420844657579885,6,6,2
36,1.940472405641151,6,6,2
37,1.9396292832463045,6,7,2
38,1.87871512961468,6,5,2
39,1.87871512961468,6,5,2
40,1.87871512961468,6,5,2
41,1.878090821707843,6,6,2
42,1.878090821707843,6,6,2
43,1.8349540068221866,6,7,2
44,1.5728923853923853,6,7,2
45,1.541069295101553,6,6,2
46,1.5396011396011395,6,7,2
47,1.5073175214795986,6,5,2
48,1.4785666198337433,6,6,2
49,1.480860805860806,5,8,2
