,mq,No. Clus,Max clus,Min clus
0,2.1304122304122304,6,5,2
1,2.1190324295587453,6,4,3
2,2.1190324295587453,6,4,3
3,2.1304122304122304,6,5,2
4,2.1190324295587453,6,4,3
5,2.1190324295587453,6,4,3
6,2.1190324295587453,6,4,3
7,1.979638490164806,6,4,3
8,1.934577922077922,6,4,3
9,1.9523657628920787,5,6,3
10,1.9196172248803824,7,4,2
11,1.901875901875902,5,6,3
12,1.8595182595182593,6,4,3
13,1.8595182595182593,6,4,3
14,1.8831016936280092,5,7,3
15,1.8100030048771467,6,4,2
16,1.8100030048771467,6,4,2
17,1.8100030048771467,6,4,2
18,1.770873570873571,6,4,3
19,1.770873570873571,6,4,3
20,1.770873570873571,6,4,3
21,1.770873570873571,6,4,3
22,1.7461262875055978,6,5,2
23,1.756144661407819,6,7,2
24,1.730953639383872,4,8,3
25,1.6968475968475971,6,5,3
26,1.6968475968475971,6,5,3
27,1.696045696045696,5,7,3
28,1.6624667729930889,7,3,2
29,1.701573565544154,4,7,3
30,1.6624667729930889,7,3,2
31,1.696045696045696,5,7,3
32,1.6754031875983095,5,7,3
33,1.674086401775189,3,10,3
34,1.6137085137085139,6,5,2
35,1.5502310554942134,7,3,2
36,1.5553183658446814,6,4,2
37,1.5532613585245163,7,5,2
38,1.434991520633126,3,10,5
39,1.4063714063714063,4,11,3
