,mq,No. Clus,Max clus,Min clus
0,1.3145135566188197,3,7,3
1,1.3145135566188197,3,7,3
2,1.3145135566188197,3,7,3
3,1.3145135566188197,3,7,3
4,1.3145135566188197,3,7,3
5,1.3145135566188197,3,7,3
6,1.3145135566188197,3,7,3
7,1.3145135566188197,3,7,3
8,1.3145135566188197,3,7,3
9,1.3145135566188197,3,7,3
10,1.3145135566188197,3,7,3
11,1.3145135566188197,3,7,3
12,1.3145135566188197,3,7,3
13,1.3145135566188197,3,7,3
14,1.3145135566188197,3,7,3
15,1.3078224101479914,3,8,2
16,1.2100415923945338,3,6,3
17,1.2100415923945338,3,6,3
18,1.2100415923945338,3,6,3
19,1.1417268661850706,3,7,2
20,1.1417268661850706,3,7,2
21,1.1330749354005167,3,8,2
22,1.0873015873015874,3,6,2
23,1.0592105263157894,3,7,2
24,1.0592105263157894,3,7,2
25,1.0592105263157894,3,7,2
26,1.0592105263157894,3,7,2
27,1.0592105263157894,3,7,2
