,mq,No. Clus,Max clus,Min clus
0,1.4121212121212123,5,4,2
1,1.4121212121212123,5,4,2
2,1.3383116883116883,6,3,2
3,1.3383116883116883,6,3,2
4,1.3383116883116883,6,3,2
5,1.3383116883116883,6,3,2
6,1.3383116883116883,6,3,2
7,1.3383116883116883,6,3,2
8,1.3383116883116883,6,3,2
9,1.3383116883116883,6,3,2
10,1.3336363636363637,5,4,2
11,1.324675324675325,4,5,2
12,1.2694444444444444,5,4,2
13,1.250865800865801,5,5,2
14,1.250865800865801,5,5,2
15,1.232905982905983,4,6,2
16,1.232905982905983,4,6,2
17,1.232608695652174,3,9,2
18,1.217857142857143,4,7,2
19,1.217857142857143,4,7,2
20,1.1635642135642135,6,3,2
21,1.1564935064935065,5,5,2
22,1.1564935064935065,5,5,2
23,1.150937950937951,4,5,2
24,1.1377192982456141,4,5,2
25,1.0722222222222222,6,3,2
26,1.0722222222222222,6,3,2
27,1.0307692307692307,3,8,2
