,mq,No. Clus,Max clus,Min clus
0,1.375,3,6,3
1,1.375,3,6,3
2,1.375,3,6,3
3,1.375,3,6,3
4,1.375,3,6,3
5,1.3527777777777779,3,6,3
6,1.3527777777777779,3,6,3
7,1.3527777777777779,3,6,3
8,1.3527777777777779,3,6,3
9,1.3332309582309583,3,7,3
10,1.2592105263157893,3,7,2
11,1.2592105263157893,3,7,2
12,1.2416666666666667,3,5,3
13,1.2416666666666667,3,5,3
14,1.2333333333333332,3,6,2
15,1.1475357710651828,3,7,2
16,1.1475357710651828,3,7,2
17,1.1444444444444444,3,6,2
18,1.1444444444444444,3,6,2
19,1.1444444444444444,3,6,2
20,1.1444444444444444,3,6,2
21,1.1444444444444444,3,6,2
22,1.1157894736842104,3,6,3
23,0.9903846153846154,3,7,3
24,0.8666666666666667,3,8,2
25,0.8511627906976744,3,8,2
26,0.8511627906976744,3,8,2
27,0.8157894736842105,3,6,3
