,mq,No. Clus,Max clus,Min clus
0,1.982807615799943,7,5,2
1,1.7932651321398123,9,5,2
2,1.7639755811111308,10,3,2
3,1.7219380505825517,7,7,2
4,1.7132762804118302,9,6,2
5,1.5734993906349404,10,4,2
6,1.5674424960331543,11,3,2
7,1.5674424960331543,11,3,2
8,1.5515270389412266,10,3,2
9,1.4963924963924962,5,8,2
10,1.4880774166680748,10,4,2
11,1.4694570135746607,9,4,2
12,1.460102699233134,10,4,2
13,1.3812709030100336,9,5,2
14,1.3769663055569639,11,4,2
15,1.3769663055569639,11,4,2
16,1.3769663055569639,11,4,2
17,1.3769663055569639,11,4,2
18,1.3592277287929462,11,3,2
19,1.3493366536844797,10,4,2
20,1.34320007179073,10,6,2
21,1.3210656844389514,12,2,2
22,1.3210656844389514,12,2,2
23,1.3210656844389514,12,2,2
24,1.3209778495685078,11,4,2
25,1.3112672986814862,10,5,2
26,1.2628028404344194,10,3,2
27,1.2645193240483832,9,5,2
28,1.2507940975433236,9,4,2
29,1.1840991367307154,9,4,2
30,1.176833754141874,9,4,2
31,1.1418331826301467,9,4,2
32,1.1406976800061508,8,7,2
33,1.1098972922502335,6,7,2
34,1.0752961391110059,10,3,2
35,1.067114427154995,11,3,2
36,1.0661198704676966,9,5,2
37,1.0466091626998208,10,6,2
38,1.0374122893304478,7,9,2
39,1.014336917562724,3,21,1
40,0.9654174006709308,8,6,2
41,0.97,3,22,1
42,0.9587513935340022,8,9,2
43,0.9394963680870263,9,8,2
44,0.9394963680870263,9,8,2
45,0.9244134118275994,8,8,2
46,0.9051406926406926,6,6,2
47,0.8917501960657921,8,10,2
48,0.8443935926773455,9,9,1
49,0.8351254480286738,4,15,2
