,mq,No. Clus,Max clus,Min clus
0,1.8859979447076223,6,7,3
1,1.8859979447076223,6,7,3
2,1.8859979447076223,6,7,3
3,1.8859979447076223,6,7,3
4,1.8859979447076223,6,7,3
5,1.8859979447076223,6,7,3
6,1.8859979447076223,6,7,3
7,1.8859979447076223,6,7,3
8,1.8859979447076223,6,7,3
9,1.8859979447076223,6,7,3
10,1.8859979447076223,6,7,3
11,1.8859979447076223,6,7,3
12,1.8859979447076223,6,7,3
13,1.8859979447076223,6,7,3
14,1.8859979447076223,6,7,3
15,1.8859979447076223,6,7,3
16,1.8859979447076223,6,7,3
17,1.8859979447076223,6,7,3
18,1.8859979447076223,6,7,3
19,1.8859979447076223,6,7,3
20,1.8859979447076223,6,7,3
21,1.7224159277978621,6,7,3
22,1.7224159277978621,6,7,3
23,1.7224159277978621,6,7,3
24,1.7224159277978621,6,7,3
25,1.7224159277978621,6,7,3
26,1.7224159277978621,6,7,3
27,1.7224159277978621,6,7,3
28,1.7224159277978621,6,7,3
29,1.7224159277978621,6,7,3
30,1.7224159277978621,6,7,3
31,1.6715307891451319,6,7,3
32,1.6715307891451319,6,7,3
33,1.6715307891451319,6,7,3
34,1.6715307891451319,6,7,3
35,1.6715307891451319,6,7,3
36,1.6715307891451319,6,7,3
37,1.6715307891451319,6,7,3
38,1.6715307891451319,6,7,3
39,1.6715307891451319,6,7,3
40,1.6715307891451319,6,7,3
41,1.6715307891451319,6,7,3
42,1.6715307891451319,6,7,3
43,1.6715307891451319,6,7,3
44,1.6715307891451319,6,7,3
45,1.6715307891451319,6,7,3
46,1.631956430666108,6,7,3
47,1.631956430666108,6,7,3
48,1.5703264154704735,6,7,3
49,1.541994166527168,6,9,2
50,1.541994166527168,6,9,2
51,1.541994166527168,6,9,2
52,1.541994166527168,6,9,2
53,1.505112529645531,6,9,3
54,1.505112529645531,6,9,3
55,1.505112529645531,6,9,3
56,1.505112529645531,6,9,3
57,1.505112529645531,6,9,3
58,1.4123917831257757,6,10,3
59,1.3748204325669113,6,7,3
