,mq,No. Clus,Max clus,Min clus
0,1.8705035843837634,7,5,2
1,1.7694934833736626,8,4,2
2,1.670687708609924,8,4,2
3,1.670687708609924,8,4,2
4,1.670687708609924,8,4,2
5,1.661083559963739,8,4,2
6,1.564102993230953,8,4,2
7,1.55992272949883,9,4,2
8,1.5335629028583186,9,4,2
9,1.4969544618371817,8,4,2
10,1.4841787980589771,7,5,2
11,1.4110275689223055,8,4,2
12,1.409974672311001,9,4,2
13,1.3876324049956588,9,4,2
14,1.3756457743857515,9,4,2
15,1.3699054726277957,8,3,3
16,1.340355751097439,7,5,2
17,1.3390235321181612,9,4,2
18,1.3261884280442076,8,4,2
19,1.3218171386320208,9,3,2
20,1.3092615354190449,9,3,2
21,1.2613600601000372,9,4,1
22,1.2556197583420814,7,6,3
23,1.2500966235148678,9,4,2
24,1.2556197583420814,7,6,3
25,1.225185751554338,9,3,2
26,1.2148476797303998,9,3,2
27,1.1993316624895574,7,4,3
28,1.1993316624895574,7,4,3
29,1.1993316624895574,7,4,3
30,1.180107181922064,9,3,2
31,1.1975385323211412,7,5,2
32,1.1838915470494418,8,4,2
33,1.1758679483787517,9,4,2
34,1.179591254559162,8,4,2
35,1.175845464725644,5,12,2
36,1.1563856591079822,8,4,1
37,1.144360902255639,9,3,2
38,1.175845464725644,5,12,2
39,1.1512873091820461,5,9,3
40,1.1131055824009983,7,7,2
41,1.1232388107021758,6,10,2
42,1.0846865284333458,9,4,1
43,1.1015685406313984,7,8,2
44,1.0928897624658631,8,7,2
45,0.9559882667299547,9,4,1
46,1.0170101360601418,4,15,2
47,0.9916717007727353,5,14,2
