,mq,No. Clus,Max clus,Min clus
0,2.20776240667545,6,4,3
1,2.20776240667545,6,4,3
2,2.20776240667545,6,4,3
3,2.20776240667545,6,4,3
4,2.20776240667545,6,4,3
5,2.20776240667545,6,4,3
6,2.20776240667545,6,4,3
7,2.20776240667545,6,4,3
8,2.20776240667545,6,4,3
9,2.20776240667545,6,4,3
10,2.044764001571782,6,4,3
11,2.044764001571782,6,4,3
12,2.044764001571782,6,4,3
13,2.044764001571782,6,4,3
14,2.044764001571782,6,4,3
15,2.027321534674476,6,4,3
16,2.0442898432028866,5,7,3
17,2.027321534674476,6,4,3
18,2.027321534674476,6,4,3
19,2.027321534674476,6,4,3
20,2.027321534674476,6,4,3
21,2.027321534674476,6,4,3
22,2.027321534674476,6,4,3
23,2.027321534674476,6,4,3
24,2.0137692716640085,6,4,3
25,1.9311147186147186,6,4,3
26,1.9311147186147186,6,4,3
27,1.9311147186147186,6,4,3
28,1.9066790192951184,6,5,3
29,1.9066790192951184,6,5,3
30,1.893827122110296,5,8,3
31,1.85077086656034,6,4,3
32,1.85077086656034,6,4,3
33,1.8095764482895995,5,6,3
34,1.7681163135110503,6,4,3
35,1.7458509580935209,6,4,3
36,1.7458509580935209,6,4,3
37,1.7288913984566157,6,4,3
38,1.7288913984566157,6,4,3
39,1.512121212121212,3,12,4
