,mq,No. Clus,Max clus,Min clus
0,1.7947832555904415,6,8,2
1,1.7947832555904415,6,8,2
2,1.6213519517708583,9,5,2
3,1.5707198308600998,10,4,2
4,1.5707198308600998,10,4,2
5,1.5353463907408968,10,4,2
6,1.5353463907408968,10,4,2
7,1.5257898912844738,9,4,2
8,1.5249395413972886,8,5,2
9,1.5190525949057545,7,7,2
10,1.4617944324977792,9,4,2
11,1.4427297278971525,10,4,2
12,1.3884173538434759,8,5,3
13,1.3748012380805903,9,4,2
14,1.3627255204158466,10,4,2
15,1.3282491492458166,9,4,2
16,1.3234182004281672,9,4,2
17,1.3114750711935432,9,4,2
18,1.3042597577030444,10,4,2
19,1.3050840205101426,9,4,2
20,1.2917203323982984,7,5,3
21,1.2859932277004367,8,7,2
22,1.2857083030442098,7,8,2
23,1.2667087432649864,9,5,2
24,1.277016763551559,8,7,1
25,1.2393823203582217,10,4,2
26,1.2245217599234817,9,6,2
27,1.2137045452300486,10,3,2
28,1.1842840860826174,4,9,5
29,1.1957631835127298,6,15,2
30,1.171894392824821,11,3,2
31,1.1661355671114686,9,6,2
32,1.1791890529540203,6,7,2
33,1.1210878823863042,10,3,2
34,1.113866915678953,9,4,2
35,1.108044075207674,8,7,2
36,1.0927716885163694,3,18,4
37,1.0662172712760185,9,5,2
38,1.0927716885163694,3,18,4
39,1.053043211297874,4,19,3
40,1.0529145347265718,9,4,2
41,1.0488639307693197,9,5,2
42,1.0335313968107491,8,6,2
43,1.0246866716231886,9,4,2
44,0.999093619372257,5,12,2
45,0.9402790185548807,11,3,2
46,1.0001203893974302,4,19,2
47,0.994555840596025,4,20,2
48,0.9493348959745194,9,4,1
49,0.9428400087629296,6,12,2
50,0.9563604752245726,3,23,2
51,0.9284962544984072,6,13,2
52,0.9187673118707602,7,8,2
53,0.9065106774171484,9,6,2
54,0.8806319424671265,8,8,2
55,0.8751778385537772,7,10,2
56,0.8721305828299455,8,11,2
57,0.8669349152107773,7,12,2
