,mq,No. Clus,Max clus,Min clus
0,1.9649767584848352,6,13,2
1,1.7548515962046802,10,5,2
2,1.6542924911345964,7,9,2
3,1.6542924911345964,7,9,2
4,1.5292302282777632,7,9,2
5,1.4908947218846786,8,7,2
6,1.461848622334957,5,11,2
7,1.4281304458542312,11,4,2
8,1.426738713929116,7,10,2
9,1.4265158049974958,6,12,2
10,1.4081059647089325,6,15,2
11,1.3993579648765406,7,7,2
12,1.3728337236533958,3,24,2
13,1.358284661052997,8,6,2
14,1.3547232285472015,7,10,2
15,1.3428900312603016,10,5,2
16,1.3428900312603016,10,5,2
17,1.3341109620798857,4,21,2
18,1.3371361789749012,3,25,2
19,1.3339807839712656,8,7,2
20,1.325213012034082,5,20,2
21,1.3237590751858348,4,15,2
22,1.3228244317861373,4,24,1
23,1.2765573901252294,5,14,2
24,1.2736254685994077,7,8,2
25,1.2741498854931692,4,16,2
26,1.271030517470146,5,18,2
27,1.2609121906382796,5,14,2
28,1.2542504236964382,9,5,2
29,1.2570486337609625,3,24,2
30,1.2570486337609625,3,24,2
31,1.2571428571428571,3,26,1
32,1.2424420899574957,4,21,2
33,1.22876268572863,11,5,2
34,1.2391193036354324,3,25,2
35,1.2312169312169312,4,22,2
36,1.2285071229546216,5,18,2
37,1.2170187519452225,5,18,2
38,1.2106726232182587,4,13,2
39,1.1900065498836352,7,13,1
40,1.185942495043494,8,8,1
41,1.1789005251560316,4,18,2
42,1.171096387272858,10,7,1
43,1.1653053534876932,7,10,1
44,1.160519129281807,7,11,2
45,1.142465425092162,9,7,2
46,1.1267832094910553,10,5,2
47,1.1095399435108497,9,6,1
48,1.106082282701576,12,4,1
49,1.0923666371942233,4,20,2
50,1.061018529324623,7,6,3
51,1.0444103944705387,7,9,2
52,1.0547785547785549,3,23,2
53,1.038780487804878,5,11,2
54,1.0275868309474214,5,11,3
55,1.0048144167227615,10,5,2
56,0.9956816059757236,10,8,1
57,0.9569278008749762,8,7,2
58,0.9428723712062376,7,9,2
59,0.9147686921730432,9,7,1
