,mq,No. Clus,Max clus,Min clus
0,1.7937950937950937,3,10,3
1,1.7937950937950937,3,10,3
2,1.7937950937950937,3,10,3
3,1.7937950937950937,3,10,3
4,1.7937950937950937,3,10,3
5,1.7937950937950937,3,10,3
6,1.7937950937950937,3,10,3
7,1.7937950937950937,3,10,3
8,1.7937950937950937,3,10,3
9,1.7937950937950937,3,10,3
10,1.7937950937950937,3,10,3
11,1.7937950937950937,3,10,3
12,1.7937950937950937,3,10,3
13,1.7937950937950937,3,10,3
14,1.7937950937950937,3,10,3
15,1.7937950937950937,3,10,3
16,1.7937950937950937,3,10,3
17,1.7937950937950937,3,10,3
18,1.7937950937950937,3,10,3
19,1.7937950937950937,3,10,3
20,1.7937950937950937,3,10,3
21,1.7937950937950937,3,10,3
22,1.7937950937950937,3,10,3
23,1.7937950937950937,3,10,3
24,1.7937950937950937,3,10,3
25,1.7937950937950937,3,10,3
26,1.7937950937950937,3,10,3
27,1.7863084284136916,3,11,3
28,1.7863084284136916,3,11,3
29,1.7863084284136916,3,11,3
30,1.7863084284136916,3,11,3
31,1.7863084284136916,3,11,3
32,1.7863084284136916,3,11,3
33,1.7613107822410146,3,9,3
34,1.7613107822410146,3,9,3
35,1.7613107822410146,3,9,3
36,1.7613107822410146,3,9,3
37,1.7210307298335468,3,12,3
38,1.6606837606837606,3,11,2
39,1.6606837606837606,3,11,2
40,1.6295740601817121,3,10,2
41,1.5976076555023924,3,9,4
