,mq,No. Clus,Max clus,Min clus
0,2.0736968345664,6,7,2
1,2.0736968345664,6,7,2
2,2.0736968345664,6,7,2
3,1.8484235063182433,7,4,2
4,1.8220705538703514,4,8,2
5,1.810510567863509,5,5,3
6,1.773423506318243,6,5,2
7,1.7493681364649105,5,6,2
8,1.7280095000346716,6,6,2
9,1.7189925571504516,6,4,2
10,1.7005994005994005,7,4,1
11,1.6927852377767487,5,5,3
12,1.6913231695840392,3,9,5
13,1.6596491228070174,6,4,2
14,1.654871470119148,7,4,2
15,1.6378915202444615,6,5,2
16,1.6377591706539074,5,6,2
17,1.6168831168831168,5,5,2
18,1.6168831168831168,5,5,2
19,1.605604921394395,5,6,2
20,1.5963314198608316,6,6,1
21,1.584284325725394,5,8,2
22,1.5635507549953553,5,5,2
23,1.5611471861471862,5,7,2
24,1.549122807017544,4,6,3
25,1.524251805985552,5,6,3
26,1.5210804789752157,4,7,3
27,1.517249004865104,6,5,2
28,1.5165470494417863,5,5,3
29,1.5159018106737134,4,8,2
30,1.5134638922888617,3,9,3
31,1.4672969187675071,6,6,2
32,1.4579852408799776,6,5,2
33,1.4196610169491526,3,11,4
34,1.414274322169059,4,9,2
35,1.407857142857143,5,6,2
36,1.3634008148714032,6,6,2
37,1.3683414886422405,4,10,3
38,1.3579017731494512,7,5,2
39,1.3570600414078675,6,5,2
40,1.3285978835978836,7,5,1
41,1.2089215132693394,3,14,2
