,mq,No. Clus,Max clus,Min clus
0,1.3984189723320157,3,6,3
1,1.3984189723320157,3,6,3
2,1.3984189723320157,3,6,3
3,1.3984189723320157,3,6,3
4,1.3984189723320157,3,6,3
5,1.3984189723320157,3,6,3
6,1.3984189723320157,3,6,3
7,1.3984189723320157,3,6,3
8,1.331752305665349,3,5,3
9,1.331752305665349,3,5,3
10,1.331752305665349,3,5,3
11,1.3022222222222222,3,6,2
12,1.3022222222222222,3,6,2
13,1.3022222222222222,3,6,2
14,1.3022222222222222,3,6,2
15,1.2696969696969695,3,7,3
16,1.2696969696969695,3,7,3
17,1.2696969696969695,3,7,3
18,1.2195048309178744,3,6,2
19,1.2195048309178744,3,6,2
20,1.2154277699859748,3,6,2
21,1.1934065934065934,3,6,3
22,1.191919191919192,3,7,2
23,1.191919191919192,3,7,2
24,1.191919191919192,3,7,2
25,1.1710463449593884,3,5,4
26,1.1710463449593884,3,5,4
27,1.1388888888888888,3,8,2
