,mq,No. Clus,Max clus,Min clus
0,2.0615630178290023,6,4,2
1,2.0287817893956,6,4,3
2,2.0287817893956,6,4,3
3,2.0287817893956,6,4,3
4,2.0287817893956,6,4,3
5,1.8773748629886735,6,4,3
6,1.8773748629886735,6,4,3
7,1.8773748629886735,6,4,3
8,1.8653092259230366,5,7,3
9,1.848340917394626,6,4,3
10,1.848340917394626,6,4,3
11,1.848340917394626,6,4,3
12,1.848340917394626,6,4,3
13,1.843579012632721,6,4,3
14,1.843579012632721,6,4,3
15,1.8256534795665231,5,7,2
16,1.8027107589767435,6,4,2
17,1.7625424565961652,6,5,3
18,1.7476277332638483,5,8,2
19,1.6921720862257947,6,4,3
20,1.6801064491601576,5,7,3
21,1.6494096317625728,6,5,2
22,1.6473809523809524,6,4,3
23,1.6393861892583121,5,6,3
24,1.6450076120241037,5,7,2
25,1.6393861892583121,5,6,3
26,1.6393861892583121,5,6,3
27,1.6026984020152684,7,3,2
28,1.560239313116551,7,4,2
29,1.547475116528825,7,4,2
30,1.479100190800958,7,3,2
31,1.4959352881698686,3,8,4
32,1.4959352881698686,3,8,4
33,1.4728291316526612,5,6,3
34,1.443222506393862,5,6,3
35,1.3884210526315788,4,10,3
36,1.3505555555555555,6,4,3
37,1.3333333333333333,3,10,5
38,1.318908542437954,7,4,2
39,1.2880891487029595,3,13,3
