,mq,No. Clus,Max clus,Min clus
0,1.9800375063532956,7,15,2
1,1.9800375063532956,7,15,2
2,1.812555407343547,12,3,2
3,1.8058681036213176,12,3,2
4,1.8058681036213176,12,3,2
5,1.7729272822933697,12,4,2
6,1.6389719829343439,12,3,2
7,1.6389719829343439,12,3,2
8,1.6788274838765722,8,13,2
9,1.6788274838765722,8,13,2
10,1.5852376113588926,12,3,2
11,1.5845912187709708,12,4,2
12,1.5271481261911095,12,3,2
13,1.5062430380077436,12,3,2
14,1.4998790086203888,12,3,2
15,1.4803392318611999,13,3,2
16,1.4736519281389704,13,3,2
17,1.431535404110004,13,3,2
18,1.4132425606302115,13,3,2
19,1.4132425606302115,13,3,2
20,1.3783122248595392,12,4,2
21,1.3783122248595392,12,4,2
22,1.3711910127383273,12,3,2
23,1.3131106717444476,11,3,2
24,1.321355325647171,5,20,2
25,1.2786003937392252,12,3,2
26,1.2614594300964457,12,4,2
27,1.2400883593712226,11,3,2
28,1.1979386588833592,13,3,2
29,1.2061178115086468,10,5,2
30,1.1907644784882634,13,3,2
31,1.1957897483792719,10,7,2
32,1.1525265838609167,12,4,2
33,1.1643421422543212,11,8,2
34,1.1589436656652092,10,7,1
35,1.1315421051888113,12,5,2
36,1.1405097076836206,10,8,2
37,1.1114124579597724,12,4,2
38,1.1045529603882005,7,17,2
39,1.0839561120891044,11,5,2
40,1.0740978118215971,13,3,2
41,1.0668237133710279,12,4,2
42,1.0567217504717503,6,17,2
43,0.9938014009978028,12,4,2
44,1.0354310497117143,7,15,2
45,1.0314655993901276,5,15,2
46,0.9932114456470377,8,13,2
47,1.0192332845243677,5,21,2
48,0.9911353710290556,8,13,2
49,0.9911353710290556,7,13,2
50,0.9231647853402843,11,3,2
51,0.921980621324731,12,3,2
52,0.9202516579754432,11,6,2
53,0.9174032040908531,8,12,2
54,0.890073472989074,10,8,2
55,0.8678208597998703,11,6,2
56,0.858455522971652,4,22,2
57,0.7283273178434468,11,4,2
