,mq,No. Clus,Max clus,Min clus
0,1.7581182451963548,7,16,2
1,1.6181366791969678,5,15,2
2,1.6159294826873487,12,4,1
3,1.5907672956853816,9,5,2
4,1.5898178934911993,5,14,2
5,1.5666362373258922,8,8,2
6,1.5405331316637594,7,7,2
7,1.5251542183755493,10,5,1
8,1.5157699069463773,11,5,1
9,1.5134871607621396,10,6,2
10,1.508203553370978,8,6,2
11,1.502443458481419,11,4,2
12,1.5044981387780574,10,6,1
13,1.4962605510431595,11,5,1
14,1.4885913902597419,12,6,1
15,1.4765603913630225,11,4,1
16,1.4703484835864464,12,4,2
17,1.4570909482674188,11,7,1
18,1.4570909482674188,11,7,1
19,1.452930621549474,9,6,1
20,1.4433768301415357,13,3,1
21,1.4205349661232014,11,7,1
22,1.3892228522365508,11,6,1
23,1.3545417057587443,8,7,1
24,1.3532824084299881,11,5,1
25,1.33001628001628,12,4,1
26,1.3257675928407635,9,6,2
27,1.300170774420337,10,6,1
28,1.2935647685647687,11,5,1
29,1.2754442823160002,10,5,1
30,1.2386324420942656,10,6,2
31,1.2011307533046665,11,4,1
32,1.1902307705931319,3,13,7
33,1.1212563845231414,9,8,2
34,1.1151818769465827,12,5,1
35,1.117403998832949,7,10,1
36,1.0868911622620063,7,9,2
37,1.0532172652750187,9,8,1
38,1.0526973026973028,6,10,2
39,1.0500873239445814,8,9,2
40,1.046164010877709,9,7,1
41,1.0209790209790208,3,24,2
42,0.9971666037160625,10,8,1
43,0.9924052396878484,5,21,1
44,0.988312611720094,10,6,1
45,0.9507468456690493,9,8,1
46,0.9452049412215182,6,16,2
47,0.9429050063961512,9,10,1
48,0.9440993788819876,5,23,1
49,0.9358626880366011,10,7,1
50,0.9374154306014723,6,17,1
51,0.9320066334991708,3,23,1
52,0.9190062847723057,5,19,2
53,0.9130322173800434,7,12,1
54,0.9133333333333333,3,27,1
55,0.9133333333333333,3,27,1
56,0.9133333333333333,3,27,1
57,0.8922594371696168,4,17,2
58,0.8769146111945301,10,6,1
59,0.8518398416051287,8,12,1
