,mq,No. Clus,Max clus,Min clus
0,1.9895824236785336,7,11,2
1,1.9895824236785336,7,11,2
2,1.3748572795536742,8,8,2
3,1.3406059363805845,5,10,2
4,1.3179294581942007,7,10,2
5,1.3113150769901343,6,13,2
6,1.2930659266359064,9,5,2
7,1.283461880847558,8,7,2
8,1.2717917065259137,8,5,2
9,1.2718841475453462,4,16,2
10,1.2607344778076484,11,5,1
11,1.2656545209176788,5,10,2
12,1.2617311882017765,8,7,2
13,1.2543222432540526,7,9,2
14,1.2594644691030232,4,16,2
15,1.2594644691030232,4,16,2
16,1.2594644691030232,4,16,2
17,1.2540815062554191,4,12,2
18,1.2446667888528355,8,6,2
19,1.2266096866096865,5,13,2
20,1.2244665482227473,6,12,2
21,1.2195922215942319,5,14,2
22,1.214102661316181,7,11,2
23,1.19779030158777,9,6,2
24,1.1953763309860872,9,5,2
25,1.192092194609357,10,6,2
26,1.1943279937680833,7,15,2
27,1.1594091094091092,10,4,2
28,1.1666219840056538,6,12,2
29,1.1471434997750787,9,5,2
30,1.1351238540678097,6,10,2
31,1.1280971183988426,4,17,3
32,1.1241443435688039,3,14,3
33,1.1162914878840273,4,17,3
34,1.1051937946338841,10,7,1
35,1.1067208842783363,6,13,2
36,1.102749162091584,4,15,3
37,1.0940164099827965,9,6,1
38,1.1002825352425676,4,14,2
39,1.080897352669606,7,7,3
40,1.0798645016131445,8,8,2
41,1.072966583646943,11,4,2
42,1.0753610842035888,8,6,2
43,1.0685229110434775,4,14,2
44,1.066402637036675,4,16,3
45,1.057402507906427,9,7,2
46,1.0578334193963614,4,18,3
47,1.050420168067227,4,10,5
48,1.0438765732883382,7,9,1
49,1.0376035461471447,9,5,2
50,1.0302513405067586,11,4,2
51,1.0351430976430975,5,9,2
52,1.0275219949805863,5,14,2
53,1.0271991341991342,7,9,2
54,1.0106546929120717,9,7,2
55,1.004571036768277,3,14,7
56,0.9520444415022729,6,9,2
57,0.9500866170868559,8,8,2
58,0.8882387263482536,5,16,2
59,0.8269028070957208,12,5,1
