,mq,No. Clus,Max clus,Min clus
0,1.918861843454445,9,8,2
1,1.918861843454445,9,8,2
2,1.7883485557244585,12,3,2
3,1.7178398977158005,12,4,2
4,1.6876482756124136,13,3,2
5,1.6876482756124136,13,3,2
6,1.6876482756124136,13,3,2
7,1.6798571815072778,10,5,2
8,1.6585721750505602,11,4,2
9,1.6585721750505602,11,4,2
10,1.6258205445199767,12,3,2
11,1.62101643231248,11,4,2
12,1.6161062146102712,11,3,2
13,1.6161062146102712,11,3,2
14,1.5803919288959856,11,3,2
15,1.53353938639916,11,4,2
16,1.462930997154868,12,3,2
17,1.4606096851366175,12,3,2
18,1.4514430184699507,12,3,2
19,1.4471501706542274,12,3,2
20,1.4117011369293317,12,3,2
21,1.364320500324557,12,3,2
22,1.349553355251421,8,8,2
23,1.3582572666852295,5,12,2
24,1.3393225816984846,13,3,2
25,1.30893742763686,13,3,2
26,1.3015198452192773,12,3,2
27,1.291428843481574,11,3,2
28,1.2910632822302397,9,6,2
29,1.2782189794184116,12,3,2
30,1.2598531785526106,11,5,2
31,1.2333380270374592,11,4,2
32,1.21205814749671,6,19,2
33,1.2065803239562267,12,3,2
34,1.1977026354308302,11,4,2
35,1.1862439587031237,12,3,2
36,1.1613273736100556,6,9,2
37,1.1497881355932202,6,15,2
38,1.139829743981932,8,14,2
39,1.1195647815036502,9,11,2
40,1.1142232663935723,8,13,2
41,1.0645826855322515,8,7,3
42,1.0508390523907765,9,6,2
43,1.0351379941897183,12,3,2
44,1.0393664459719525,9,8,2
45,1.0133847474364717,12,3,2
46,1.0426405753548473,8,9,2
47,0.9981561699140729,11,4,2
48,1.0360583753067287,3,25,2
49,1.0132060755336618,6,17,2
50,1.011611899266076,7,13,2
51,0.904502132417954,13,3,2
52,0.9609963901796933,6,17,2
53,0.9480578528597376,8,13,2
54,0.8955979200190715,6,15,2
55,0.8693023258228687,12,3,2
56,0.8115236855965549,9,10,2
57,0.7789673730596651,13,3,1
