,mq,No. Clus,Max clus,Min clus
0,1.2944444444444443,3,6,3
1,1.2944444444444443,3,6,3
2,1.2944444444444443,3,6,3
3,1.2622850122850124,3,7,3
4,1.2622850122850124,3,7,3
5,1.2622850122850124,3,7,3
6,1.2622850122850124,3,7,3
7,1.2622850122850124,3,7,3
8,1.2428571428571429,3,6,2
9,1.2428571428571429,3,6,2
10,1.2428571428571429,3,6,2
11,1.2144381223328593,3,7,2
12,1.1824561403508773,3,6,3
13,1.1824561403508773,3,6,3
14,1.1824561403508773,3,6,3
15,1.1824561403508773,3,6,3
16,1.1824561403508773,3,6,3
17,1.0991980991980992,3,7,2
18,1.0991980991980992,3,7,2
19,1.0991980991980992,3,7,2
20,1.0991980991980992,3,7,2
21,1.0876068376068377,3,8,2
22,1.0876068376068377,3,8,2
23,1.0876068376068377,3,8,2
24,1.0232993551071354,3,5,4
25,0.9400599400599401,3,8,2
26,0.9400599400599401,3,8,2
27,0.9400599400599401,3,8,2
