,mq,No. Clus,Max clus,Min clus
0,1.3348484848484847,4,4,3
1,1.3348484848484847,4,4,3
2,1.3348484848484847,4,4,3
3,1.3348484848484847,4,4,3
4,1.2878787878787878,4,4,2
5,1.2878787878787878,4,4,2
6,1.2878787878787878,4,4,2
7,1.1885521885521886,4,4,2
8,1.1885521885521886,4,4,2
9,1.1885521885521886,4,4,2
10,1.1712121212121214,4,5,2
11,1.1555555555555554,4,5,2
12,1.0231729055258467,4,4,2
13,1.009259259259259,4,5,2
14,1.009259259259259,4,5,2
15,1.0019607843137255,4,4,3
16,1.0019607843137255,4,4,3
17,1.0019607843137255,4,4,3
18,0.9819159335288368,4,6,2
19,0.972473604826546,4,4,3
20,0.972473604826546,4,4,3
21,0.9166666666666667,4,6,2
22,0.8833333333333333,4,4,2
23,0.8558069381598794,4,5,2
24,0.8556644880174291,4,4,2
25,0.8558069381598794,4,5,2
26,0.8556644880174291,4,4,2
27,0.84640522875817,4,6,2
