,mq,No. Clus,Max clus,Min clus
0,2.161363636363636,5,5,3
1,2.161363636363636,5,5,3
2,2.09377990430622,5,5,3
3,2.09377990430622,5,5,3
4,2.09377990430622,5,5,3
5,2.064835164835165,5,5,3
6,2.0184552289815447,6,5,2
7,1.9549806600721933,6,4,2
8,1.9299833293641342,5,6,3
9,1.920816026079184,6,4,3
10,1.8597402597402597,5,6,2
11,1.8596172248803826,6,4,2
12,1.8579545454545454,4,7,3
13,1.8528091473743644,6,4,2
14,1.8390885600187925,4,8,3
15,1.8125624375624376,6,4,3
16,1.799975562072336,5,5,2
17,1.7954195804195803,6,4,2
18,1.7743506493506493,5,5,3
19,1.7743506493506493,5,5,3
20,1.7628241323893497,6,6,2
21,1.7614965443912811,5,6,2
22,1.7532752335383914,6,4,2
23,1.739756335282651,4,9,3
24,1.7299982275788728,5,7,1
25,1.7171929824561403,6,4,2
26,1.6989042728773152,5,7,2
27,1.6937645687645686,5,5,3
28,1.6775974025974025,5,5,3
29,1.6765918292234083,6,5,2
30,1.6669977081741787,6,4,2
31,1.6610845295055823,3,10,4
32,1.6490376836486678,7,4,2
33,1.6281385281385279,6,4,2
34,1.6229500891265598,7,4,2
35,1.608054226475279,4,10,2
36,1.5972652930239009,5,8,2
37,1.5051368952684743,7,5,2
38,1.406210986267166,3,15,2
39,1.3955773955773956,3,11,2
40,1.3857397504456328,3,14,2
41,1.2657828282828283,7,5,2
