,mq,No. Clus,Max clus,Min clus
0,2.18569692426514,5,5,3
1,2.18569692426514,5,5,3
2,2.18261810653115,5,4,4
3,2.18261810653115,5,4,4
4,2.18261810653115,5,4,4
5,2.182430136606338,6,4,2
6,2.0493102379291637,5,6,2
7,1.9904810353993658,6,5,2
8,1.9765656565656566,6,4,2
9,1.9728354978354976,5,5,3
10,1.8978354978354977,6,4,2
11,1.8726708074534162,4,8,4
12,1.8426501035196687,4,8,3
13,1.823174603174603,5,5,2
14,1.8217418546365913,6,5,2
15,1.8098370927318295,5,5,3
16,1.796909986565159,5,5,2
17,1.7902645851829155,6,5,2
18,1.7764732343679714,6,5,1
19,1.7559808612440193,6,6,1
20,1.7475468975468975,6,4,3
21,1.7458513708513708,7,4,2
22,1.7141053391053391,6,5,2
23,1.6945697577276524,6,4,2
24,1.6945697577276524,6,4,2
25,1.6940955993587572,5,7,2
26,1.6887730690362268,6,6,2
27,1.6827927627927628,6,4,2
28,1.6765292241298433,5,6,2
29,1.6565079365079363,6,5,2
30,1.65207891523681,6,5,2
31,1.65207891523681,6,5,2
32,1.6389640768588136,6,5,1
33,1.5903703703703704,5,5,1
34,1.5420815552394498,6,7,2
35,1.539337474120083,3,12,4
36,1.5237235947010384,4,9,3
37,1.481366459627329,3,11,4
38,1.4509523809523808,5,6,3
39,1.4395754275972061,4,11,3
40,1.434604667363288,4,11,3
41,1.2521929824561404,3,14,3
