,mq,No. Clus,Max clus,Min clus
0,1.375,3,5,3
1,1.375,3,5,3
2,1.375,3,5,3
3,1.2878787878787878,3,6,2
4,1.2878787878787878,3,6,2
5,1.2878787878787878,3,6,2
6,1.2878787878787878,3,6,2
7,1.2878787878787878,3,6,2
8,1.2424749163879598,3,5,4
9,1.2470862470862472,3,6,3
10,1.2470862470862472,3,6,3
11,1.2424749163879598,3,5,4
12,1.2424749163879598,3,5,4
13,1.2424749163879598,3,5,4
14,1.2424749163879598,3,5,4
15,1.2424749163879598,3,5,4
16,1.217948717948718,3,5,4
17,1.217948717948718,3,5,4
18,1.217948717948718,3,5,4
19,1.217948717948718,3,5,4
20,1.217948717948718,3,5,4
21,1.1618181818181819,3,6,2
22,1.1618181818181819,3,6,2
23,1.1618181818181819,3,6,2
24,1.1618181818181819,3,6,2
25,1.141025641025641,3,7,2
26,1.141025641025641,3,7,2
27,1.0184615384615385,3,6,3
