,mq,No. Clus,Max clus,Min clus
0,1.8472727354106646,10,4,2
1,1.8472727354106646,10,4,2
2,1.7898173725971827,11,4,2
3,1.2993076865272228,9,6,1
4,1.2059875333532624,5,14,3
5,1.1668523817790426,7,7,2
6,1.1330444202856496,10,4,2
7,1.1351114363437615,6,10,2
8,1.1330444202856496,10,4,2
9,1.124404640119452,9,5,2
10,1.1156429721647114,5,11,2
11,1.1195393084281973,3,18,2
12,1.1195393084281973,3,18,2
13,1.1136547578060567,5,10,3
14,1.1096429447422826,4,14,2
15,1.1046527214191886,4,13,2
16,1.0973570487003323,6,8,2
17,1.095187165775401,3,13,3
18,1.0693105399637737,4,17,3
19,1.062580407657134,4,17,3
20,1.0534831016086084,5,10,3
21,1.050732777851422,6,15,2
22,1.0500603646553928,7,10,2
23,1.0351129377445165,10,5,2
24,1.0348695321288326,8,9,2
25,1.03138012566406,5,10,3
26,1.0258698257840133,8,9,2
27,1.0292079485627874,6,15,1
28,1.0231264630819856,8,6,2
29,1.0252794111178467,5,17,2
30,1.0212587412587413,7,9,2
31,1.0179698764506235,9,7,2
32,1.0171555116897455,6,12,2
33,0.9986037561970872,6,6,4
34,1.0059276235746824,6,16,1
35,1.0041265366846763,6,15,2
36,1.0020052939760968,4,15,1
37,0.9950807362572069,6,11,2
38,0.9914616444051162,6,12,2
39,0.9901889745438168,7,10,2
40,0.9867857487157593,4,15,2
41,0.9816635261303269,8,7,1
42,0.9853025363150725,7,16,1
43,0.9708478991788951,9,8,1
44,0.9693291225887859,6,11,3
45,0.9569721449715565,10,4,1
46,0.9549521998527759,10,4,1
47,0.9547993192548887,8,10,2
48,0.9392491851185794,4,10,2
49,0.938130746536563,4,19,3
50,0.9287130056701043,11,5,1
51,0.9341264595725931,3,24,2
52,0.9129065911195654,11,5,1
53,0.8937792729106749,10,4,1
54,0.8918403555353782,10,5,2
55,0.8780188119981616,10,6,1
56,0.8658283031522468,8,9,1
57,0.8648692810457516,10,5,1
58,0.8644796405757061,12,5,1
59,0.8623983096900828,9,9,1
