,mq,No. Clus,Max clus,Min clus
0,1.921265079159816,4,6,4
1,1.921265079159816,4,6,4
2,1.921265079159816,4,6,4
3,1.921265079159816,4,6,4
4,1.921265079159816,4,6,4
5,1.921265079159816,4,6,4
6,1.921265079159816,4,6,4
7,1.8582642502015405,4,7,3
8,1.8017845596792967,4,6,4
9,1.8017845596792967,4,6,4
10,1.8017845596792967,4,6,4
11,1.7798453533747653,4,6,3
12,1.733249791144528,4,7,4
13,1.732596196373286,4,7,4
14,1.732596196373286,4,7,4
15,1.732596196373286,4,7,4
16,1.7145526985952517,4,7,3
17,1.6931379431379432,4,6,3
18,1.5918300653594772,4,7,3
19,1.5918300653594772,4,7,3
20,1.5911764705882354,4,7,3
21,1.5657894736842106,4,6,4
22,1.5657894736842106,4,6,4
23,1.5657894736842106,4,6,4
24,1.5657894736842106,4,6,4
25,1.4838624338624338,4,8,3
26,1.480233918128655,4,7,4
27,1.431258243889823,4,6,4
28,1.416904176904177,4,6,3
29,1.416904176904177,4,6,3
30,1.416904176904177,4,6,3
31,1.4015037593984965,4,6,4
32,1.3715873015873017,4,7,3
33,1.3357894736842106,4,6,4
34,1.3357894736842106,4,6,4
35,1.3357894736842106,4,6,4
36,1.3357894736842106,4,6,4
37,1.3357894736842106,4,6,4
38,1.195263157894737,4,6,4
39,1.195263157894737,4,6,4
40,1.1097076023391814,4,7,4
41,1.0698039215686275,4,6,4
