,mq,No. Clus,Max clus,Min clus
0,1.8887981987053193,4,7,3
1,1.8887981987053193,4,7,3
2,1.8689839572192513,4,6,4
3,1.8689839572192513,4,6,4
4,1.8689839572192513,4,6,4
5,1.8011655011655012,4,7,3
6,1.8011655011655012,4,7,3
7,1.8011655011655012,4,7,3
8,1.7905525846702317,4,6,4
9,1.7905525846702317,4,6,4
10,1.7905525846702317,4,6,4
11,1.7905525846702317,4,6,4
12,1.7867647058823528,4,5,5
13,1.7634032634032635,4,7,3
14,1.7620677361853834,4,6,4
15,1.7634032634032635,4,7,3
16,1.7634032634032635,4,7,3
17,1.7634032634032635,4,7,3
18,1.7634032634032635,4,7,3
19,1.7634032634032635,4,7,3
20,1.7359307359307359,4,6,4
21,1.7359307359307359,4,6,4
22,1.7359307359307359,4,6,4
23,1.7359307359307359,4,6,4
24,1.7359307359307359,4,6,4
25,1.7182656053623795,4,6,4
26,1.7111957158396787,4,6,4
27,1.6919265483971366,4,6,4
28,1.6919265483971366,4,6,4
29,1.6904995904995905,4,7,3
30,1.686070686070686,4,6,3
31,1.6743434343434342,4,8,3
32,1.6550802139037433,4,6,4
33,1.6193281228575347,4,7,3
34,1.6023510971786834,4,7,3
35,1.5972192513368983,4,8,2
36,1.5801217038539555,4,6,3
37,1.5801217038539555,4,6,3
38,1.562121212121212,4,7,4
39,1.554911619820342,4,6,3
40,1.4784730913642052,4,9,2
41,1.3978129713423832,4,7,3
