,mq,No. Clus,Max clus,Min clus
0,2.057068421774304,5,5,3
1,2.052058106419161,5,5,2
2,2.052058106419161,5,5,2
3,2.052058106419161,5,5,2
4,2.052058106419161,5,5,2
5,2.052058106419161,5,5,2
6,2.052058106419161,5,5,2
7,2.052058106419161,5,5,2
8,1.9807399193588453,5,5,2
9,1.9807399193588453,5,5,2
10,1.8841587227776486,5,5,3
11,1.8568869185979984,5,5,3
12,1.8568869185979984,5,5,3
13,1.8518766032428555,5,5,2
14,1.8518766032428555,5,5,2
15,1.8518766032428555,5,5,2
16,1.8497549019607844,5,6,2
17,1.815093066211992,5,5,2
18,1.815093066211992,5,5,2
19,1.791306732483203,5,6,2
20,1.7898428936792108,5,5,2
21,1.7830678703543978,5,6,2
22,1.7767994154183413,5,5,2
23,1.7767994154183413,5,5,2
24,1.6970206978622124,5,5,3
25,1.67278603749192,5,5,2
26,1.6610176467561866,5,7,2
27,1.6474597865902214,5,6,2
28,1.6474597865902214,5,6,2
29,1.643700159489633,5,7,2
30,1.6276395173454,5,6,2
31,1.5896613905029051,5,5,2
32,1.5196886446886448,5,6,2
33,1.4957274983081434,5,5,3
34,1.4780882352941176,5,5,2
35,1.4602281928597718,5,5,2
36,1.4602281928597718,5,5,2
37,1.4602281928597718,5,5,2
38,1.4078605604921393,5,6,2
39,1.3910615064053093,5,5,3
40,1.3555622009569377,5,5,2
41,1.3555622009569377,5,5,2
