,mq,No. Clus,Max clus,Min clus
0,1.954634845477612,7,6,2
1,1.954634845477612,7,6,2
2,1.954634845477612,7,6,2
3,1.954634845477612,7,6,2
4,1.954634845477612,7,6,2
5,1.954634845477612,7,6,2
6,1.954634845477612,7,6,2
7,1.954634845477612,7,6,2
8,1.954634845477612,7,6,2
9,1.954634845477612,7,6,2
10,1.954634845477612,7,6,2
11,1.954634845477612,7,6,2
12,1.954634845477612,7,6,2
13,1.954634845477612,7,6,2
14,1.954634845477612,7,6,2
15,1.954634845477612,7,6,2
16,1.954634845477612,7,6,2
17,1.954634845477612,7,6,2
18,1.954634845477612,7,6,2
19,1.954634845477612,7,6,2
20,1.954634845477612,7,6,2
21,1.954634845477612,7,6,2
22,1.954634845477612,7,6,2
23,1.954634845477612,7,6,2
24,1.954634845477612,7,6,2
25,1.954634845477612,7,6,2
26,1.954634845477612,7,6,2
27,1.954634845477612,7,6,2
28,1.954634845477612,7,6,2
29,1.954634845477612,7,6,2
30,1.954634845477612,7,6,2
31,1.954634845477612,7,6,2
32,1.954634845477612,7,6,2
33,1.954634845477612,7,6,2
34,1.954634845477612,7,6,2
35,1.8917814651939058,7,7,2
36,1.8917814651939058,7,7,2
37,1.8917814651939058,7,7,2
38,1.8658072815033129,7,6,2
39,1.700112005133876,7,7,2
40,1.668705530867917,7,7,2
41,1.668705530867917,7,7,2
42,1.6686331741339,7,7,2
43,1.6686331741339,7,7,2
44,1.6369684329836134,7,8,2
45,1.6115555808230408,7,6,2
46,1.5964763373191038,7,6,2
47,1.5964763373191038,7,6,2
48,1.515812259588634,7,6,2
49,1.515812259588634,7,6,2
