,mq,No. Clus,Max clus,Min clus
0,1.789473684210526,3,8,6
1,1.789473684210526,3,8,6
2,1.789473684210526,3,8,6
3,1.789473684210526,3,8,6
4,1.789473684210526,3,8,6
5,1.789473684210526,3,8,6
6,1.789473684210526,3,8,6
7,1.789473684210526,3,8,6
8,1.789473684210526,3,8,6
9,1.789473684210526,3,8,6
10,1.789473684210526,3,8,6
11,1.789473684210526,3,8,6
12,1.789473684210526,3,8,6
13,1.7754997249220614,3,7,6
14,1.7754997249220614,3,7,6
15,1.7754997249220614,3,7,6
16,1.7754997249220614,3,7,6
17,1.7754997249220614,3,7,6
18,1.7754997249220614,3,7,6
19,1.7754997249220614,3,7,6
20,1.7754997249220614,3,7,6
21,1.7754997249220614,3,7,6
22,1.7754997249220614,3,7,6
23,1.7580741626794256,3,8,6
24,1.7580741626794256,3,8,6
25,1.7580741626794256,3,8,6
26,1.7580741626794256,3,8,6
27,1.7580741626794256,3,8,6
28,1.7580741626794256,3,8,6
29,1.7580741626794256,3,8,6
30,1.7580741626794256,3,8,6
31,1.7580741626794256,3,8,6
32,1.7580741626794256,3,8,6
33,1.7580741626794256,3,8,6
34,1.7204407294832826,3,8,5
35,1.7204407294832826,3,8,5
36,1.6895933014354068,3,8,5
37,1.6895933014354068,3,8,5
38,1.6895933014354068,3,8,5
39,1.6726163234172389,3,9,5
40,1.6726163234172389,3,9,5
41,1.6719028340080972,3,9,5
