,mq,No. Clus,Max clus,Min clus
0,1.930459269494173,6,7,3
1,1.930459269494173,6,7,3
2,1.930459269494173,6,7,3
3,1.930459269494173,6,7,3
4,1.930459269494173,6,7,3
5,1.930459269494173,6,7,3
6,1.930459269494173,6,7,3
7,1.930459269494173,6,7,3
8,1.930459269494173,6,7,3
9,1.930459269494173,6,7,3
10,1.930459269494173,6,7,3
11,1.930459269494173,6,7,3
12,1.930459269494173,6,7,3
13,1.930459269494173,6,7,3
14,1.930459269494173,6,7,3
15,1.930459269494173,6,7,3
16,1.930459269494173,6,7,3
17,1.930459269494173,6,7,3
18,1.930459269494173,6,7,3
19,1.930459269494173,6,7,3
20,1.930459269494173,6,7,3
21,1.930459269494173,6,7,3
22,1.930459269494173,6,7,3
23,1.930459269494173,6,7,3
24,1.930459269494173,6,7,3
25,1.930459269494173,6,7,3
26,1.930459269494173,6,7,3
27,1.930459269494173,6,7,3
28,1.930459269494173,6,7,3
29,1.930459269494173,6,7,3
30,1.930459269494173,6,7,3
31,1.930459269494173,6,7,3
32,1.9186366093956506,6,7,3
33,1.9186366093956506,6,7,3
34,1.855507662835249,6,8,2
35,1.8521679529675623,6,7,3
36,1.8305659983291562,6,7,2
37,1.8305659983291562,6,7,2
38,1.8157386072708652,6,7,2
39,1.8157386072708652,6,7,2
40,1.77994200477038,6,7,2
41,1.7689285714285714,6,8,2
42,1.7689285714285714,6,8,2
43,1.7651146137120892,6,7,2
44,1.738212474866684,6,7,2
45,1.687588481307908,6,7,2
46,1.6142656320287898,6,7,2
47,1.5388198757763976,6,7,2
48,1.429318181818182,6,7,2
49,1.3218181818181818,6,7,2
