,mq,No. Clus,Max clus,Min clus
0,1.46482683982684,3,6,3
1,1.46482683982684,3,6,3
2,1.3125541125541127,4,4,3
3,1.3125541125541127,4,4,3
4,1.3125541125541127,4,4,3
5,1.283008658008658,3,6,2
6,1.2820048309178742,3,6,2
7,1.2820048309178742,3,6,2
8,1.2370600414078674,3,5,3
9,1.2321428571428572,3,5,4
10,1.1965811965811965,3,7,2
11,1.183882783882784,3,5,4
12,1.177995337995338,4,4,3
13,1.173160173160173,4,4,2
14,1.1727272727272728,3,8,2
15,1.1414141414141414,5,3,2
16,1.1370600414078673,4,5,2
17,1.0977272727272727,3,7,3
18,1.0965811965811967,4,4,2
19,1.0737373737373737,4,5,2
20,1.0709641235957026,4,5,2
21,1.0699602965049189,4,5,2
22,1.0495726495726494,4,6,2
23,1.0379554655870447,4,4,2
24,1.0379554655870447,3,7,2
25,1.0146591970121381,4,4,2
26,0.9333333333333333,3,11,1
27,0.904040404040404,5,4,2
