,mq,No. Clus,Max clus,Min clus
0,1.3585858585858586,3,8,2
1,1.3585858585858586,3,8,2
2,1.3585858585858586,3,8,2
3,1.3280808080808082,5,4,2
4,1.2858585858585858,4,5,2
5,1.2410526315789474,3,5,4
6,1.2442002442002442,3,7,2
7,1.2442002442002442,3,7,2
8,1.237037037037037,5,5,2
9,1.2358674463937622,4,5,2
10,1.2,3,5,3
11,1.2,3,7,2
12,1.196969696969697,4,6,2
13,1.159313725490196,6,4,1
14,1.1587301587301586,4,7,2
15,1.1587301587301586,3,7,2
16,1.1491228070175439,3,6,2
17,1.1333333333333333,3,9,2
18,1.123202614379085,5,4,2
19,1.1333333333333333,3,9,2
20,1.1132478632478633,4,4,2
21,1.0555555555555556,4,6,2
22,1.0505050505050504,5,4,2
23,1.0555555555555556,4,6,2
24,1.0307692307692307,3,8,2
25,0.9977324263038548,3,10,1
26,0.9444444444444443,5,4,2
27,0.8632478632478633,5,4,1
