,mq,No. Clus,Max clus,Min clus
0,2.135792709705753,5,5,3
1,2.135792709705753,5,5,3
2,2.0802371541501974,5,5,3
3,1.9408432147562582,5,5,3
4,1.921962095875139,5,5,2
5,1.916764590677634,4,7,4
6,1.9060251639199006,6,4,2
7,1.9006397306397305,6,4,2
8,1.8997962821492234,5,5,3
9,1.8516126740551293,7,4,1
10,1.8363042186571599,6,5,2
11,1.811545735458779,5,7,2
12,1.7933071251149055,6,5,1
13,1.7692870736348998,5,4,4
14,1.7692870736348998,5,4,4
15,1.7505050505050503,5,5,3
16,1.748119548119548,5,7,2
17,1.7337768234319957,6,5,2
18,1.6888888888888887,5,6,2
19,1.6888888888888887,5,6,2
20,1.6850079744816586,4,6,4
21,1.686545735458779,5,7,2
22,1.6740970784449045,5,5,3
23,1.5896103896103897,5,6,2
24,1.5851770659954805,5,6,2
25,1.5751851851851852,6,4,2
26,1.5635231870525987,6,5,1
27,1.5527898027898028,5,5,3
28,1.5538461538461537,5,6,2
29,1.5419967629269955,4,8,2
30,1.4879046879046878,3,12,4
31,1.47953216374269,3,10,5
32,1.4732613585245162,7,4,2
33,1.4750021220609457,6,6,2
34,1.4778743961352656,4,9,3
35,1.457203615098352,6,5,2
36,1.4547149926097296,7,4,1
37,1.445783651046809,7,5,1
38,1.3944860368389782,6,5,2
39,1.3742183742183742,3,12,4
40,1.3585858585858586,5,5,3
41,1.3480263157894736,6,6,1
