,mq,No. Clus,Max clus,Min clus
0,2.188888888888889,6,4,2
1,1.7018664909969257,6,7,1
2,1.6884628237259816,7,4,1
3,1.6791234274900337,7,4,2
4,1.5773749552521932,7,4,2
5,1.5657894736842106,5,8,2
6,1.5415177415177415,6,6,2
7,1.5213726951015087,4,10,2
8,1.492602276950103,6,4,2
9,1.433657277750092,6,5,2
10,1.4164535379369139,7,4,2
11,1.4115143026907733,8,4,1
12,1.4088744588744588,6,5,2
13,1.3966221273631398,4,6,3
14,1.3581622678396872,6,6,1
15,1.3520539990791707,6,6,2
16,1.3360329639102018,8,4,1
17,1.3235930735930737,9,3,2
18,1.3097077514645978,6,5,1
19,1.305137844611529,5,7,1
20,1.3025252525252524,7,4,2
21,1.301331731638637,8,4,1
22,1.2910135841170325,6,5,1
23,1.2885261797026504,6,7,2
24,1.2494671994671993,8,3,1
25,1.2427572427572429,3,13,3
26,1.172408026755853,8,4,1
27,1.181082981715893,3,14,2
28,1.1709989924823685,7,4,2
29,1.170788770053476,4,12,1
30,1.1513457556935818,6,5,1
31,1.1679841897233203,3,15,2
32,1.1502635046113308,8,4,1
33,1.0966694595726854,5,10,2
34,1.0860796492510048,6,9,1
35,1.072437275985663,6,6,1
36,1.063271815903395,8,4,1
37,1.0494949494949495,7,4,2
38,1.0228260869565218,7,4,2
39,1.012776470840987,8,4,1
40,0.9855816226783968,7,6,1
41,0.9703030303030302,6,9,1
