,mq,No. Clus,Max clus,Min clus
0,1.856911779808976,3,11,3
1,1.856911779808976,3,11,3
2,1.856911779808976,3,11,3
3,1.856911779808976,3,11,3
4,1.856911779808976,3,11,3
5,1.856911779808976,3,11,3
6,1.856911779808976,3,11,3
7,1.856911779808976,3,11,3
8,1.856911779808976,3,11,3
9,1.856911779808976,3,11,3
10,1.856911779808976,3,11,3
11,1.856911779808976,3,11,3
12,1.856911779808976,3,11,3
13,1.856911779808976,3,11,3
14,1.856911779808976,3,11,3
15,1.856911779808976,3,11,3
16,1.856911779808976,3,11,3
17,1.856911779808976,3,11,3
18,1.856911779808976,3,11,3
19,1.856911779808976,3,11,3
20,1.856911779808976,3,11,3
21,1.856911779808976,3,11,3
22,1.856911779808976,3,11,3
23,1.856911779808976,3,11,3
24,1.856911779808976,3,11,3
25,1.856911779808976,3,11,3
26,1.856911779808976,3,11,3
27,1.856911779808976,3,11,3
28,1.856911779808976,3,11,3
29,1.856911779808976,3,11,3
30,1.856911779808976,3,11,3
31,1.856911779808976,3,11,3
32,1.8406233630172866,3,12,3
33,1.8406233630172866,3,12,3
34,1.8406233630172866,3,12,3
35,1.8406233630172866,3,12,3
36,1.8406233630172866,3,12,3
37,1.8406233630172866,3,12,3
38,1.8275449420274439,3,13,3
39,1.8006122448979593,3,11,3
40,1.7790448545165525,3,10,4
41,1.7790448545165525,3,10,4
42,1.7790448545165525,3,10,4
43,1.7790448545165525,3,10,4
44,1.7626294652293382,3,11,4
45,1.7494815132661086,3,12,4
46,1.429613200255402,3,12,2
47,1.37374949979992,3,11,2
48,1.37374949979992,3,11,2
49,1.37374949979992,3,11,2
