,mq,No. Clus,Max clus,Min clus
0,1.6333691297344182,3,20,3
1,1.6333691297344182,3,20,3
2,1.6333691297344182,3,20,3
3,1.6333691297344182,3,20,3
4,1.6333691297344182,3,20,3
5,1.6333691297344182,3,20,3
6,1.6333691297344182,3,20,3
7,1.6333691297344182,3,20,3
8,1.6333691297344182,3,20,3
9,1.6333691297344182,3,20,3
10,1.6157993730407523,3,21,3
11,1.6157993730407523,3,21,3
12,1.6157993730407523,3,21,3
13,1.6157993730407523,3,21,3
14,1.6157993730407523,3,21,3
15,1.6157993730407523,3,21,3
16,1.5943661971830987,3,20,4
17,1.5943661971830987,3,20,4
18,1.5930735930735929,3,19,3
19,1.5930735930735929,3,19,3
20,1.5930735930735929,3,19,3
21,1.5770114942528737,3,21,4
22,1.563937332090069,3,19,3
23,1.559055013427637,3,21,3
24,1.559055013427637,3,21,3
25,1.559055013427637,3,21,3
26,1.559055013427637,3,21,3
27,1.559055013427637,3,21,3
28,1.559055013427637,3,21,3
29,1.559055013427637,3,21,3
30,1.5522648083623694,3,19,4
31,1.5428128754821981,3,18,4
32,1.5216116282034935,3,20,3
33,1.5216116282034935,3,20,3
34,1.5216116282034935,3,20,3
35,1.5216116282034935,3,20,3
36,1.5216116282034935,3,20,3
37,1.5216116282034935,3,20,3
38,1.5216116282034935,3,20,3
39,1.5216116282034935,3,20,3
40,1.5216116282034935,3,20,3
41,1.5216116282034935,3,20,3
42,1.5216116282034935,3,20,3
43,1.5216116282034935,3,20,3
44,1.5216116282034935,3,20,3
45,1.5216116282034935,3,20,3
46,1.5216116282034935,3,20,3
47,1.5091015854374634,3,20,4
48,1.5091015854374634,3,20,4
49,1.5091015854374634,3,20,4
50,1.5091015854374634,3,20,4
51,1.471326164874552,3,19,4
52,1.471326164874552,3,19,4
53,1.471326164874552,3,19,4
54,1.471326164874552,3,19,4
55,1.3208367854183927,3,20,2
56,1.3208367854183927,3,20,2
57,1.3032019704433497,3,21,2
58,1.2618565644881434,3,22,2
59,1.2312598780763153,3,19,2
