,mq,No. Clus,Max clus,Min clus
0,1.9578013062768609,6,17,2
1,1.9578013062768609,6,17,2
2,1.8380387728213816,8,6,2
3,1.7741817973947716,11,4,1
4,1.762773116085604,11,4,2
5,1.7609834168279699,10,4,2
6,1.7463114194868852,10,5,2
7,1.7422300505944646,11,4,2
8,1.7084259918164026,10,5,1
9,1.6697719165977594,11,6,1
10,1.6697719165977594,11,6,1
11,1.6697719165977594,11,6,1
12,1.6658411033411031,10,7,2
13,1.6581792027785593,9,5,2
14,1.6496199388846446,10,5,1
15,1.639591347091347,12,3,1
16,1.6035522107890527,11,5,2
17,1.600310794958818,10,4,2
18,1.5755188439011967,5,17,2
19,1.5693221726726883,5,14,2
20,1.5636235424402318,7,11,2
21,1.4924949993030796,5,14,2
22,1.4794512350394702,8,6,1
23,1.413027087386108,10,5,2
24,1.4096048789651783,12,4,1
25,1.4019227994227994,12,4,2
26,1.4019227994227994,12,4,2
27,1.3996304746304746,12,4,1
28,1.3923066993719169,13,3,2
29,1.3751008783138525,10,4,2
30,1.366079214669051,10,4,2
31,1.342170779516881,9,9,2
32,1.3421073531971897,10,4,2
33,1.338695047192264,10,6,2
34,1.3402551020408162,9,10,1
35,1.3275806072599248,9,5,2
36,1.3145903349543389,5,20,2
37,1.3107263232263233,10,5,2
38,1.300782128764464,10,6,2
39,1.2878810294288114,10,4,1
40,1.2845019511159552,6,18,2
41,1.2824673645739169,4,20,2
42,1.2650104909077806,10,6,2
43,1.2724575878372115,4,23,2
44,1.2572704806560304,5,18,2
45,1.2178685475664106,4,21,2
46,1.2046065445324206,11,4,2
47,1.1830699671172817,6,17,2
48,1.180500438000438,10,7,2
49,1.1587831286360697,12,4,1
50,1.1514328390808277,10,7,2
51,1.1300021221617802,7,13,2
52,1.1142117935287656,7,11,2
53,1.0976083698909787,7,15,2
54,1.0652495717252535,5,16,2
55,1.025841434367426,9,9,2
56,1.0007933679530259,8,14,2
57,1.0007933679530259,8,14,2
58,0.9865743296376019,9,10,2
59,0.9780564263322884,3,27,1
