,mq,No. Clus,Max clus,Min clus
0,2.0074055574055576,7,5,2
1,1.9512626262626263,8,3,2
2,1.9512626262626263,8,3,2
3,1.8623737373737372,9,3,1
4,1.8262626262626263,8,3,2
5,1.7905483405483407,8,4,2
6,1.7871356421356421,8,4,2
7,1.779609363125095,7,5,1
8,1.777120281152539,8,3,2
9,1.7436507936507937,5,10,2
10,1.7050295311923218,7,5,2
11,1.7012626262626263,8,3,2
12,1.700901875901876,8,3,2
13,1.7040404040404042,6,9,2
14,1.7040404040404042,6,9,2
15,1.7040404040404042,6,9,2
16,1.661622996886155,8,4,2
17,1.6286354326676906,8,3,2
18,1.626212676212676,9,3,2
19,1.6186507936507937,7,6,2
20,1.6131562881562882,7,6,2
21,1.6026398438163145,9,3,2
22,1.6006322818982666,6,6,2
23,1.596139971139971,8,3,2
24,1.5119351408825095,5,12,2
25,1.4929292929292928,8,3,2
26,1.501984126984127,5,10,2
27,1.4810011883541299,9,4,1
28,1.477032842122356,6,6,2
29,1.4568713450292399,6,8,2
30,1.4346968672526481,4,10,2
31,1.3671982987772462,8,4,2
32,1.3765364916773368,5,11,1
33,1.3445165945165944,10,3,1
34,1.3171982987772461,9,4,1
35,1.3205931495405179,4,12,2
36,1.3132716049382716,4,13,2
37,1.2477522477522478,6,6,2
38,1.224747474747475,9,4,1
39,1.1778073089700998,3,10,5
40,1.111415882967607,3,14,3
41,0.8621026032790737,8,3,2
