,mq,No. Clus,Max clus,Min clus
0,2.025522926685717,4,8,3
1,2.025522926685717,4,8,3
2,2.025522926685717,4,8,3
3,2.025522926685717,4,8,3
4,2.025522926685717,4,8,3
5,2.025522926685717,4,8,3
6,2.025522926685717,4,8,3
7,2.025522926685717,4,8,3
8,2.025522926685717,4,8,3
9,2.025522926685717,4,8,3
10,2.025522926685717,4,8,3
11,2.025522926685717,4,8,3
12,2.025522926685717,4,8,3
13,2.025522926685717,4,8,3
14,2.025522926685717,4,8,3
15,2.025522926685717,4,8,3
16,1.952221414780459,4,8,3
17,1.9502072002072002,4,8,3
18,1.9502072002072002,4,8,3
19,1.9478505990133894,4,8,4
20,1.9478505990133894,4,8,4
21,1.9443084238166204,4,8,3
22,1.9443084238166204,4,8,3
23,1.9372273474933848,4,9,3
24,1.9049364613880742,4,9,3
25,1.9049364613880742,4,9,3
26,1.9049364613880742,4,9,3
27,1.8947286804325567,4,8,3
28,1.8947286804325567,4,8,3
29,1.8947286804325567,4,8,3
30,1.8947286804325567,4,8,3
31,1.8947286804325567,4,8,3
32,1.8947286804325567,4,8,3
33,1.8923603718685686,4,8,3
34,1.8923603718685686,4,8,3
35,1.880551618923712,4,9,3
36,1.880551618923712,4,9,3
37,1.8540773180308063,4,8,3
38,1.8540773180308063,4,8,3
39,1.826745718050066,4,8,4
40,1.8221858786374916,4,9,3
41,1.8221858786374916,4,9,3
42,1.8221858786374916,4,9,3
43,1.8221858786374916,4,9,3
44,1.7925106276569143,4,9,3
45,1.5226430976430976,4,9,2
46,1.464941017029859,4,8,2
47,1.429898058930317,4,9,2
48,1.4281442420977304,4,8,2
49,1.415324780458617,4,9,2
