,mq,No. Clus,Max clus,Min clus
0,1.7636645197620808,5,10,3
1,1.3899092197092933,5,12,1
2,1.2934411118525464,5,10,3
3,1.1976472037447647,5,11,1
4,1.183860346191939,5,10,3
5,1.1688117904058726,5,11,1
6,1.161426299045599,5,10,3
7,1.1613732492465112,5,10,3
8,1.1575461936437546,5,11,2
9,1.1529568611981513,5,10,3
10,1.151554699757524,5,11,3
11,1.142144396721598,5,11,3
12,1.1317516755730217,5,10,3
13,1.123187601658948,5,10,3
14,1.1222002511701525,5,10,3
15,1.1197414025001613,5,10,3
16,1.1184094536835374,5,11,3
17,1.1140444617308078,5,10,3
18,1.1075880842561556,5,11,1
19,1.1006893315113118,5,10,3
20,1.0987948137476846,5,10,3
21,1.0983521457205667,5,11,3
22,1.0983521457205667,5,11,3
23,1.0945427178099012,5,10,3
24,1.0836181362497153,5,10,3
25,1.0825532955377546,5,11,3
26,1.0807846066871265,5,11,3
27,1.0770114942528737,5,11,1
28,1.0633502276766034,5,10,3
29,1.0544665234514858,4,11,3
30,1.0326602745081006,5,14,1
31,1.0323014383989995,5,10,3
32,1.0300472403413579,5,10,3
33,1.0296034494161412,5,11,3
34,1.0296034494161412,5,11,3
35,1.0247723008698617,5,11,2
36,1.0197910065314464,5,11,3
37,1.0188496451212063,5,10,3
38,0.9933300604032312,4,12,3
39,0.9910921854420235,5,10,3
40,0.9842533162173727,5,11,3
41,0.9824427797434764,5,11,2
42,0.9786883847859458,5,10,3
43,0.9811829704257393,5,13,1
44,0.9644357366771159,5,11,1
45,0.9541661617997497,5,10,2
46,0.9527635020133671,5,11,2
47,0.9506156334587708,5,13,1
48,0.9306796116504853,5,11,3
49,0.9312237058715932,4,13,2
50,0.9034524814710573,5,11,3
51,0.8898529583381958,5,11,3
52,0.8907657657657657,4,13,1
53,0.8885707508809976,5,10,3
54,0.8585934746431934,5,12,2
55,0.8439040394340951,5,10,3
56,0.8146388858901004,5,12,2
57,0.8032212885154062,5,12,1
58,0.7902853673345477,5,11,1
59,0.7747161627758643,5,11,1
