,mq,No. Clus,Max clus,Min clus
0,1.6892085152373901,5,10,3
1,1.6332383001177688,5,9,2
2,1.6332383001177688,5,9,2
3,1.6332383001177688,5,9,2
4,1.6332383001177688,5,9,2
5,1.6332383001177688,5,9,2
6,1.6332383001177688,5,9,2
7,1.6332383001177688,5,9,2
8,1.6309429700734048,5,9,3
9,1.6245006622572604,5,9,2
10,1.6245006622572604,5,9,2
11,1.6219488188976379,5,10,3
12,1.6044252958284577,5,9,2
13,1.6044252958284577,5,9,2
14,1.5978374553955947,5,10,2
15,1.5913277156592662,5,9,2
16,1.5909500260943727,5,10,2
17,1.5909500260943727,5,10,2
18,1.5885518934081344,5,9,3
19,1.5879960047118735,5,8,2
20,1.5772557075456763,5,9,2
21,1.5652894491129785,5,8,2
22,1.5652894491129785,5,8,2
23,1.5652894491129785,5,8,2
24,1.5652894491129785,5,8,2
25,1.5574769348777215,5,9,2
26,1.5574769348777215,5,9,2
27,1.5574769348777215,5,9,2
28,1.5574769348777215,5,9,2
29,1.5574769348777215,5,9,2
30,1.5486323032492662,5,10,2
31,1.5442329335235314,5,8,2
32,1.5395960754332314,5,9,2
33,1.5395960754332314,5,9,2
34,1.5245210727969347,5,10,2
35,1.5233726150392817,5,8,2
36,1.5233726150392817,5,8,2
37,1.4852648768231864,5,9,2
38,1.3400263948128455,5,9,1
39,1.3371830714354576,5,8,2
40,1.3283940338611022,5,8,2
41,1.326520403282367,5,10,1
42,1.3257269279393173,5,8,1
43,1.3189857761286334,5,9,2
44,1.3189857761286334,5,9,2
45,1.3183926897844422,5,8,1
46,1.3164419105140754,5,9,1
47,1.3164419105140754,5,9,1
48,1.3164419105140754,5,9,1
49,1.3001272414063112,5,9,1
50,1.2857762798484447,5,10,1
51,1.2857762798484447,5,10,1
52,1.2857762798484447,5,10,1
53,1.2857762798484447,5,10,1
54,1.2857762798484447,5,10,1
55,1.2857762798484447,5,10,1
56,1.2857762798484447,5,10,1
57,1.2475417669232731,5,9,1
58,1.2475417669232731,5,9,1
59,1.227745438865982,4,9,6
