,mq,No. Clus,Max clus,Min clus
0,1.927361853832442,4,9,3
1,1.927361853832442,4,9,3
2,1.927361853832442,4,9,3
3,1.927361853832442,4,9,3
4,1.927361853832442,4,9,3
5,1.927361853832442,4,9,3
6,1.927361853832442,4,9,3
7,1.927361853832442,4,9,3
8,1.927361853832442,4,9,3
9,1.927361853832442,4,9,3
10,1.927361853832442,4,9,3
11,1.927361853832442,4,9,3
12,1.927361853832442,4,9,3
13,1.927361853832442,4,9,3
14,1.927361853832442,4,9,3
15,1.927361853832442,4,9,3
16,1.927361853832442,4,9,3
17,1.927361853832442,4,9,3
18,1.927361853832442,4,9,3
19,1.927361853832442,4,9,3
20,1.927361853832442,4,9,3
21,1.927361853832442,4,9,3
22,1.927361853832442,4,9,3
23,1.927361853832442,4,9,3
24,1.927361853832442,4,9,3
25,1.927361853832442,4,9,3
26,1.927361853832442,4,9,3
27,1.927361853832442,4,9,3
28,1.927361853832442,4,9,3
29,1.927361853832442,4,9,3
30,1.927361853832442,4,9,3
31,1.927361853832442,4,9,3
32,1.9181818181818182,4,8,3
33,1.913879573401009,4,8,3
34,1.8537735849056602,4,9,3
35,1.8537735849056602,4,9,3
36,1.8221019721019722,4,10,3
37,1.5245379335666613,4,8,4
38,1.5245379335666613,4,8,4
39,1.5245379335666613,4,8,4
40,1.5179297760919546,4,8,4
41,1.500056889293435,4,10,2
42,1.500056889293435,4,10,2
43,1.4968174899681748,4,8,2
44,1.490909090909091,4,9,2
45,1.4866068461282818,4,9,2
46,1.4866068461282818,4,9,2
47,1.4342245989304814,4,9,4
48,1.4342245989304814,4,9,4
49,1.4342245989304814,4,9,4
