,mq,No. Clus,Max clus,Min clus
0,1.5906818891940337,5,11,4
1,1.5433069867291178,5,11,4
2,1.5433069867291178,5,11,4
3,1.5433069867291178,5,11,4
4,1.5433069867291178,5,11,4
5,1.5433069867291178,5,11,4
6,1.5433069867291178,5,11,4
7,1.5433069867291178,5,11,4
8,1.5433069867291178,5,11,4
9,1.5433069867291178,5,11,4
10,1.5433069867291178,5,11,4
11,1.5433069867291178,5,11,4
12,1.5433069867291178,5,11,4
13,1.5433069867291178,5,11,4
14,1.5433069867291178,5,11,4
15,1.5433069867291178,5,11,4
16,1.5433069867291178,5,11,4
17,1.5433069867291178,5,11,4
18,1.5433069867291178,5,11,4
19,1.5433069867291178,5,11,4
20,1.5433069867291178,5,11,4
21,1.5433069867291178,5,11,4
22,1.5433069867291178,5,11,4
23,1.5433069867291178,5,11,4
24,1.5433069867291178,5,11,4
25,1.5433069867291178,5,11,4
26,1.5433069867291178,5,11,4
27,1.5433069867291178,5,11,4
28,1.5433069867291178,5,11,4
29,1.5433069867291178,5,11,4
30,1.5433069867291178,5,11,4
31,1.5433069867291178,5,11,4
32,1.5433069867291178,5,11,4
33,1.5433069867291178,5,11,4
34,1.5388823835545147,5,10,4
35,1.5388823835545147,5,10,4
36,1.5388823835545147,5,10,4
37,1.5388823835545147,5,10,4
38,1.5388823835545147,5,10,4
39,1.5388823835545147,5,10,4
40,1.5388823835545147,5,10,4
41,1.5182306255835667,5,10,4
42,1.502881587121519,5,11,3
43,1.502881587121519,5,11,3
44,1.502881587121519,5,11,3
45,1.4847694375516955,5,11,3
46,1.4823835532226792,5,11,2
47,1.4823835532226792,5,11,2
48,1.4605055682894017,5,10,4
49,1.4566709292412616,5,12,4
50,1.4251012712777418,5,11,3
51,1.4251012712777418,5,11,3
52,1.3735476799415418,5,12,3
53,1.3491727875949189,5,12,4
54,1.3455640652361964,5,11,4
55,1.3455640652361964,5,11,4
56,1.3455640652361964,5,11,4
57,1.3182165825119985,5,11,3
58,1.318767465648694,5,12,3
59,1.2398217317487266,5,11,3
