,mq,No. Clus,Max clus,Min clus
0,2.0540636544472863,5,6,2
1,2.0540636544472863,5,6,2
2,2.0540636544472863,5,6,2
3,2.0540636544472863,5,6,2
4,2.0540636544472863,5,6,2
5,2.0540636544472863,5,6,2
6,2.0540636544472863,5,6,2
7,2.0540636544472863,5,6,2
8,2.0540636544472863,5,6,2
9,2.0540636544472863,5,6,2
10,2.0540636544472863,5,6,2
11,2.0540636544472863,5,6,2
12,2.0540636544472863,5,6,2
13,2.0540636544472863,5,6,2
14,2.0540636544472863,5,6,2
15,2.0540636544472863,5,6,2
16,2.0540636544472863,5,6,2
17,2.0540636544472863,5,6,2
18,2.0540636544472863,5,6,2
19,2.0540636544472863,5,6,2
20,2.0540636544472863,5,6,2
21,2.0540636544472863,5,6,2
22,2.0540636544472863,5,6,2
23,2.0540636544472863,5,6,2
24,1.907516339869281,5,7,2
25,1.907516339869281,5,7,2
26,1.8964646464646464,5,6,2
27,1.8964646464646464,5,6,2
28,1.8964646464646464,5,6,2
29,1.8964646464646464,5,6,2
30,1.8964646464646464,5,6,2
31,1.8964646464646464,5,6,2
32,1.8964646464646464,5,6,2
33,1.7108519269776878,5,6,2
34,1.7086867305061562,5,7,2
35,1.7086867305061562,5,7,2
36,1.7086867305061562,5,7,2
37,1.6108695652173912,5,7,2
38,1.6108695652173912,5,7,2
39,1.6108695652173912,5,7,2
40,1.6108695652173912,5,7,2
41,1.5949612403100775,5,7,2
