,mq,No. Clus,Max clus,Min clus
0,1.6959100713456114,3,9,4
1,1.6959100713456114,3,9,4
2,1.6959100713456114,3,9,4
3,1.6959100713456114,3,9,4
4,1.6959100713456114,3,9,4
5,1.6959100713456114,3,9,4
6,1.6959100713456114,3,9,4
7,1.6959100713456114,3,9,4
8,1.6959100713456114,3,9,4
9,1.6959100713456114,3,9,4
10,1.6959100713456114,3,9,4
11,1.6959100713456114,3,9,4
12,1.6959100713456114,3,9,4
13,1.663574138215405,3,8,4
14,1.663574138215405,3,8,4
15,1.663574138215405,3,8,4
16,1.663574138215405,3,8,4
17,1.663574138215405,3,8,4
18,1.663574138215405,3,8,4
19,1.663574138215405,3,8,4
20,1.663574138215405,3,8,4
21,1.663574138215405,3,8,4
22,1.663574138215405,3,8,4
23,1.663574138215405,3,8,4
24,1.663574138215405,3,8,4
25,1.663057906089265,3,9,4
26,1.663057906089265,3,9,4
27,1.663057906089265,3,9,4
28,1.663057906089265,3,9,4
29,1.663057906089265,3,9,4
30,1.663057906089265,3,9,4
31,1.663057906089265,3,9,4
32,1.663057906089265,3,9,4
33,1.663057906089265,3,9,4
34,1.6513883979419504,3,8,5
35,1.6513883979419504,3,8,5
36,1.616115051221434,3,8,5
37,1.614194215697975,3,9,5
38,1.614194215697975,3,9,5
39,1.4712885154061626,3,10,4
40,1.4474967024144059,3,9,3
41,1.4474967024144059,3,9,3
