,mq,No. Clus,Max clus,Min clus
0,2.1270873094402507,9,5,2
1,2.0840099405616646,9,5,2
2,2.0840099405616646,9,5,2
3,2.0385842766481863,9,5,2
4,2.015695842814487,9,5,2
5,1.9676338592667193,9,5,2
6,1.943319777917301,9,5,2
7,1.9410691594902119,9,5,2
8,1.9401503725033136,9,5,2
9,1.9360404526733128,9,5,2
10,1.9211816496752978,9,5,2
11,1.9079541825052662,9,5,2
12,1.9032096523950455,9,5,2
13,1.9032096523950455,9,5,2
14,1.900427083416774,9,5,2
15,1.899846508267561,9,5,2
16,1.898710796459972,9,5,2
17,1.898710796459972,9,5,2
18,1.8979020667351678,9,5,2
19,1.8955334452044976,9,5,2
20,1.8946084130294656,9,5,2
21,1.8945866275763183,9,5,2
22,1.8945866275763183,9,5,2
23,1.8945866275763183,9,5,2
24,1.8902642328622719,9,5,2
25,1.8871722001022775,9,5,2
26,1.867400721770252,9,5,2
27,1.8643408179122463,9,5,2
28,1.8634932319142843,9,5,2
29,1.8634932319142843,9,5,2
30,1.863065121617753,9,5,2
31,1.8595930969615178,9,5,2
32,1.854376312770071,9,5,2
33,1.8520465439426887,9,5,2
34,1.8412591493473847,9,5,2
35,1.840742458329672,9,5,2
36,1.8091431069925692,9,5,2
37,1.800216200011282,9,5,2
38,1.7864753671115405,9,5,2
39,1.7574511102044785,9,5,2
40,1.7532368216578744,9,5,2
41,1.6981535782404475,9,5,2
42,1.6760997183730537,9,5,2
43,1.6541963470685652,9,5,2
44,1.6376557209890543,9,5,2
45,1.6345142705238258,9,5,2
46,1.6224848000280927,9,5,2
47,1.6218088692353398,9,5,2
48,1.5811016178663237,9,5,2
49,1.5753710541288477,9,5,2
50,1.5634914874873762,9,5,2
51,1.5559091704006076,9,5,2
52,1.5491753860174913,9,5,2
53,1.5425764548076377,9,5,2
54,1.542396017960534,9,5,2
55,1.5362940072621818,9,5,2
56,1.532536219173406,9,5,2
57,1.4778646332354772,9,5,2
58,1.4606570922482116,9,5,2
59,1.3813431137497352,9,5,2
