,mq,No. Clus,Max clus,Min clus
0,2.17244494635799,6,4,2
1,2.092996324804105,6,4,3
2,2.03305100696405,6,4,2
3,2.03305100696405,6,4,2
4,2.0125465178096755,7,4,2
5,2.0121645360775795,6,5,2
6,1.9920040743570153,6,4,2
7,1.968181818181818,7,4,2
8,1.968181818181818,7,4,2
9,1.9137047163362952,6,4,2
10,1.9086413586413586,7,5,1
11,1.879599567099567,7,4,2
12,1.876046176046176,6,4,3
13,1.8715728715728712,6,4,2
14,1.871361558977658,6,5,2
15,1.865231259968102,5,7,3
16,1.85699096225412,7,4,2
17,1.8531576266870382,7,4,2
18,1.8531576266870382,7,4,2
19,1.80855161118319,6,7,2
20,1.7919129374237732,6,5,3
21,1.7724082934609249,7,3,2
22,1.7697524697524698,6,5,2
23,1.7616027383469246,7,6,2
24,1.7567023619655198,6,5,2
25,1.7325151113076809,7,5,2
26,1.7006823585770954,8,3,2
27,1.6966048998880736,5,8,1
28,1.6909007119247392,5,9,2
29,1.6871510326618684,7,4,1
30,1.682929278324015,8,4,1
31,1.6295315795315795,8,4,2
32,1.637987987987988,4,11,2
33,1.6077024111079838,7,4,1
34,1.5809678938590077,4,7,2
35,1.5293283714336345,4,10,3
36,1.5268746847694217,6,5,2
37,1.5293283714336345,4,10,3
38,1.5180555555555555,5,11,1
39,1.5052922736492715,6,4,2
40,1.4594017094017095,4,14,2
41,1.3237350622934148,4,10,3
