,mq,No. Clus,Max clus,Min clus
0,2.234782608695652,6,4,2
1,2.234782608695652,6,4,2
2,1.816081871345029,7,4,2
3,1.7795815295815296,4,10,2
4,1.7758190232614783,5,8,2
5,1.7349493725789324,6,6,2
6,1.7119498858629294,5,4,4
7,1.672222222222222,5,8,2
8,1.6509794553272814,6,5,2
9,1.6110201345495463,7,4,2
10,1.5801341589267286,6,5,2
11,1.5790223406435746,5,7,2
12,1.550326166959027,6,5,2
13,1.5050287356321839,5,5,2
14,1.4885073646683553,7,4,2
15,1.4965819721718088,4,10,2
16,1.4693508246139824,8,4,2
17,1.4665783141589592,7,5,1
18,1.4595588235294117,5,6,2
19,1.450496894409938,5,7,2
20,1.4239304812834224,7,6,2
21,1.407142857142857,4,12,2
22,1.3607694956349576,7,5,2
23,1.3408181700864628,5,6,2
24,1.3301591361182155,7,4,1
25,1.307653131182543,7,4,2
26,1.3120193646509435,4,10,2
27,1.3089694801322709,4,8,3
28,1.3117948717948718,3,13,3
29,1.29745493107105,5,6,2
30,1.298881261123824,3,13,3
31,1.2797682709447415,7,4,2
32,1.2827485380116959,5,7,2
33,1.242207792207792,9,4,1
34,1.1807516684229014,4,12,2
35,1.169047619047619,7,4,2
36,1.1296021782729648,6,7,1
37,1.127447869734621,6,6,2
38,1.1109682371292278,7,4,1
39,1.1003473815297897,3,12,4
40,1.0898692810457518,5,11,1
41,1.0786201437096576,5,9,2
