,mq,No. Clus,Max clus,Min clus
0,1.9298097251585622,5,7,3
1,1.9298097251585622,5,7,3
2,1.9298097251585622,5,7,3
3,1.9298097251585622,5,7,3
4,1.9298097251585622,5,7,3
5,1.8921212121212119,5,7,3
6,1.8921212121212119,5,7,3
7,1.8921212121212119,5,7,3
8,1.8803030303030301,5,6,3
9,1.869031781226903,5,6,3
10,1.7661442006269592,5,8,2
11,1.7555555555555555,5,7,3
12,1.7555555555555555,5,7,3
13,1.7555555555555555,5,7,3
14,1.7555555555555555,5,7,3
15,1.7555555555555555,5,7,3
16,1.7555555555555555,5,7,3
17,1.7338461538461538,5,7,2
18,1.7338461538461538,5,7,2
19,1.688478772689299,5,6,3
20,1.6828282828282828,5,7,2
21,1.6709713413201785,5,7,2
22,1.6690952073930798,5,8,2
23,1.6666666666666665,5,7,2
24,1.662121212121212,5,8,2
25,1.6594017094017093,5,8,2
26,1.623859649122807,5,7,3
27,1.5972804972804973,5,7,2
28,1.5953397006028585,5,7,3
29,1.5868183973447132,5,7,3
30,1.5721615359152596,5,8,3
31,1.5343434343434343,5,7,2
32,1.5258658008658008,5,7,2
33,1.5258658008658008,5,7,2
34,1.5219312602291326,5,8,2
35,1.491219891219891,5,7,3
36,1.491219891219891,5,7,3
37,1.4614718614718614,5,6,3
38,1.4544979469951476,5,8,2
39,1.4212607790663099,5,9,2
40,1.400799558864075,5,6,3
41,1.331168831168831,5,7,2
