,mq,No. Clus,Max clus,Min clus
0,1.8328108672936259,3,10,4
1,1.8328108672936259,3,10,4
2,1.8328108672936259,3,10,4
3,1.816768086544963,3,8,6
4,1.816768086544963,3,8,6
5,1.816768086544963,3,8,6
6,1.816768086544963,3,8,6
7,1.816768086544963,3,8,6
8,1.7705172020961495,3,9,4
9,1.743640474844545,3,9,5
10,1.743640474844545,3,9,5
11,1.743640474844545,3,9,5
12,1.743640474844545,3,9,5
13,1.743640474844545,3,9,5
14,1.7410759175465058,3,9,5
15,1.7410759175465058,3,9,5
16,1.7410759175465058,3,9,5
17,1.7410759175465058,3,9,5
18,1.7410759175465058,3,9,5
19,1.7410759175465058,3,9,5
20,1.7410759175465058,3,9,5
21,1.7353779118485,3,9,5
22,1.7353779118485,3,9,5
23,1.7353779118485,3,9,5
24,1.7228424596845648,3,9,4
25,1.7200746965452849,3,7,6
26,1.7228424596845648,3,9,4
27,1.7177658942364826,3,8,6
28,1.674025974025974,3,8,5
29,1.6600790513833992,3,8,5
30,1.6481481481481481,3,9,5
31,1.6481481481481481,3,9,5
32,1.6481481481481481,3,9,5
33,1.6481481481481481,3,9,5
34,1.6472089314194576,3,10,4
35,1.6472089314194576,3,10,4
36,1.6472089314194576,3,10,4
37,1.6472089314194576,3,10,4
38,1.6036443683502508,3,8,5
39,1.5591678635156896,3,9,4
40,1.5564993564993563,3,7,6
41,1.5209103840682787,3,9,4
