,mq,No. Clus,Max clus,Min clus
0,1.369047619047619,4,4,3
1,1.369047619047619,4,4,3
2,1.369047619047619,4,4,3
3,1.369047619047619,4,4,3
4,1.369047619047619,4,4,3
5,1.369047619047619,4,4,3
6,1.369047619047619,4,4,3
7,1.369047619047619,4,4,3
8,1.369047619047619,4,4,3
9,1.369047619047619,4,4,3
10,1.369047619047619,4,4,3
11,1.369047619047619,4,4,3
12,1.369047619047619,4,4,3
13,1.3077731092436973,3,7,3
14,1.3077731092436973,3,7,3
15,1.244047619047619,4,4,3
16,1.1875,3,7,3
17,1.1228260869565219,3,5,3
18,1.1228260869565219,3,5,3
19,1.1228260869565219,3,5,3
20,1.0916666666666666,4,4,3
21,1.0916666666666666,4,4,3
22,1.0892857142857144,4,4,3
23,1.0892857142857144,4,4,3
24,1.0285714285714285,3,6,3
25,0.987012987012987,3,6,3
