,mq,No. Clus,Max clus,Min clus
0,1.415064935064935,3,5,3
1,1.415064935064935,3,5,3
2,1.415064935064935,3,5,3
3,1.3255411255411256,3,6,3
4,1.2984189723320159,4,4,2
5,1.2984189723320159,4,4,2
6,1.2784189723320158,4,5,1
7,1.2121212121212122,3,8,2
8,1.2121212121212122,3,8,2
9,1.2121212121212122,3,8,2
10,1.2121212121212122,3,8,2
11,1.1671122994652408,4,6,2
12,1.146103896103896,4,5,2
13,1.142929292929293,3,9,2
14,1.142929292929293,3,9,2
15,1.142929292929293,3,9,2
16,1.0936363636363637,4,5,2
17,1.0860646599777035,3,5,4
18,1.0895104895104895,3,7,2
19,1.083100233100233,5,4,2
20,1.034313725490196,3,10,1
21,0.9627705627705627,4,5,1
22,0.9285714285714286,4,5,1
23,0.8771929824561403,3,11,1
24,0.8571428571428572,5,5,1
25,0.8771929824561403,3,11,1
26,0.8300677650522852,5,4,2
27,0.8221850613154961,4,4,2
