,mq,No. Clus,Max clus,Min clus
0,1.7472155174018529,5,14,2
1,1.7047022281967852,11,4,2
2,1.5248857623857623,8,9,2
3,1.5145524138782567,5,12,2
4,1.494811741930386,9,4,2
5,1.4847476162537765,5,16,2
6,1.4669083926642719,10,4,1
7,1.4659496090062571,10,4,2
8,1.4313344628480615,9,5,2
9,1.4279061013135836,9,4,2
10,1.4264329647507217,5,17,2
11,1.422125839583145,5,16,2
12,1.3975288217997897,10,4,1
13,1.3872152795989494,9,7,2
14,1.381024531024531,7,11,2
15,1.3798145250975438,6,13,2
16,1.3679608294930874,9,5,2
17,1.3609739136733041,9,5,1
18,1.35225119905971,10,5,2
19,1.3490956186761713,10,4,1
20,1.3415687755693355,9,5,2
21,1.3358605174266969,10,4,2
22,1.3278491615013808,7,6,2
23,1.3220879160150707,10,4,2
24,1.3241687973921312,6,11,2
25,1.3177415879503165,10,5,2
26,1.3133415258576548,7,10,2
27,1.3108532126326566,9,5,2
28,1.3108532126326566,9,5,2
29,1.2947842435619301,11,4,1
30,1.270797548455341,12,4,1
31,1.270575510673035,9,6,2
32,1.2701007326007328,9,9,2
33,1.2506173277537866,11,5,1
34,1.2506173277537866,11,5,1
35,1.2350714821901263,9,4,2
36,1.227782052316214,6,14,2
37,1.2171922839719826,10,6,1
38,1.2116182630564463,10,4,2
39,1.1924749306562858,10,5,1
40,1.185303726480197,9,5,1
41,1.1621995267156557,7,14,2
42,1.1379346459991622,3,21,3
43,1.1181591882317594,7,8,1
44,1.1043773220243809,4,17,2
45,1.06219633532975,10,5,2
46,1.0470207952966573,9,5,1
47,1.0428595226196427,4,18,2
48,1.0240609064138475,9,5,2
49,1.0226600985221674,4,18,2
50,0.9941971783085981,7,6,1
51,0.9798726344120203,3,12,5
52,0.975075759452385,3,17,3
53,0.9629052464867804,5,16,2
54,0.9378447861206481,6,9,2
55,0.9301994029923801,5,14,2
56,0.9254169178219811,6,16,2
57,0.9186023440383906,7,10,1
58,0.913366593389191,8,8,2
59,0.8704370342301377,3,22,3
