,mq,No. Clus,Max clus,Min clus
0,1.935863997186225,7,8,3
1,1.935863997186225,7,8,3
2,1.935863997186225,7,8,3
3,1.872886817864498,9,5,3
4,1.7933630083406884,10,3,2
5,1.7933630083406884,10,3,2
6,1.7933630083406884,10,3,2
7,1.7933630083406884,10,3,2
8,1.795544095629875,8,6,3
9,1.795544095629875,8,6,3
10,1.7933630083406884,10,3,2
11,1.7933630083406884,10,3,2
12,1.7933630083406884,10,3,2
13,1.7933630083406884,10,3,2
14,1.7782607939768673,9,4,3
15,1.7767409049538792,9,4,3
16,1.728773342687193,10,3,2
17,1.728773342687193,10,3,2
18,1.728773342687193,10,3,2
19,1.7244931330663493,10,4,2
20,1.703975543953224,10,4,2
21,1.7140405451951888,6,14,3
22,1.7140405451951888,6,14,3
23,1.6949050366471017,9,4,3
24,1.673264685610787,10,3,2
25,1.673264685610787,10,3,2
26,1.673264685610787,10,3,2
27,1.6617663391628223,10,4,2
28,1.6391146423276166,8,8,3
29,1.6168924201053942,10,3,2
30,1.6168924201053942,10,3,2
31,1.6601507687714583,4,17,3
32,1.6391146423276166,8,8,3
33,1.574524976674121,8,9,2
34,1.5746393410626984,6,12,2
35,1.5746393410626984,6,12,2
36,1.5709990268129803,4,14,3
37,1.5426906426906426,8,6,2
38,1.5280035312165055,9,5,3
39,1.5280035312165055,9,5,3
40,1.5280035312165055,9,5,3
41,1.5092954838508872,10,3,2
42,1.52406682464822,9,6,2
43,1.519016319597715,8,9,2
44,1.4793924201053943,10,3,2
45,1.4930532371220218,7,9,3
46,1.478473407687463,7,12,2
47,1.4547298463023024,6,9,2
48,1.4058199518039265,10,3,2
49,1.3893962246903424,6,9,3
50,1.3749978756405024,7,12,2
51,1.2881709351388482,5,15,2
52,1.2103149445342134,9,5,2
53,1.1951199283132057,10,4,2
54,1.1584801824315503,7,6,3
55,1.146551724137931,3,24,2
56,1.1346984770919863,3,13,3
57,0.9624491666189359,6,14,3
