,mq,No. Clus,Max clus,Min clus
0,2.2832674571805005,6,4,2
1,2.1369038208168645,6,4,2
2,2.1261246000376435,7,4,2
3,2.1059056033480585,6,4,2
4,1.933027756557168,6,4,2
5,1.8928995840760547,7,4,2
6,1.8723529411764708,6,6,1
7,1.8453654188948305,6,4,3
8,1.7769404508534943,7,4,2
9,1.7496741820271233,8,4,2
10,1.755366726296959,4,8,2
11,1.71544044191103,6,6,2
12,1.7184873949579833,3,10,4
13,1.683261183261183,8,4,2
14,1.6691260430390866,6,5,2
15,1.6688995215311004,6,7,2
16,1.6688995215311004,6,7,2
17,1.6624819624819624,8,6,2
18,1.6404329004329004,5,5,3
19,1.627078141816424,6,8,2
20,1.6125541125541125,7,4,2
21,1.6159583450605122,7,6,1
22,1.6,3,12,4
23,1.5814905814905815,3,13,3
24,1.5742424242424242,4,11,2
25,1.5620490620490621,7,5,2
26,1.5534121235226839,3,10,2
27,1.5313131313131314,6,4,2
28,1.4804040404040402,7,4,1
29,1.4719620958751394,7,4,2
30,1.4623015873015872,8,4,1
31,1.4348448162007486,5,10,2
32,1.3687763713080168,3,13,1
33,1.3273809523809523,7,5,1
34,1.3166666666666667,5,7,2
35,1.3142676767676769,6,6,2
36,1.208125208125208,8,5,1
37,1.1921679197994988,7,7,2
38,1.1893939393939394,6,5,2
39,1.173896279159437,8,4,1
40,1.15,4,11,2
41,1.0635964912280702,8,4,2
