,mq,No. Clus,Max clus,Min clus
0,2.058343508343508,6,5,2
1,2.058343508343508,6,5,2
2,2.046438746438746,7,5,2
3,1.9402963702963703,6,5,2
4,1.9353276353276352,7,5,2
5,1.8493872793872794,7,5,2
6,1.802847689944464,6,5,2
7,1.8040487880913412,5,8,2
8,1.8040487880913412,5,8,2
9,1.7692159692159692,6,5,2
10,1.76378767431399,7,4,2
11,1.682516339869281,7,3,2
12,1.6621122994652409,7,4,2
13,1.65969696969697,6,4,2
14,1.6450582750582752,7,4,1
15,1.6407509157509157,7,5,2
16,1.6306277056277056,6,5,2
17,1.6169880996196786,7,4,2
18,1.5824175824175823,6,7,2
19,1.509334521687463,7,4,2
20,1.4971988795518207,5,6,2
21,1.4968509984639016,5,5,1
22,1.489047619047619,7,4,1
23,1.4839099496994232,8,4,1
24,1.4787878787878788,8,3,1
25,1.4283302662250033,5,5,2
26,1.4136173767752716,7,4,2
27,1.364864864864865,5,7,2
28,1.3110251450676982,4,8,3
29,1.309047619047619,7,4,1
30,1.3020639834881322,8,4,1
31,1.2933782841199721,7,4,1
32,1.2869174942704356,7,3,2
33,1.2609719485880477,9,3,1
34,1.2579598729443933,7,4,2
35,1.2083916083916084,8,4,2
36,1.154417670682731,3,14,3
37,1.1253300475268437,5,7,2
38,1.0935897435897437,3,13,3
39,1.0720279720279722,8,4,2
40,0.9775362318840579,8,4,1
41,0.9113827349121468,8,3,2
