,mq,No. Clus,Max clus,Min clus
0,1.8970588235294117,6,6,1
1,1.8970588235294117,6,6,1
2,1.8092299857005738,6,6,1
3,1.7628205128205128,6,6,1
4,1.7628205128205128,6,6,1
5,1.7628205128205128,6,6,1
6,1.7567657567657569,5,7,1
7,1.7567657567657569,5,7,1
8,1.6892666157372038,7,6,1
9,1.6814369228162334,4,7,3
10,1.67010767010767,7,6,1
11,1.6814369228162334,4,7,3
12,1.64531057178116,8,6,1
13,1.6584254455222198,5,8,1
14,1.6440285204991087,8,6,1
15,1.6112745098039216,8,5,1
16,1.6203468309730171,5,7,1
17,1.6195076195076195,4,7,3
18,1.6018130018130017,5,6,1
19,1.6018130018130017,5,6,1
20,1.5834367930919655,6,5,1
21,1.5891833391833392,5,7,3
22,1.566248776874963,5,5,3
23,1.562731386260798,6,6,1
24,1.513107263107263,7,5,1
25,1.5209341030842045,3,11,4
26,1.4986790986790988,7,5,1
27,1.4595571095571096,8,3,1
28,1.4475299210593329,6,4,3
29,1.4345262580556697,7,5,1
30,1.4391826193828419,6,5,1
31,1.4200831847890671,7,4,2
32,1.4137990587625748,3,10,5
33,1.4000792581437742,7,6,1
34,1.3627128058074351,7,4,1
35,1.2681045751633988,8,4,1
36,1.2583666333666335,7,4,1
37,1.2487745098039216,5,6,1
38,1.2192873303167422,3,10,4
39,1.0622093930410361,8,5,1
