,mq,No. Clus,Max clus,Min clus
0,1.5826338082402773,3,20,4
1,1.5826338082402773,3,20,4
2,1.5826338082402773,3,20,4
3,1.5826338082402773,3,20,4
4,1.5826338082402773,3,20,4
5,1.5826338082402773,3,20,4
6,1.5826338082402773,3,20,4
7,1.5826338082402773,3,20,4
8,1.5826338082402773,3,20,4
9,1.5826338082402773,3,20,4
10,1.5826338082402773,3,20,4
11,1.5826338082402773,3,20,4
12,1.5826338082402773,3,20,4
13,1.5826338082402773,3,20,4
14,1.5826338082402773,3,20,4
15,1.5826338082402773,3,20,4
16,1.5826338082402773,3,20,4
17,1.5826338082402773,3,20,4
18,1.5826338082402773,3,20,4
19,1.5826338082402773,3,20,4
20,1.5826338082402773,3,20,4
21,1.5826338082402773,3,20,4
22,1.5826338082402773,3,20,4
23,1.5826338082402773,3,20,4
24,1.5826338082402773,3,20,4
25,1.5826338082402773,3,20,4
26,1.5826338082402773,3,20,4
27,1.5826338082402773,3,20,4
28,1.5826338082402773,3,20,4
29,1.5826338082402773,3,20,4
30,1.5826338082402773,3,20,4
31,1.5826338082402773,3,20,4
32,1.5826338082402773,3,20,4
33,1.5826338082402773,3,20,4
34,1.5826338082402773,3,20,4
35,1.5826338082402773,3,20,4
36,1.5826338082402773,3,20,4
37,1.5826338082402773,3,20,4
38,1.5826338082402773,3,20,4
39,1.5826338082402773,3,20,4
40,1.560714054299229,3,19,4
41,1.560714054299229,3,19,4
42,1.560714054299229,3,19,4
43,1.560714054299229,3,19,4
44,1.560714054299229,3,19,4
45,1.5347549987127778,3,21,4
46,1.5347549987127778,3,21,4
47,1.4769590278859637,3,19,5
48,1.4769590278859637,3,19,5
49,1.4769590278859637,3,19,5
50,1.4769590278859637,3,19,5
51,1.4293300937174593,3,20,4
52,1.4293300937174593,3,20,4
53,1.4293300937174593,3,20,4
54,1.335046658068432,3,21,3
55,1.335046658068432,3,21,3
56,1.3138515022006763,3,20,3
57,1.3138515022006763,3,20,3
58,1.3138515022006763,3,20,3
59,1.3138515022006763,3,20,3
