,mq,No. Clus,Max clus,Min clus
0,1.972829254079254,11,4,2
1,1.3225739857632541,8,11,2
2,1.3126429126429127,7,9,2
3,1.3070011912811101,13,3,2
4,1.3115792879768036,9,6,2
5,1.2993431203744004,8,7,2
6,1.2997229492890052,5,16,2
7,1.2948909772680264,7,8,2
8,1.291480480358925,9,5,2
9,1.2704698648223445,7,8,2
10,1.2510683263318518,7,13,2
11,1.237336734079692,10,6,1
12,1.234752056546181,10,6,2
13,1.2304423545802856,6,14,2
14,1.2249085732460117,8,12,2
15,1.2299186396177741,4,23,2
16,1.2232548609830558,7,16,2
17,1.215060515060515,6,11,2
18,1.210964921927351,7,15,1
19,1.1974076279494998,10,6,2
20,1.1970603172060748,6,9,1
21,1.192878687302752,5,18,2
22,1.192878687302752,5,18,2
23,1.1856388821906063,6,14,2
24,1.1732129635619963,9,9,2
25,1.170061914889501,7,15,2
26,1.1629069363766158,9,6,2
27,1.1669934640522874,5,11,2
28,1.1618937155601137,10,5,1
29,1.1607709750566892,6,13,2
30,1.1571340536857777,7,12,2
31,1.1564852060427282,7,9,1
32,1.151686100796908,9,8,2
33,1.1518214936247722,6,12,1
34,1.1460698314413487,10,5,2
35,1.143931623931624,5,16,1
36,1.1406589154573026,9,8,1
37,1.137050123079535,10,7,2
38,1.1196514645902855,8,8,2
39,1.1093147621708555,10,6,2
40,1.1111869718271319,6,12,2
41,1.100616179685947,5,12,2
42,1.098337779836609,5,16,1
43,1.0864863322784963,8,9,2
44,1.0866077856903544,5,11,2
45,1.0858732720911028,9,7,2
46,1.0843891991432975,5,13,2
47,1.0739965095986037,3,16,6
48,1.060331414617129,5,15,2
49,1.0552544677544677,9,7,2
50,1.0301521438450898,3,22,1
51,1.0014698064233667,5,15,1
52,1.0011421601241959,3,15,2
53,0.9770736277941461,9,6,1
54,0.9785107446276862,3,21,4
55,0.9717171717171716,3,17,2
56,0.9649268658343069,10,5,2
57,0.940781263547034,12,4,1
58,0.9359904989754801,12,4,1
59,0.8903056908518676,10,4,2
