,mq,No. Clus,Max clus,Min clus
0,1.960415426025446,8,15,1
1,1.960415426025446,8,15,1
2,1.960415426025446,8,15,1
3,1.8881864746541652,9,11,1
4,1.7898455391039274,9,4,2
5,1.759393221720808,14,3,1
6,1.758187444739169,11,4,2
7,1.7415607381124623,12,5,1
8,1.7254930848355068,14,3,1
9,1.7254930848355068,14,3,1
10,1.7168854134371376,14,3,1
11,1.7151037831177716,13,4,2
12,1.693075889627614,14,3,1
13,1.693075889627614,14,3,1
14,1.5472720095995958,13,4,1
15,1.5133718727142946,13,4,1
16,1.464772009599596,14,3,2
17,1.485754423603616,9,6,2
18,1.4639386762662625,14,3,2
19,1.4639386762662625,14,3,2
20,1.4341514021653905,14,4,1
21,1.4222720095995958,13,3,2
22,1.4214308679825922,14,3,2
23,1.4214308679825922,14,3,1
24,1.4131319829595692,14,3,2
25,1.3976213441730685,15,2,1
26,1.3976213441730685,14,3,2
27,1.381770449784438,12,6,2
28,1.377638138972472,13,3,2
29,1.3671880717982667,14,3,2
30,1.3608866502955175,13,4,2
31,1.3558267881543746,14,3,1
32,1.3314837780355022,14,3,1
33,1.3103354416697746,11,7,2
34,1.3107476915099419,5,21,2
35,1.2633718727142946,13,3,2
36,1.2784975956077906,12,6,1
37,1.2828121420757306,6,17,2
38,1.2675497873773738,12,8,1
39,1.2752314698964016,6,19,2
40,1.2590426114937554,8,13,2
41,1.2508448555295721,10,9,2
42,1.2309546775064018,14,3,2
43,1.2501208736291194,9,9,2
44,1.220899460579988,10,10,2
45,1.1867029467137502,13,3,2
46,1.185624914301385,16,3,1
47,1.2141101616520211,9,9,2
48,1.186259424051415,11,4,2
49,1.198345981854228,11,9,2
50,1.1684546775064018,13,6,1
51,1.195451380583182,8,11,2
52,1.1596566630840193,8,14,2
53,1.1476213441730685,14,3,2
54,1.1383718727142946,14,3,1
55,1.1011474699083168,6,18,1
56,1.0503557744937055,3,23,3
57,0.8487030113323478,5,19,2
