,mq,No. Clus,Max clus,Min clus
0,2.04969070961718,9,8,1
1,2.04969070961718,9,8,1
2,1.841727145357321,11,3,2
3,1.7311712138336475,11,3,1
4,1.7242944147355914,12,4,1
5,1.7239417236914107,10,4,2
6,1.7086221942258044,9,5,3
7,1.6975511859586272,11,4,2
8,1.659682366763405,10,3,2
9,1.6552452879077215,11,3,2
10,1.6552452879077215,11,3,2
11,1.6332445690118083,10,4,2
12,1.62429078849732,11,4,1
13,1.5928595255219593,10,3,2
14,1.5611459776782355,11,3,2
15,1.5549807376431715,11,3,1
16,1.5549807376431715,11,3,1
17,1.5543927932174357,13,3,1
18,1.5328932297017404,11,4,1
19,1.528482915076758,11,3,2
20,1.5016572535632915,11,3,2
21,1.4771002316378485,12,3,1
22,1.4556021228347205,10,4,2
23,1.4452260962162242,10,4,2
24,1.4235654115503926,11,3,2
25,1.3904755950892482,10,6,1
26,1.366915579900561,9,5,3
27,1.3639513897161217,11,4,2
28,1.37571585664806,8,6,2
29,1.3564177444027257,9,6,2
30,1.3042954981035475,12,3,1
31,1.297404980067414,11,3,1
32,1.2374818201488798,11,3,2
33,1.2613996077358145,6,17,1
34,1.2079293109780913,11,5,1
35,1.2106027795819883,9,6,2
36,1.1975362682847233,11,3,1
37,1.1911492430552808,13,3,1
38,1.1761967556677002,9,6,2
39,1.188897135692056,7,14,1
40,1.1620337995337995,10,9,1
41,1.1702215958029911,6,15,2
42,1.1360625123871548,13,3,1
43,1.161681108489619,8,9,2
44,1.1602532703547896,8,11,1
45,1.1224147406855154,11,3,2
46,1.145815253914087,7,10,3
47,1.1600203717850777,3,17,3
48,1.1113175893663696,11,4,2
49,1.1293374156068456,5,14,1
50,1.1279324703993578,7,16,1
51,1.1279324703993578,7,16,1
52,1.0974323628849412,7,13,1
53,1.0470394194293253,11,4,2
54,1.0317386223551823,11,3,2
55,1.0408212560386474,5,20,1
56,1.0377913752913752,11,8,1
57,1.0220995370145376,3,14,3
