,mq,No. Clus,Max clus,Min clus
0,2.0668487698913665,9,5,1
1,1.7164827192827432,10,5,2
2,1.6192235868706457,10,4,1
3,1.6158153860877904,5,10,3
4,1.603501398997539,7,10,2
5,1.5196311621814718,5,14,3
6,1.4877753731483114,7,9,1
7,1.4736596994336932,5,8,3
8,1.4502174659037403,6,10,3
9,1.4376352547708047,4,16,3
10,1.429349540345597,7,7,3
11,1.4121530920060332,8,5,3
12,1.4110517381169556,7,6,2
13,1.4073445617563265,8,5,1
14,1.39647817075755,4,18,3
15,1.3931106558225204,4,17,3
16,1.3879990516019929,4,18,3
17,1.3773838050401301,9,5,2
18,1.3800905492855957,6,11,3
19,1.3767923247144123,6,10,3
20,1.3656392002147286,6,10,3
21,1.3560372754412882,11,5,1
22,1.3597803184691375,3,22,3
23,1.3531897468563474,6,9,3
24,1.3539467068878834,4,15,3
25,1.3383168851094815,9,4,1
26,1.3346423077357052,10,4,1
27,1.3343062862754165,6,11,3
28,1.331895891564881,7,11,1
29,1.3260616720537006,9,4,1
30,1.3252985923691991,10,5,1
31,1.3244474690954924,8,5,1
32,1.322623616221177,9,4,2
33,1.3216650556855987,8,5,2
34,1.3211601478992852,9,5,1
35,1.3169597967392086,9,5,1
36,1.312368554018961,8,5,2
37,1.2973205667454133,8,5,2
38,1.2849081300638254,9,5,1
39,1.279645533427046,6,14,1
40,1.2778254286389457,9,4,1
41,1.2580829356402552,7,12,1
42,1.2495554119083532,8,9,1
43,1.244296638481872,9,5,1
44,1.244296638481872,9,5,1
45,1.240763435919061,7,11,1
46,1.238772627148887,8,5,1
47,1.2252305958442857,8,7,1
48,1.2288953152111046,4,14,3
49,1.2116654618667964,10,4,1
50,1.1816067766911493,10,5,2
51,1.180745429021291,8,5,2
52,1.1764634571488917,9,5,2
53,1.1607368584006843,7,6,3
54,1.1575071225071225,4,15,3
55,1.1381066913351834,4,14,4
56,1.077890810592145,9,4,2
57,1.0257558224339962,4,12,3
58,1.018710648003716,8,5,1
59,0.9847119122660919,5,9,3
