,mq,No. Clus,Max clus,Min clus
0,2.056305530218574,8,4,2
1,2.056305530218574,8,4,2
2,1.9866022866022865,9,4,2
3,1.9866022866022865,9,4,2
4,1.9912431416267733,7,6,2
5,1.9866022866022865,9,4,2
6,1.9866022866022865,9,4,2
7,1.9912431416267733,7,6,2
8,1.921539898010486,8,6,2
9,1.898266552998011,6,6,2
10,1.8834276834276835,8,4,2
11,1.8834276834276835,8,4,2
12,1.844695827048768,7,7,2
13,1.8336441336441336,7,5,2
14,1.8336441336441336,7,5,2
15,1.8172161172161174,10,2,2
16,1.8172161172161174,10,2,2
17,1.8172161172161174,10,2,2
18,1.8172161172161174,10,2,2
19,1.8172161172161174,10,2,2
20,1.8172161172161174,10,2,2
21,1.8172161172161174,10,2,2
22,1.8172161172161174,10,2,2
23,1.8172161172161174,10,2,2
24,1.8172161172161174,10,2,2
25,1.8172161172161174,10,2,2
26,1.8172161172161174,10,2,2
27,1.8172161172161174,10,2,2
28,1.8172161172161174,10,2,2
29,1.8167032967032966,9,4,2
30,1.8167032967032966,9,4,2
31,1.7412617220801363,5,6,2
32,1.7003032055663634,6,6,2
33,1.6462438146648672,6,10,2
34,1.6446958270487682,9,3,2
35,1.5452934662236988,4,8,2
36,1.5189255189255189,7,7,2
37,1.5161197413978003,4,8,2
38,1.4231884057971014,4,9,2
39,1.4144522144522145,5,12,2
40,1.38008658008658,3,14,2
41,1.1121794871794872,9,3,2
