,mq,No. Clus,Max clus,Min clus
0,1.415064935064935,3,5,3
1,1.415064935064935,3,5,3
2,1.415064935064935,3,5,3
3,1.415064935064935,3,5,3
4,1.415064935064935,3,5,3
5,1.415064935064935,3,5,3
6,1.415064935064935,3,5,3
7,1.415064935064935,3,5,3
8,1.415064935064935,3,5,3
9,1.415064935064935,3,5,3
10,1.415064935064935,3,5,3
11,1.3213286713286714,3,6,3
12,1.3213286713286714,3,6,3
13,1.289782608695652,3,5,4
14,1.289782608695652,3,5,4
15,1.289782608695652,3,5,4
16,1.2650856389986824,3,6,3
17,1.2650856389986824,3,6,3
18,1.2650856389986824,3,6,3
19,1.2650856389986824,3,6,3
20,1.261310782241015,3,7,3
21,1.196978021978022,3,5,4
22,1.165185185185185,3,6,2
23,1.1085714285714285,3,6,2
24,1.1085714285714285,3,6,2
25,1.1085714285714285,3,6,2
26,0.9333333333333333,3,6,2
27,0.9333333333333333,3,6,2
