,mq,No. Clus,Max clus,Min clus
0,1.755994005994006,6,5,2
1,1.7537878787878787,7,5,1
2,1.7537878787878787,7,5,1
3,1.6524170274170273,6,6,2
4,1.6195887445887447,7,4,2
5,1.617063492063492,7,4,2
6,1.5615079365079365,8,4,2
7,1.5384421134421133,8,3,1
8,1.5313852813852813,5,7,1
9,1.5313852813852813,5,7,1
10,1.5138888888888888,6,8,2
11,1.4935432924563359,5,6,2
12,1.4742709904474611,8,3,2
13,1.4223856209150327,8,5,1
14,1.4223856209150327,8,5,1
15,1.409126984126984,8,3,2
16,1.3908119658119658,6,8,2
17,1.3833333333333333,7,4,2
18,1.36998556998557,7,5,2
19,1.3694444444444445,8,4,2
20,1.3694444444444445,8,4,2
21,1.3694444444444445,8,4,2
22,1.3694444444444445,8,4,2
23,1.3138888888888889,9,3,2
24,1.3138888888888889,9,3,2
25,1.3138888888888889,9,3,2
26,1.3138888888888889,9,3,2
27,1.2508294301327088,3,12,4
28,1.2328571428571429,8,5,1
29,1.2234848484848484,6,6,1
30,1.2179636082075107,3,8,4
31,1.1978557504873293,4,10,2
32,1.1719706613323635,3,10,2
33,1.1685684800235885,4,9,2
34,1.1123737373737372,7,6,1
35,1.1097880447725648,4,7,2
36,1.1039352804058686,3,13,2
37,1.0421181716833892,6,6,1
38,1.0211034833460462,4,8,2
39,0.9908166288140614,3,16,2
40,0.9385281385281385,3,15,2
41,0.9166917293233082,4,11,2
