,mq,No. Clus,Max clus,Min clus
0,1.5892771350563843,7,5,2
1,1.5892771350563843,7,5,2
2,1.4895001004967412,7,5,2
3,1.4895001004967412,7,5,2
4,1.4895001004967412,6,5,2
5,1.487871141220723,6,5,2
6,1.4781202600216685,6,7,2
7,1.4760094161064263,7,8,2
8,1.4760094161064263,7,8,2
9,1.442051282051282,6,10,2
10,1.425168111984513,8,5,2
11,1.4081950067476383,6,9,2
12,1.4081950067476383,6,9,2
13,1.3834519950037192,9,4,2
14,1.3817694277553432,7,7,1
15,1.3423865789383032,9,4,2
16,1.3484173297966402,7,5,2
17,1.3336329147043433,9,4,2
18,1.3463455693242927,4,14,2
19,1.333187444739169,9,5,2
20,1.3252076561935717,7,7,2
21,1.3126806526806527,8,7,2
22,1.310435192788134,4,10,4
23,1.2681730769230768,8,5,2
24,1.2466852412954361,9,4,2
25,1.2450815850815848,9,4,2
26,1.215546265328874,8,5,2
27,1.2009175607001694,10,3,2
28,1.2135880254044265,5,5,4
29,1.16556071662857,9,4,2
30,1.1635580092506088,9,4,2
31,1.0923206133172538,8,5,2
32,1.067914067914068,4,11,3
33,1.0220192307692306,8,5,2
34,1.065466448445172,3,14,3
35,1.017887317025248,6,8,2
36,0.9672087387604629,7,6,2
37,0.9565722821536775,4,11,3
38,0.9356950067476383,7,9,2
39,0.9666528066528066,4,17,2
40,0.9166286489250539,6,7,2
41,0.8961329147043433,10,4,1
42,0.9135746501263742,5,13,2
43,0.8361544906706196,9,4,2
44,0.9059222889010123,5,14,2
45,0.7305545710297793,9,3,2
46,0.7553306342780026,6,5,2
47,0.5967302112463403,9,4,2
