,mq,No. Clus,Max clus,Min clus
0,1.8898989898989897,4,7,3
1,1.8898989898989897,4,7,3
2,1.8898989898989897,4,7,3
3,1.8898989898989897,4,7,3
4,1.8898989898989897,4,7,3
5,1.8565656565656563,4,7,3
6,1.8241875771287535,4,8,3
7,1.7999754631333578,4,7,3
8,1.7999754631333578,4,7,3
9,1.7999754631333578,4,7,3
10,1.7999754631333578,4,7,3
11,1.7999754631333578,4,7,3
12,1.7999754631333578,4,7,3
13,1.7999754631333578,4,7,3
14,1.7999754631333578,4,7,3
15,1.7999754631333578,4,7,3
16,1.7999754631333578,4,7,3
17,1.7999754631333578,4,7,3
18,1.7999754631333578,4,7,3
19,1.7935619935619935,4,7,4
20,1.7653127014829142,4,8,3
21,1.7302072927072927,4,6,4
22,1.7269005847953214,4,7,3
23,1.7189737092176116,4,7,4
24,1.7037878787878786,4,8,3
25,1.6859950859950859,4,7,3
26,1.6859950859950859,4,7,3
27,1.6859950859950859,4,7,3
28,1.6417004048582995,4,7,2
29,1.634006734006734,4,5,5
30,1.6157264957264956,4,7,3
31,1.617812269031781,4,8,2
32,1.612121212121212,4,9,3
33,1.6041769041769043,4,7,3
34,1.5844155844155843,4,6,4
35,1.5715757098919962,4,8,3
36,1.5256403039684774,4,7,3
37,1.5087473929579192,4,7,3
38,1.506993006993007,4,8,2
39,1.4807843137254901,4,8,3
40,1.43751176359872,4,7,3
41,1.387301587301587,4,7,3
