,mq,No. Clus,Max clus,Min clus
0,2.0387700534759357,5,5,3
1,2.0387700534759357,5,5,3
2,2.0387700534759357,5,5,3
3,2.0387700534759357,5,5,3
4,2.0387700534759357,5,5,3
5,2.0387700534759357,5,5,3
6,2.0387700534759357,5,5,3
7,2.0387700534759357,5,5,3
8,2.0387700534759357,5,5,3
9,2.0387700534759357,5,5,3
10,2.0387700534759357,5,5,3
11,2.0387700534759357,5,5,3
12,2.0387700534759357,5,5,3
13,2.0387700534759357,5,5,3
14,2.0387700534759357,5,5,3
15,2.0387700534759357,5,5,3
16,2.0387700534759357,5,5,3
17,2.0387700534759357,5,5,3
18,2.0387700534759357,5,5,3
19,2.0387700534759357,5,5,3
20,2.0387700534759357,5,5,3
21,2.0387700534759357,5,5,3
22,2.0387700534759357,5,5,3
23,1.9880707527766353,5,5,3
24,1.9880707527766353,5,5,3
25,1.9880707527766353,5,5,3
26,1.9880707527766353,5,5,3
27,1.9880707527766353,5,5,3
28,1.9880707527766353,5,5,3
29,1.9880707527766353,5,5,3
30,1.9880707527766353,5,5,3
31,1.9880707527766353,5,5,3
32,1.9880707527766353,5,5,3
33,1.9880707527766353,5,5,3
34,1.8336820380430927,5,5,3
35,1.8336820380430927,5,5,3
36,1.8336820380430927,5,5,3
37,1.8336820380430927,5,5,3
38,1.8336820380430927,5,5,3
39,1.8336820380430927,5,5,3
40,1.7859248594542714,5,5,3
41,1.7859248594542714,5,5,3
