,mq,No. Clus,Max clus,Min clus
0,1.8661492718960142,10,5,1
1,1.645508689848334,12,4,1
2,1.6075239769417826,10,5,2
3,1.5380181900501824,12,4,1
4,1.5138495714811504,14,3,1
5,1.4526709839867733,14,3,1
6,1.4526709839867733,14,3,1
7,1.4526709839867733,14,3,1
8,1.4309116936273063,12,4,1
9,1.4229358909320702,12,3,2
10,1.4222234473472861,13,3,1
11,1.3956067425299554,8,5,2
12,1.3527265877111079,13,3,1
13,1.2966086117129758,11,3,2
14,1.2951066915540599,13,3,1
15,1.2630641389507666,10,5,2
16,1.230801626897466,11,3,2
17,1.203235314543364,13,3,1
18,1.1855702922638551,13,4,1
19,1.16866144824536,11,6,1
20,1.1269965361691863,12,3,2
21,1.1590773816438087,8,10,2
22,1.1224230258437011,14,3,1
23,1.1159979292398305,12,3,1
24,1.103019669675639,13,3,1
25,1.105577627116769,11,4,2
26,1.0921251409239672,12,5,2
27,1.0915800559276627,12,5,1
28,1.0792956726953737,12,5,2
29,1.0681744133059923,11,4,2
30,1.0786374160196948,6,13,2
31,1.0571435434649463,12,3,1
32,1.0628457615872924,8,13,2
33,1.0316766250763263,14,3,1
34,1.0544365116412613,10,6,1
35,1.0318741906876476,10,6,1
36,0.9979586160523259,10,8,2
37,1.0185234177073292,3,13,5
38,1.015279246595785,4,13,2
39,0.9730896190673769,9,6,1
40,1.0132552050517354,7,18,1
41,0.9658084104785292,9,12,1
42,0.9369485301031926,12,4,1
43,0.9442625479250184,9,8,2
44,0.9042976153231006,12,3,1
45,0.9042976153231006,12,3,1
46,0.9207393483709273,5,20,2
47,0.889133698921041,10,4,2
48,0.8912907448295619,4,18,3
49,0.8715085306734821,5,18,2
50,0.8713129856604982,4,20,1
51,0.8312217949646927,7,14,2
52,0.8153446679762469,6,19,1
53,0.7798566749410476,7,17,1
54,0.7683168367165378,8,14,2
55,0.7521226948947058,10,11,1
56,0.7533530866945346,7,16,2
57,0.706376719691675,12,4,1
