,mq,No. Clus,Max clus,Min clus
0,1.9862311601442035,5,5,3
1,1.9862311601442035,5,5,3
2,1.9862311601442035,5,5,3
3,1.9324257063387498,5,5,3
4,1.9324257063387498,5,5,3
5,1.9324257063387498,5,5,3
6,1.9324257063387498,5,5,3
7,1.9324257063387498,5,5,3
8,1.9324257063387498,5,5,3
9,1.9324257063387498,5,5,3
10,1.912987012987013,5,5,3
11,1.912987012987013,5,5,3
12,1.9096303696303696,5,5,3
13,1.9081959056383608,5,5,3
14,1.8589584328714763,5,5,2
15,1.843896103896104,5,4,4
16,1.843896103896104,5,4,4
17,1.843896103896104,5,4,4
18,1.843896103896104,5,4,4
19,1.8349517584811703,5,5,3
20,1.8349517584811703,5,5,3
21,1.8349517584811703,5,5,3
22,1.830976430976431,5,5,3
23,1.8136422136422137,5,6,2
24,1.798088867654085,5,5,3
25,1.7618855218855218,5,5,3
26,1.7618855218855218,5,5,3
27,1.7323546019198193,5,5,3
28,1.683254601149338,5,5,3
29,1.683254601149338,5,5,3
30,1.6652010299069124,5,5,3
31,1.6506523662096417,5,6,3
32,1.5957239000717263,5,6,2
33,1.5915151515151513,5,5,3
34,1.5678420188402038,5,5,3
35,1.5678420188402038,5,5,3
36,1.5678420188402038,5,5,3
37,1.455084175084175,5,5,3
38,1.455084175084175,5,5,3
39,1.4318447144253594,5,5,3
40,1.3981073274551536,5,6,2
41,1.3128627768227323,5,5,2
