,mq,No. Clus,Max clus,Min clus
0,1.2908432147562583,3,6,2
1,1.2908432147562583,3,6,2
2,1.2908432147562583,3,6,2
3,1.2908432147562583,3,6,2
4,1.2908432147562583,3,6,2
5,1.2908432147562583,3,6,2
6,1.2908432147562583,3,6,2
7,1.2908432147562583,3,6,2
8,1.2908432147562583,3,6,2
9,1.2908432147562583,3,6,2
10,1.1707717569786533,3,6,2
11,1.1707717569786533,3,6,2
12,1.1707717569786533,3,6,2
13,1.1707717569786533,3,6,2
14,1.1610389610389609,3,6,2
15,1.1610389610389609,3,6,2
16,1.1610389610389609,3,6,2
17,1.0917748917748917,3,6,2
18,1.0917748917748917,3,6,2
19,1.0917748917748917,3,6,2
20,1.0917748917748917,3,6,2
21,1.0917748917748917,3,6,2
22,1.0917748917748917,3,6,2
23,1.0390977443609022,3,7,2
24,1.0390977443609022,3,7,2
25,1.0390977443609022,3,7,2
26,1.0390977443609022,3,7,2
27,1.0367729831144465,3,8,2
