,mq,No. Clus,Max clus,Min clus
0,1.9732475651657237,6,8,2
1,1.9732475651657237,6,8,2
2,1.9732475651657237,6,8,2
3,1.9732475651657237,6,8,2
4,1.9732475651657237,6,8,2
5,1.9732475651657237,6,8,2
6,1.9732475651657237,6,8,2
7,1.9732475651657237,6,8,2
8,1.9732475651657237,6,8,2
9,1.9732475651657237,6,8,2
10,1.9732475651657237,6,8,2
11,1.9732475651657237,6,8,2
12,1.9732475651657237,6,8,2
13,1.9732475651657237,6,8,2
14,1.9732475651657237,6,8,2
15,1.9732475651657237,6,8,2
16,1.9732475651657237,6,8,2
17,1.9732475651657237,6,8,2
18,1.9732475651657237,6,8,2
19,1.9732475651657237,6,8,2
20,1.9732475651657237,6,8,2
21,1.9732475651657237,6,8,2
22,1.9732475651657237,6,8,2
23,1.9732475651657237,6,8,2
24,1.9732475651657237,6,8,2
25,1.9732475651657237,6,8,2
26,1.9732475651657237,6,8,2
27,1.9732475651657237,6,8,2
28,1.9459202119370422,6,9,2
29,1.9077686595298842,6,7,2
30,1.9077686595298842,6,7,2
31,1.9077686595298842,6,7,2
32,1.8490672098666487,6,9,2
33,1.8375754045090429,6,7,2
34,1.8375754045090429,6,7,2
35,1.8375754045090429,6,7,2
36,1.7821595822795138,6,9,2
37,1.7764711167485863,6,7,2
38,1.7764711167485863,6,7,2
39,1.7764711167485863,6,7,2
40,1.7525199632534803,6,8,2
41,1.745923302127175,6,8,2
42,1.6859075407351267,6,8,2
43,1.6157142857142857,6,8,2
44,1.6157142857142857,6,8,2
45,1.5232310108509424,6,9,2
46,1.4269789693065555,6,8,2
47,1.4269789693065555,6,8,2
48,1.4269789693065555,6,8,2
49,1.4174422549320946,6,8,2
