,mq,No. Clus,Max clus,Min clus
0,1.8787162728339197,6,6,2
1,1.8787162728339197,6,6,2
2,1.8787162728339197,6,6,2
3,1.8787162728339197,6,6,2
4,1.8787162728339197,6,6,2
5,1.8787162728339197,6,6,2
6,1.8787162728339197,6,6,2
7,1.8787162728339197,6,6,2
8,1.8787162728339197,6,6,2
9,1.8787162728339197,6,6,2
10,1.8787162728339197,6,6,2
11,1.8787162728339197,6,6,2
12,1.8787162728339197,6,6,2
13,1.8787162728339197,6,6,2
14,1.8787162728339197,6,6,2
15,1.8787162728339197,6,6,2
16,1.8787162728339197,6,6,2
17,1.8787162728339197,6,6,2
18,1.8787162728339197,6,6,2
19,1.8787162728339197,6,6,2
20,1.8787162728339197,6,6,2
21,1.8787162728339197,6,6,2
22,1.8787162728339197,6,6,2
23,1.8787162728339197,6,6,2
24,1.8787162728339197,6,6,2
25,1.8787162728339197,6,6,2
26,1.8787162728339197,6,6,2
27,1.8787162728339197,6,6,2
28,1.8277200277200278,6,6,2
29,1.8277200277200278,6,6,2
30,1.8277200277200278,6,6,2
31,1.8277200277200278,6,6,2
32,1.6974191385956092,6,7,2
33,1.6974191385956092,6,7,2
34,1.6974191385956092,6,7,2
35,1.652945252945253,6,7,2
36,1.6321349604082052,6,5,2
37,1.5841135252899958,6,6,2
38,1.5841135252899958,6,6,2
39,1.576177156177156,6,9,2
40,1.4103641456582632,6,6,2
41,1.4103641456582632,6,6,2
