,mq,No. Clus,Max clus,Min clus
0,2.129587803500847,6,4,2
1,2.129587803500847,6,4,2
2,2.052817799311488,6,5,2
3,2.0279929071691085,6,4,3
4,1.9796523588285602,6,4,2
5,1.9561771561771562,6,4,3
6,1.927698032961191,7,4,2
7,1.881962481962482,6,4,2
8,1.8603044303275307,7,5,1
9,1.8360674413305993,6,5,2
10,1.82005772005772,6,4,3
11,1.8165726746371909,5,6,3
12,1.803030303030303,6,5,2
13,1.7721944721944722,6,4,2
14,1.7661319073083779,7,4,2
15,1.7661319073083779,7,4,2
16,1.7364801864801862,7,4,2
17,1.6834009465855309,8,5,1
18,1.682135327870355,6,5,2
19,1.6748674010607916,5,8,2
20,1.6748674010607916,5,8,2
21,1.6738203169473458,5,8,2
22,1.6667034719666298,6,4,2
23,1.6427644163262278,6,8,2
24,1.6427560837577815,4,10,2
25,1.6335897435897433,6,6,2
26,1.631025641025641,6,5,2
27,1.621265284423179,7,4,1
28,1.6183483183483183,7,4,2
29,1.6105263157894736,6,5,2
30,1.5851656309006583,6,5,2
31,1.5204991087344029,3,14,3
32,1.5151661204292783,7,5,2
33,1.5132275132275133,3,9,3
34,1.5132275132275133,3,9,3
35,1.4931372549019608,3,9,3
36,1.3795659753010026,5,7,2
37,1.3571929824561404,3,13,3
38,1.323019086176981,6,8,1
39,1.2781639928698751,8,3,1
40,1.2744818702168976,6,5,2
41,1.1655788655788655,8,3,2
