,mq,No. Clus,Max clus,Min clus
0,1.8112217480638533,4,7,2
1,1.8112217480638533,4,7,2
2,1.8112217480638533,4,7,2
3,1.8112217480638533,4,7,2
4,1.8112217480638533,4,7,2
5,1.8112217480638533,4,7,2
6,1.8112217480638533,4,7,2
7,1.8112217480638533,4,7,2
8,1.8112217480638533,4,7,2
9,1.8112217480638533,4,7,2
10,1.8112217480638533,4,7,2
11,1.8112217480638533,4,7,2
12,1.8112217480638533,4,7,2
13,1.8112217480638533,4,7,2
14,1.8112217480638533,4,7,2
15,1.8112217480638533,4,7,2
16,1.8112217480638533,4,7,2
17,1.8112217480638533,4,7,2
18,1.8112217480638533,4,7,2
19,1.8112217480638533,4,7,2
20,1.8112217480638533,4,7,2
21,1.8112217480638533,4,7,2
22,1.8112217480638533,4,7,2
23,1.8112217480638533,4,7,2
24,1.8112217480638533,4,7,2
25,1.8112217480638533,4,7,2
26,1.8112217480638533,4,7,2
27,1.8112217480638533,4,7,2
28,1.7974844871396596,4,7,2
29,1.7974844871396596,4,7,2
30,1.7974844871396596,4,7,2
31,1.702498777847615,4,7,2
32,1.702498777847615,4,7,2
33,1.702498777847615,4,7,2
34,1.6360622961170157,4,7,2
35,1.6300052456723204,4,8,2
36,1.6300052456723204,4,8,2
37,1.6114675220529269,4,8,2
38,1.6114675220529269,4,8,2
39,1.6114675220529269,4,8,2
40,1.527977139819245,4,6,2
41,1.5070470717022442,4,7,2
