,mq,No. Clus,Max clus,Min clus
0,1.5716360903355442,4,9,5
1,1.49294115422434,4,9,5
2,1.49294115422434,4,9,5
3,1.49294115422434,4,9,5
4,1.49294115422434,4,9,5
5,1.49294115422434,4,9,5
6,1.49294115422434,4,9,5
7,1.49294115422434,4,9,5
8,1.49294115422434,4,9,5
9,1.49294115422434,4,9,5
10,1.49294115422434,4,9,5
11,1.49294115422434,4,9,5
12,1.49294115422434,4,9,5
13,1.49294115422434,4,9,5
14,1.49294115422434,4,9,5
15,1.49294115422434,4,9,5
16,1.49294115422434,4,9,5
17,1.49294115422434,4,9,5
18,1.49294115422434,4,9,5
19,1.49294115422434,4,9,5
20,1.49294115422434,4,9,5
21,1.49294115422434,4,9,5
22,1.49294115422434,4,9,5
23,1.49294115422434,4,9,5
24,1.49294115422434,4,9,5
25,1.49294115422434,4,9,5
26,1.49294115422434,4,9,5
27,1.49294115422434,4,9,5
28,1.49294115422434,4,9,5
29,1.49294115422434,4,9,5
30,1.49294115422434,4,9,5
31,1.49294115422434,4,9,5
32,1.489856429463171,4,9,5
33,1.489856429463171,4,9,5
34,1.489856429463171,4,9,5
35,1.489856429463171,4,9,5
36,1.488451271017611,4,10,5
37,1.488451271017611,4,10,5
38,1.488451271017611,4,10,5
39,1.488451271017611,4,10,5
40,1.4677883866172785,4,9,5
41,1.4677883866172785,4,9,5
42,1.4677883866172785,4,9,5
43,1.4655441706961394,4,9,5
44,1.4655441706961394,4,9,5
45,1.4655441706961394,4,9,5
46,1.4655441706961394,4,9,5
47,1.4655441706961394,4,9,5
48,1.451847628583083,4,8,5
49,1.4490339872496567,4,10,5
50,1.4490339872496567,4,10,5
51,1.4407847671908727,4,10,5
52,1.4407847671908727,4,10,5
53,1.402658186562296,4,10,5
54,1.3966306129137989,4,8,6
55,1.3966306129137989,4,8,6
56,1.388641470888662,4,9,6
57,1.388641470888662,4,9,6
58,1.3409749670619238,4,9,6
59,1.2979003181336162,4,10,6
