,mq,No. Clus,Max clus,Min clus
0,1.4272727272727272,4,5,2
1,1.4272727272727272,4,5,2
2,1.4272727272727272,4,5,2
3,1.324098124098124,5,3,2
4,1.3141007599211934,3,6,3
5,1.3141007599211934,3,6,3
6,1.3160173160173159,3,7,3
7,1.3141007599211934,3,6,3
8,1.2631437527989253,4,5,2
9,1.1835458658988072,4,4,2
10,1.1693043798306957,4,4,2
11,1.1493506493506493,3,5,3
12,1.125,4,5,2
13,1.1179245283018868,3,10,1
14,1.1055555555555556,3,7,2
15,1.1055555555555556,3,7,2
16,1.065126050420168,3,6,3
17,1.065126050420168,4,6,2
18,0.9982517482517483,3,5,4
19,0.9953703703703703,5,4,1
20,0.9982517482517483,4,5,2
21,0.975108225108225,5,4,2
22,0.9346153846153846,4,4,2
23,0.9203296703296704,5,4,2
24,0.865,5,4,2
25,0.8353658536585366,3,7,2
26,0.832010582010582,4,4,2
27,0.8012820512820513,5,4,2
