,mq,No. Clus,Max clus,Min clus
0,1.9986935918932711,6,5,3
1,1.9986935918932711,6,5,3
2,1.964791288566243,6,5,3
3,1.8995047768323627,6,4,4
4,1.8995047768323627,6,4,4
5,1.8995047768323627,6,4,4
6,1.8995047768323627,6,4,4
7,1.8995047768323627,6,4,4
8,1.8995047768323627,6,4,4
9,1.8995047768323627,6,4,4
10,1.8995047768323627,6,4,4
11,1.8995047768323627,6,4,4
12,1.8995047768323627,6,4,4
13,1.8995047768323627,6,4,4
14,1.8995047768323627,6,4,4
15,1.8995047768323627,6,4,4
16,1.8995047768323627,6,4,4
17,1.8995047768323627,6,4,4
18,1.8995047768323627,6,4,4
19,1.8995047768323627,6,4,4
20,1.8995047768323627,6,4,4
21,1.8995047768323627,6,4,4
22,1.8995047768323627,6,4,4
23,1.8995047768323627,6,4,4
24,1.8995047768323627,6,4,4
25,1.8995047768323627,6,4,4
26,1.8995047768323627,6,4,4
27,1.8995047768323627,6,4,4
28,1.8995047768323627,6,4,4
29,1.8995047768323627,6,4,4
30,1.8995047768323627,6,4,4
31,1.8995047768323627,6,4,4
32,1.8995047768323627,6,4,4
33,1.8995047768323627,6,4,4
34,1.8995047768323627,6,4,4
35,1.8704015188750165,6,5,3
36,1.8587229235505096,5,8,4
37,1.795121659949246,7,4,3
38,1.7902874564459927,4,12,4
39,1.7652735419655348,6,5,3
40,1.300065000921999,5,8,4
41,1.300065000921999,5,8,4
42,1.2537398028126718,5,7,3
43,1.2415515352947841,4,12,4
44,1.2415515352947841,4,12,4
45,1.1713885303337634,5,9,3
46,1.1412779597897564,3,16,4
47,1.1412779597897564,3,16,4
