,mq,No. Clus,Max clus,Min clus
0,1.3109730848861285,3,5,4
1,1.3109730848861285,3,5,4
2,1.3109730848861285,3,5,4
3,1.3109730848861285,3,5,4
4,1.3109730848861285,3,5,4
5,1.3109730848861285,3,5,4
6,1.3109730848861285,3,5,4
7,1.3109730848861285,3,5,4
8,1.3109730848861285,3,5,4
9,1.3109730848861285,3,5,4
10,1.3109730848861285,3,5,4
11,1.2895238095238093,3,5,3
12,1.2895238095238093,3,5,3
13,1.2895238095238093,3,5,3
14,1.2399108138238573,3,6,3
15,1.2399108138238573,3,6,3
16,1.2399108138238573,3,6,3
17,1.2399108138238573,3,6,3
18,1.1730230553759964,3,5,3
19,1.1730230553759964,3,5,3
20,1.1269607843137255,3,7,3
21,0.9900793650793651,3,6,3
22,0.9480101219231654,3,5,4
23,0.9428571428571428,3,5,4
24,0.9428571428571428,3,5,4
25,0.9428571428571428,3,5,4
26,0.9428571428571428,3,5,4
27,0.9428571428571428,3,5,4
