,mq,No. Clus,Max clus,Min clus
0,2.1184046345811054,7,4,2
1,2.1184046345811054,7,4,2
2,2.1184046345811054,7,4,2
3,1.992296918767507,5,6,2
4,1.974025974025974,5,5,3
5,1.9396167557932265,6,5,2
6,1.9365864527629237,8,3,2
7,1.9374522536287242,7,4,1
8,1.897977873519669,6,6,2
9,1.8396167557932266,7,4,2
10,1.7459718670076727,6,6,2
11,1.7341555503320207,7,4,2
12,1.7006823809892864,7,4,2
13,1.6982030834662414,7,4,2
14,1.6868686868686869,6,4,3
15,1.6240981240981243,8,3,2
16,1.6244949494949494,8,4,2
17,1.6074175824175825,6,5,2
18,1.6019107598054965,4,9,2
19,1.5735980044296474,8,5,2
20,1.5660319065273565,5,8,2
21,1.5634797633081385,8,3,2
22,1.542027417027417,8,4,2
23,1.5238095238095237,5,7,2
24,1.4692432662684378,7,4,2
25,1.455952820858105,5,10,2
26,1.4366957243669574,3,13,3
27,1.4366957243669574,3,13,3
28,1.4177635230266807,7,3,2
29,1.4097943722943722,6,6,2
30,1.4011426559710314,7,4,2
31,1.3045239847871428,7,4,2
32,1.274923144488362,7,4,2
33,1.2689976689976692,7,5,2
34,1.2523563811489506,8,3,1
35,1.256203677643306,6,5,2
36,1.2317460317460318,8,4,2
37,1.2317460317460318,8,4,2
38,1.1779761904761905,4,11,2
39,1.1319444444444444,3,11,2
40,1.098611111111111,4,11,2
41,1.0741013673953983,4,10,2
