,mq,No. Clus,Max clus,Min clus
0,2.1952271483305967,7,6,3
1,2.1952271483305967,7,6,3
2,2.098866995073892,6,6,3
3,1.9919304450338933,8,3,3
4,1.9919304450338933,8,3,3
5,1.9631084457771113,9,3,2
6,1.8226433294980415,9,3,2
7,1.7856062924610048,9,3,2
8,1.7880104065614253,7,6,2
9,1.7856062924610048,9,3,2
10,1.7604105028219488,7,6,2
11,1.7209280106172447,8,5,2
12,1.6514375962202048,8,4,2
13,1.642413215476885,8,4,2
14,1.6149463180497665,8,4,2
15,1.5941508297161866,7,4,3
16,1.5484497344088137,9,3,2
17,1.5423882503192847,9,4,1
18,1.5196913407970327,9,4,2
19,1.5225330010154159,4,16,2
20,1.4551337933838544,9,4,2
21,1.4527268298623797,7,6,2
22,1.4371342383107089,8,4,2
23,1.3867409339214611,8,4,2
24,1.3837544406091526,9,4,2
25,1.3589635951255141,9,3,2
26,1.327406326301229,8,5,2
27,1.3235612962749395,8,5,2
28,1.3196044913691973,6,8,2
29,1.3188337209694274,6,9,2
30,1.3181883547303164,6,9,2
31,1.3013518125729762,10,4,1
32,1.2938428621187243,8,4,2
33,1.289186176142698,7,6,2
34,1.234770929553538,8,4,2
35,1.22001438123142,9,4,2
36,1.1968522198848897,9,5,2
37,1.1907188685599481,8,4,2
38,1.1828252508261639,8,4,2
39,1.169032258064516,5,13,2
40,1.1585622347197442,8,6,2
41,1.1319785485408556,9,4,2
42,1.1156989247311828,3,17,3
43,1.0576304204924916,7,7,2
44,1.0557648953301126,9,5,1
45,1.0658461538461539,4,15,3
46,1.0448780487804878,3,18,3
47,1.0280197211143505,6,10,2
48,0.9787910922587487,3,18,2
49,0.9120895519926918,9,4,1
