,mq,No. Clus,Max clus,Min clus
0,1.8103905953735304,4,21,2
1,1.8103905953735304,4,21,2
2,1.8103905953735304,4,21,2
3,1.8103905953735304,4,21,2
4,1.8103905953735304,4,21,2
5,1.8103905953735304,4,21,2
6,1.8103905953735304,4,21,2
7,1.8103905953735304,4,21,2
8,1.8103905953735304,4,21,2
9,1.8103905953735304,4,21,2
10,1.6810003954132067,4,21,2
11,1.6810003954132067,4,21,2
12,1.6810003954132067,4,21,2
13,1.6810003954132067,4,21,2
14,1.6810003954132067,4,21,2
15,1.6810003954132067,4,21,2
16,1.6810003954132067,4,21,2
17,1.6810003954132067,4,21,2
18,1.6810003954132067,4,21,2
19,1.6810003954132067,4,21,2
20,1.6810003954132067,4,21,2
21,1.6810003954132067,4,21,2
22,1.6810003954132067,4,21,2
23,1.4711010798371393,4,19,2
24,1.4500000000000002,4,21,2
25,1.4500000000000002,4,21,2
26,1.4500000000000002,4,21,2
27,1.4500000000000002,4,21,2
28,1.4500000000000002,4,21,2
29,1.4500000000000002,4,21,2
30,1.4500000000000002,4,21,2
31,1.4500000000000002,4,21,2
32,1.4500000000000002,4,21,2
33,1.4500000000000002,4,21,2
34,1.4500000000000002,4,21,2
35,1.389421894218942,4,20,2
36,1.389421894218942,4,20,2
37,1.389421894218942,4,20,2
38,1.389421894218942,4,20,2
39,1.389421894218942,4,20,2
40,1.3425391095066186,4,20,2
41,1.3425391095066186,4,20,2
42,1.3425391095066186,4,20,2
43,1.3425391095066186,4,20,2
44,1.3425391095066186,4,20,2
45,1.3425391095066186,4,20,2
46,1.3415651196957914,4,22,2
47,1.3415651196957914,4,22,2
48,1.3359922178988328,4,20,2
49,1.3359922178988328,4,20,2
50,1.1975416182733256,4,22,2
51,1.1975416182733256,4,22,2
52,1.1975416182733256,4,22,2
53,1.1975416182733256,4,22,2
54,1.1975416182733256,4,22,2
55,1.1975416182733256,4,22,2
56,1.1975416182733256,4,22,2
57,1.1707013096746937,4,22,2
58,1.1707013096746937,4,22,2
59,1.1657438169066077,4,22,2
