,mq,No. Clus,Max clus,Min clus
0,2.101735302486457,8,7,2
1,2.101735302486457,8,7,2
2,1.797270167176182,11,3,2
3,1.7960333307488212,10,4,2
4,1.7857997805544636,10,7,2
5,1.7430777755900024,11,4,2
6,1.7127643951704101,11,3,2
7,1.7073277718848165,11,3,2
8,1.7047966904867402,12,3,2
9,1.6892439911024377,12,3,2
10,1.672170437845495,11,3,2
11,1.6386293412609203,11,4,2
12,1.630445513665328,11,4,2
13,1.58357625633758,11,3,2
14,1.562182646375529,11,4,2
15,1.5578559479875267,12,3,2
16,1.5542961804800546,9,7,2
17,1.5486318882254304,12,3,2
18,1.5246197920339797,11,3,2
19,1.4726925401067277,12,3,2
20,1.456189682350673,8,7,2
21,1.4482715175488146,11,3,2
22,1.4369753312007592,12,3,2
23,1.408156777664244,11,3,2
24,1.3943684550882693,11,3,2
25,1.374698666751584,10,5,2
26,1.3683422358631507,11,4,2
27,1.3484847889599971,11,3,2
28,1.34048134782909,11,4,2
29,1.3358812190400873,12,4,2
30,1.325907420464465,12,3,2
31,1.3215129842285969,9,8,2
32,1.2963124968625586,11,3,2
33,1.2804164955934465,12,3,2
34,1.2455018683197825,11,5,1
35,1.2442272607595188,12,3,2
36,1.196242354137091,6,11,2
37,1.1923837699295365,9,9,2
38,1.1831149850453015,12,3,2
39,1.170674601238964,4,21,2
40,1.167097435251267,11,4,2
41,1.170674601238964,4,21,2
42,1.1540975055240128,7,13,2
43,1.1491441915368625,3,24,2
44,1.1319840461246802,6,16,2
45,1.1283646840547337,9,9,2
46,1.1312868854110016,3,24,2
47,1.0734156031491235,8,7,2
48,1.0482610915326647,6,11,2
49,1.000541825881741,11,7,1
50,0.9790678888958695,10,9,2
51,0.9872549678016311,3,23,3
52,0.9872549678016311,3,23,3
53,0.9872549678016311,3,23,3
54,0.9793479150852843,5,14,2
55,0.9710705139569655,6,18,2
56,0.9585564284299646,4,20,3
57,0.934640522875817,3,27,1
58,0.8877641370628747,8,9,2
59,0.8045963412372976,11,3,2
