,mq,No. Clus,Max clus,Min clus
0,2.038316561487293,6,7,3
1,1.7977349560513862,7,4,2
2,1.7235645373794042,9,3,2
3,1.7215668731099345,9,3,2
4,1.7215668731099345,9,3,2
5,1.7219835158178487,8,4,2
6,1.7219835158178487,8,4,2
7,1.7116059444833387,9,3,2
8,1.6651653339996668,9,4,2
9,1.662822055992788,7,4,2
10,1.6485519495154384,8,4,2
11,1.624942022452826,10,3,2
12,1.6095352756522172,9,4,2
13,1.6060728913545925,9,4,2
14,1.5903987737152039,8,4,2
15,1.5362741180388237,9,3,2
16,1.5317069532586776,8,4,2
17,1.4842374292374294,8,4,2
18,1.4655217325977534,9,4,2
19,1.422477482260091,9,3,2
20,1.417746918705998,9,4,2
21,1.408437826541275,10,3,2
22,1.4068062750927202,9,5,1
23,1.3896139263786322,9,4,2
24,1.3856643356643357,7,6,2
25,1.3592594063951127,7,6,2
26,1.3560606060606062,8,4,2
27,1.3547452705422347,9,4,2
28,1.352486419669082,5,8,3
29,1.3283108283108283,8,4,2
30,1.283212974389445,10,4,2
31,1.2606592490368582,7,6,2
32,1.2534848484848484,10,5,2
33,1.241332298694029,6,10,2
34,1.2242479742479744,9,3,2
35,1.2237192398361811,10,4,1
36,1.2200960514303842,9,4,2
37,1.1576759954041902,10,3,1
38,1.162878787878788,7,9,2
39,1.13510101010101,5,13,2
40,1.1055613256256356,8,5,1
41,1.1041619713019306,5,8,2
42,1.0705906996229577,6,11,2
43,1.0600881905273525,6,10,2
44,1.0579620903833797,3,19,2
45,1.042824074074074,4,14,2
46,1.0328380328380329,7,7,2
47,1.0185185185185186,5,12,2
48,1.0023559410134506,8,5,1
49,0.986952861952862,8,9,2
