,mq,No. Clus,Max clus,Min clus
0,2.104901499466717,10,4,1
1,2.104901499466717,10,4,1
2,2.0225485582902465,10,3,2
3,2.0037903883556054,9,5,2
4,1.9763300708952882,10,3,2
5,1.939215224956913,10,4,1
6,1.7965320910973084,10,3,2
7,1.7558105903758077,13,3,1
8,1.7530761611270087,9,5,2
9,1.7284079406905495,11,3,1
10,1.6946024303441183,11,3,1
11,1.6460594558420647,11,3,1
12,1.5894059644059646,10,3,2
13,1.5852645502645504,10,5,1
14,1.5736161986161985,11,4,1
15,1.5597089947089948,9,4,2
16,1.5581180856180856,11,4,1
17,1.513192097757315,12,4,1
18,1.501229772781497,11,3,2
19,1.4919663669663668,10,4,2
20,1.436366145931363,12,3,1
21,1.4347273097273097,11,3,2
22,1.4347273097273097,11,3,2
23,1.429965404965405,10,4,2
24,1.4188392284044458,10,5,1
25,1.4105977019983624,7,11,2
26,1.3513939763939762,11,4,2
27,1.3017588733105976,11,3,1
28,1.2907923775570835,6,13,2
29,1.2720399970399972,9,5,2
30,1.260960591133005,6,12,2
31,1.2415008260660434,12,3,1
32,1.2316834266896015,6,11,2
33,1.1808723119698727,12,3,1
34,1.1861670020120725,4,17,2
35,1.1758329473846714,11,4,1
36,1.1727392977392976,10,6,2
37,1.160218253968254,4,12,2
38,1.1516638819270397,10,4,2
39,1.1424362674362676,12,3,1
40,1.1424362674362676,11,3,2
41,1.0891131815044859,5,16,2
42,1.0888311231665662,6,11,2
43,1.0891131815044859,5,16,2
44,1.0739573607220665,5,13,2
45,1.0670774157616263,7,9,2
46,1.018060643060643,11,4,2
47,1.0370879120879122,4,18,2
48,0.9932521182521183,11,4,1
49,0.9935828685828686,6,14,2
