,mq,No. Clus,Max clus,Min clus
0,2.0432537174241983,8,6,2
1,2.03977106538467,9,3,2
2,2.0280408601060778,10,3,2
3,2.0280408601060778,9,4,2
4,2.0118570439222614,9,4,2
5,2.0118570439222614,9,4,2
6,1.9364299620435663,9,3,2
7,1.9364299620435663,9,3,2
8,1.9058372183372183,8,4,2
9,1.8926751057887101,9,3,2
10,1.8889763014763015,9,3,2
11,1.8781549037685081,9,3,2
12,1.8556720103178728,9,4,2
13,1.8340147755470335,9,3,2
14,1.8287840782406,8,4,2
15,1.8267660148796194,9,3,2
16,1.8146260997067447,9,3,2
17,1.8083984904637078,9,4,2
18,1.785635198135198,9,3,2
19,1.771042846042846,8,4,2
20,1.6648355309524725,9,3,2
21,1.6640404040404042,9,4,2
22,1.6429251155057605,9,3,2
23,1.6429251155057605,9,3,2
24,1.6105209605209605,9,3,2
25,1.6105209605209605,9,3,2
26,1.59229906788305,8,3,3
27,1.5336778036778036,9,4,2
28,1.5117859117859118,9,4,2
29,1.5083726583726584,9,4,2
30,1.4173481088803668,9,3,2
31,1.397959433040078,9,3,2
32,1.2626544602351053,7,6,2
33,1.2707719911667281,7,8,2
34,1.2513833153264393,7,8,2
35,1.2513833153264393,6,8,2
36,1.2147727272727273,5,13,2
37,1.2076284590715831,7,8,2
38,1.196306350922591,9,3,2
39,1.1908026113671275,9,4,2
40,1.16061596355714,6,8,2
41,1.1478615457562826,3,8,8
42,1.1042873557304795,7,8,2
43,1.1359848484848485,4,16,2
44,1.079682331125455,7,8,2
45,1.108871610845295,5,14,2
46,1.108871610845295,5,14,2
47,0.9627645502645503,7,9,2
