,mq,No. Clus,Max clus,Min clus
0,1.818683537488222,3,10,4
1,1.818683537488222,3,10,4
2,1.818683537488222,3,10,4
3,1.818683537488222,3,10,4
4,1.818683537488222,3,10,4
5,1.818683537488222,3,10,4
6,1.818683537488222,3,10,4
7,1.7505827505827505,3,11,4
8,1.7410759175465058,3,9,5
9,1.7410759175465058,3,9,5
10,1.7410759175465058,3,9,5
11,1.7353779118485,3,9,5
12,1.7353779118485,3,9,5
13,1.7353779118485,3,9,5
14,1.7228424596845648,3,9,4
15,1.7073762838468722,3,8,6
16,1.6816849816849815,3,7,6
17,1.6721362229102166,3,10,3
18,1.6721362229102166,3,10,3
19,1.6634615384615383,3,10,5
20,1.6634615384615383,3,10,5
21,1.6634615384615383,3,10,5
22,1.6634615384615383,3,10,5
23,1.6634615384615383,3,10,5
24,1.6634615384615383,3,10,5
25,1.6634615384615383,3,10,5
26,1.6634615384615383,3,10,5
27,1.661084529505582,3,10,5
28,1.661084529505582,3,10,5
29,1.6537878787878788,3,11,4
30,1.6537878787878788,3,11,4
31,1.6481481481481481,3,9,5
32,1.6481481481481481,3,9,5
33,1.6481481481481481,3,9,5
34,1.6193373901284653,3,8,6
35,1.6193373901284653,3,8,6
36,1.6168831168831168,3,9,5
37,1.6092542677448338,3,9,4
38,1.6042823909224708,3,10,4
39,1.6042823909224708,3,10,4
40,1.6042823909224708,3,10,4
41,1.5768361581920904,3,10,3
