,mq,No. Clus,Max clus,Min clus
0,1.286111111111111,3,5,4
1,1.286111111111111,3,5,4
2,1.286111111111111,3,5,4
3,1.286111111111111,3,5,4
4,1.286111111111111,3,5,4
5,1.286111111111111,3,5,4
6,1.2650856389986824,3,5,3
7,1.2406349206349205,3,5,4
8,1.2406349206349205,3,5,4
9,1.2406349206349205,3,5,4
10,1.2406349206349205,3,5,4
11,1.2406349206349205,3,5,4
12,1.2406349206349205,3,5,4
13,1.2301587301587302,3,6,3
14,1.1734892787524367,3,6,3
15,1.1734892787524367,3,6,3
16,1.1734892787524367,3,6,3
17,1.1636363636363636,3,5,3
18,1.1636363636363636,3,5,3
19,1.1636363636363636,3,5,3
20,1.1636363636363636,3,5,3
21,1.1297826086956522,3,5,4
22,1.1333333333333333,3,6,3
23,1.1111111111111112,3,7,2
24,1.0977777777777777,3,6,3
25,1.0089452881214895,3,5,3
26,1.0089452881214895,3,5,3
27,1.0089452881214895,3,5,3
