,mq,No. Clus,Max clus,Min clus
0,1.8079334458644805,5,6,2
1,1.8079334458644805,5,6,2
2,1.8079334458644805,5,6,2
3,1.8079334458644805,5,6,2
4,1.8079334458644805,5,6,2
5,1.8079334458644805,5,6,2
6,1.8079334458644805,5,6,2
7,1.8079334458644805,5,6,2
8,1.8079334458644805,5,6,2
9,1.8079334458644805,5,6,2
10,1.8079334458644805,5,6,2
11,1.8079334458644805,5,6,2
12,1.8079334458644805,5,6,2
13,1.8079334458644805,5,6,2
14,1.8079334458644805,5,6,2
15,1.8079334458644805,5,6,2
16,1.8079334458644805,5,6,2
17,1.8079334458644805,5,6,2
18,1.8079334458644805,5,6,2
19,1.8079334458644805,5,6,2
20,1.8079334458644805,5,6,2
21,1.8079334458644805,5,6,2
22,1.8079334458644805,5,6,2
23,1.8079334458644805,5,6,2
24,1.8079334458644805,5,6,2
25,1.8079334458644805,5,6,2
26,1.7168156920478903,5,6,2
27,1.7168156920478903,5,6,2
28,1.6781160016454135,5,7,2
29,1.6727938727938727,5,6,2
30,1.6727938727938727,5,6,2
31,1.5351650378019548,5,6,2
32,1.5351650378019548,5,6,2
33,1.5351650378019548,5,6,2
34,1.4979101358411704,5,7,2
35,1.4979101358411704,5,7,2
36,1.4979101358411704,5,7,2
37,1.4979101358411704,5,7,2
38,1.4429946524064172,5,6,2
39,1.4429946524064172,5,6,2
40,1.4429946524064172,5,6,2
41,1.3599791013584117,5,7,2
