,mq,No. Clus,Max clus,Min clus
0,1.3721767363071709,4,4,3
1,1.3341332580463017,4,4,3
2,1.3141007599211934,3,6,3
3,1.3099415204678362,4,4,2
4,1.3099415204678362,4,4,2
5,1.2829365079365078,4,5,2
6,1.254120879120879,4,4,3
7,1.2622850122850124,3,7,3
8,1.254120879120879,4,4,3
9,1.1934065934065934,3,6,3
10,1.184688995215311,4,4,2
11,1.1780626780626782,3,5,4
12,1.1780626780626782,3,5,4
13,1.1686507936507935,5,3,2
14,1.1710463449593884,4,4,2
15,1.163776963776964,4,4,2
16,1.1555555555555554,4,6,1
17,1.1303706435552279,4,5,2
18,1.0803030303030303,4,5,2
19,1.0803030303030303,4,5,2
20,1.0803030303030303,4,5,2
21,1.045751633986928,4,9,1
22,0.9774294670846395,5,5,1
23,0.9622222222222222,4,5,2
24,0.9505494505494505,5,4,2
25,0.9305555555555556,3,9,2
26,0.8596078431372549,4,5,2
27,0.838095238095238,3,6,2
