,mq,No. Clus,Max clus,Min clus
0,1.4098751490055836,4,4,2
1,1.4098751490055836,4,4,2
2,1.4098751490055836,4,4,2
3,1.4098751490055836,4,4,2
4,1.3155028546332894,5,4,2
5,1.2269469660774008,3,5,4
6,1.2269469660774008,3,5,4
7,1.224016563146998,3,5,4
8,1.224016563146998,3,5,4
9,1.224016563146998,3,5,4
10,1.2114624505928853,4,4,2
11,1.2114624505928853,4,4,2
12,1.2095238095238097,3,5,4
13,1.1965811965811965,4,4,2
14,1.1588827838827838,4,4,3
15,1.1588827838827838,4,4,3
16,1.1588827838827838,4,4,3
17,1.1264231499051234,3,6,3
18,1.0734126984126984,5,3,2
19,1.1470588235294117,3,7,2
20,1.0981684981684983,3,6,3
21,1.0777406168710517,4,4,2
22,1.0777406168710517,4,4,2
23,1.0064935064935066,4,4,2
24,0.9321428571428572,5,3,2
25,0.9121212121212121,5,4,2
