,mq,No. Clus,Max clus,Min clus
0,1.3131313131313131,4,6,2
1,1.3131313131313131,4,6,2
2,1.2613921166552746,5,3,2
3,1.2117889420521,5,4,2
4,1.2117889420521,5,4,2
5,1.1976911976911977,4,7,2
6,1.156177156177156,5,5,2
7,1.156177156177156,5,5,2
8,1.156177156177156,5,5,2
9,1.15007215007215,5,5,2
10,1.15007215007215,5,5,2
11,1.15007215007215,5,5,2
12,1.15007215007215,5,5,2
13,1.1432806324110671,3,6,2
14,1.1075460487225193,6,3,2
15,1.1075460487225193,6,3,2
16,1.1075460487225193,6,3,2
17,1.105020796197267,6,3,2
18,1.105020796197267,6,3,2
19,1.0548340548340547,6,3,2
20,1.0460317460317459,4,5,2
21,1.0373737373737373,5,3,2
22,1.0138888888888888,3,9,2
23,1.0138888888888888,3,9,2
24,0.9376953680022734,5,5,2
25,0.8771929824561403,3,11,1
26,0.8771929824561403,3,11,1
27,0.8559983133038161,4,7,2
