,mq,No. Clus,Max clus,Min clus
0,1.2416666666666667,3,6,3
1,1.226190476190476,4,4,3
2,1.226190476190476,4,4,3
3,1.226190476190476,4,4,3
4,1.226190476190476,4,4,3
5,1.226190476190476,4,4,3
6,1.2123015873015872,4,4,3
7,1.2123015873015872,4,4,3
8,1.2123015873015872,4,4,3
9,1.2123015873015872,4,4,3
10,1.2123015873015872,4,4,3
11,1.2123015873015872,4,4,3
12,1.1428571428571428,5,3,1
13,1.10609243697479,3,7,3
14,1.10609243697479,3,7,3
15,0.97531328320802,4,4,3
16,0.97531328320802,4,4,3
17,0.97531328320802,4,4,3
18,0.9883040935672514,3,5,4
19,0.9432849364791289,3,6,3
20,0.942857142857143,3,5,3
21,0.9102595197671598,3,6,3
22,0.8700501253132832,4,4,3
23,0.8700501253132832,4,4,3
24,0.8700501253132832,4,4,3
25,0.9102595197671598,3,6,3
