,mq,No. Clus,Max clus,Min clus
0,1.7889730639730639,6,5,2
1,1.7889730639730639,6,5,2
2,1.7889730639730639,6,5,2
3,1.7889730639730639,6,5,2
4,1.7044289044289045,6,6,2
5,1.6899470899470896,6,6,1
6,1.6810185185185185,6,5,2
7,1.6326340326340325,6,6,1
8,1.6326340326340325,6,6,1
9,1.6276767676767676,6,6,2
10,1.6006410256410257,6,7,2
11,1.5767560664112388,6,5,1
12,1.5767560664112388,6,5,1
13,1.5518518518518518,6,5,2
14,1.5518518518518518,6,5,2
15,1.5518518518518518,6,5,2
16,1.5518518518518518,6,5,2
17,1.5471055773494797,6,7,1
18,1.5471055773494797,6,7,1
19,1.5471055773494797,6,7,1
20,1.5368764568764568,6,5,1
21,1.5197222222222222,6,6,2
22,1.4885566188197765,6,5,2
23,1.475091575091575,6,5,2
24,1.4291262658909718,6,8,1
25,1.4185185185185185,6,5,2
26,1.4151559454191032,6,6,2
27,1.4151559454191032,6,6,2
28,1.3866289366289366,6,7,1
29,1.3818713450292397,6,6,2
30,1.3702015219043082,6,6,2
31,1.3642402847473452,6,7,2
32,1.3546432062561096,6,5,1
33,1.3343915343915342,6,6,2
34,1.3212454212454212,6,5,2
35,1.2848954966602024,5,8,2
36,1.2454725523486134,6,5,2
37,1.2007407407407407,6,5,2
38,1.1979091995221027,6,5,2
39,1.1958693941778127,6,7,1
40,1.192224880382775,6,6,2
41,1.141457586618877,6,5,2
