,mq,No. Clus,Max clus,Min clus
0,1.5906760418955541,3,7,6
1,1.5906760418955541,3,7,6
2,1.5906760418955541,3,7,6
3,1.5906760418955541,3,7,6
4,1.5906760418955541,3,7,6
5,1.5906760418955541,3,7,6
6,1.5906760418955541,3,7,6
7,1.5906760418955541,3,7,6
8,1.5906760418955541,3,7,6
9,1.5906760418955541,3,7,6
10,1.5906760418955541,3,7,6
11,1.5906760418955541,3,7,6
12,1.5906760418955541,3,7,6
13,1.5906760418955541,3,7,6
14,1.5906760418955541,3,7,6
15,1.5906760418955541,3,7,6
16,1.5906760418955541,3,7,6
17,1.5906760418955541,3,7,6
18,1.5906760418955541,3,7,6
19,1.5906760418955541,3,7,6
20,1.5906760418955541,3,7,6
21,1.5595881595881596,3,7,6
22,1.5595881595881596,3,7,6
23,1.5595881595881596,3,7,6
24,1.5595881595881596,3,7,6
25,1.5595881595881596,3,7,6
26,1.5595881595881596,3,7,6
27,1.5595881595881596,3,7,6
28,1.5595881595881596,3,7,6
29,1.5595881595881596,3,7,6
30,1.5595881595881596,3,7,6
31,1.5595881595881596,3,7,6
32,1.5595881595881596,3,7,6
33,1.4914521814942572,3,8,5
34,1.4752627627627628,3,8,5
35,1.4752627627627628,3,8,5
36,1.4132668144863267,3,7,6
37,1.4132668144863267,3,7,6
38,1.4132668144863267,3,7,6
39,1.4132668144863267,3,7,6
40,1.3894598155467721,3,8,6
41,1.309560723514212,3,8,6
