,mq,No. Clus,Max clus,Min clus
0,1.562749445676275,3,15,3
1,1.562749445676275,3,15,3
2,1.562749445676275,3,15,3
3,1.562749445676275,3,15,3
4,1.562749445676275,3,15,3
5,1.562749445676275,3,15,3
6,1.562749445676275,3,15,3
7,1.562749445676275,3,15,3
8,1.562749445676275,3,15,3
9,1.562749445676275,3,15,3
10,1.562749445676275,3,15,3
11,1.562749445676275,3,15,3
12,1.562749445676275,3,15,3
13,1.562749445676275,3,15,3
14,1.562749445676275,3,15,3
15,1.562749445676275,3,15,3
16,1.562749445676275,3,15,3
17,1.562749445676275,3,15,3
18,1.562749445676275,3,15,3
19,1.562749445676275,3,15,3
20,1.562749445676275,3,15,3
21,1.562749445676275,3,15,3
22,1.562749445676275,3,15,3
23,1.562749445676275,3,15,3
24,1.562749445676275,3,15,3
25,1.562749445676275,3,15,3
26,1.562749445676275,3,15,3
27,1.562749445676275,3,15,3
28,1.562749445676275,3,15,3
29,1.562749445676275,3,15,3
30,1.562749445676275,3,15,3
31,1.562749445676275,3,15,3
32,1.562749445676275,3,15,3
33,1.562749445676275,3,15,3
34,1.562749445676275,3,15,3
35,1.562749445676275,3,15,3
36,1.562749445676275,3,15,3
37,1.562749445676275,3,15,3
38,1.531947893682432,3,16,3
39,1.531947893682432,3,16,3
40,1.531947893682432,3,16,3
41,1.531947893682432,3,16,3
42,1.531947893682432,3,16,3
43,1.5136196524064172,3,14,3
44,1.5136196524064172,3,14,3
45,1.5136196524064172,3,14,3
46,1.5136196524064172,3,14,3
47,1.3077938749312303,3,15,2
48,1.3077938749312303,3,15,2
49,1.3077938749312303,3,15,2
50,1.3077938749312303,3,15,2
51,1.3077938749312303,3,15,2
52,1.2902921999517025,3,15,4
53,1.2902921999517025,3,15,4
54,1.280484160191273,3,17,2
55,1.280484160191273,3,17,2
56,1.2598045331669785,3,16,2
57,1.2598045331669785,3,16,2
58,1.2598045331669785,3,16,2
59,1.2598045331669785,3,16,2
