,mq,No. Clus,Max clus,Min clus
0,1.955999257803588,8,4,2
1,1.8249647750449673,9,4,2
2,1.7481991115067297,8,6,2
3,1.7038552950317656,10,3,2
4,1.6696672608437315,10,3,2
5,1.6403976798500124,11,3,2
6,1.59348223615465,7,9,2
7,1.5632792427315754,9,4,2
8,1.5111238434767846,11,3,2
9,1.4482665425389882,9,5,2
10,1.407175177763413,8,7,2
11,1.4004965622612682,9,4,2
12,1.3826268969126114,5,14,2
13,1.3826268969126114,5,14,2
14,1.326194067370538,11,3,2
15,1.3156167362049715,10,3,2
16,1.278117492056111,10,3,2
17,1.2598026897482433,8,5,2
18,1.25791904737138,11,3,2
19,1.2494002729296847,11,4,2
20,1.2526584600055295,8,5,2
21,1.2359611149084833,7,7,2
22,1.2234950120399035,9,7,2
23,1.2195274007038712,10,4,2
24,1.1814120520002875,10,4,2
25,1.1771744595274005,11,4,2
26,1.1771744595274005,11,4,2
27,1.1771744595274005,11,4,2
28,1.1319911688198134,8,9,2
29,1.12382079268489,10,4,2
30,1.1049786628733997,6,11,2
31,1.0868814192343603,11,4,2
32,1.0746615703137443,7,9,2
33,1.0610239541160593,6,7,1
34,1.0439070057731317,7,11,2
35,1.03720034658708,7,10,1
36,1.0234677603098654,4,12,3
37,1.0288461538461537,3,18,2
38,1.022408963585434,8,7,2
39,1.0146341463414634,7,8,1
40,0.9651272959776795,10,3,2
41,0.9791376388627377,5,14,2
42,0.9644110275689223,6,12,2
43,0.9465402571284924,11,4,1
44,0.937961914720749,10,5,2
45,0.9372566159330865,7,10,2
46,0.9100279106858054,6,12,2
47,0.8875,5,15,2
48,0.8795518207282913,9,6,2
49,0.8828947368421053,5,15,2
