,mq,No. Clus,Max clus,Min clus
0,1.417892748093609,12,4,2
1,1.417892748093609,12,4,2
2,1.417892748093609,12,4,2
3,1.259646726455237,12,4,1
4,1.2012072434607646,3,10,9
5,1.1972136763990608,12,4,1
6,1.2012072434607646,3,10,9
7,1.2012072434607646,3,10,9
8,1.2012072434607646,3,10,9
9,1.2012072434607646,3,10,9
10,1.2012072434607646,3,10,9
11,1.2012072434607646,3,10,9
12,1.2012072434607646,3,10,9
13,1.2012072434607646,3,10,9
14,1.2012072434607646,3,10,9
15,1.2012072434607646,3,10,9
16,1.2012072434607646,3,10,9
17,1.2012072434607646,3,10,9
18,1.2012072434607646,3,10,9
19,1.2012072434607646,3,10,9
20,1.2012072434607646,3,10,9
21,1.2012072434607646,3,10,9
22,1.2012072434607646,3,10,9
23,1.2012072434607646,3,10,9
24,1.2012072434607646,3,10,9
25,1.2012072434607646,3,10,9
26,1.2012072434607646,3,10,9
27,1.2012072434607646,3,10,9
28,1.2012072434607646,3,10,9
29,1.2012072434607646,3,10,9
30,1.2012072434607646,3,10,9
31,1.2012072434607646,3,10,9
32,1.2012072434607646,3,10,9
33,1.2012072434607646,3,10,9
34,1.2012072434607646,3,10,9
35,1.2012072434607646,3,10,9
36,1.2012072434607646,3,10,9
37,1.0696428571428571,3,10,9
38,1.0368223295759527,3,10,9
39,1.0193318474648398,12,4,2
40,1.0183578125706751,3,10,9
41,1.0097100215536758,3,10,9
42,1.008563780375861,3,10,9
43,0.9815340068137417,3,10,9
44,0.9722507774566661,3,10,9
45,0.9676522915685527,3,10,9
46,0.9412385060195281,3,10,9
47,0.9335493719033081,3,10,9
48,0.928859558134524,3,10,9
49,0.9177805383022775,3,10,9
50,0.8981264393045949,11,5,1
51,0.8560850055033443,3,10,9
52,0.8153567586048978,12,4,1
53,0.7675943026549678,12,4,1
54,0.7623757904245709,12,4,1
55,0.7332310048783001,12,5,1
56,0.7260976537336138,12,4,1
57,0.726048930210382,12,5,1
58,0.707459763094065,12,5,1
59,0.7059563892897226,11,5,1
