,mq,No. Clus,Max clus,Min clus
0,1.289782608695652,3,6,3
1,1.289782608695652,3,6,3
2,1.289782608695652,3,6,3
3,1.289782608695652,3,6,3
4,1.289782608695652,3,6,3
5,1.289782608695652,3,6,3
6,1.289782608695652,3,6,3
7,1.289782608695652,3,6,3
8,1.289782608695652,3,6,3
9,1.289782608695652,3,6,3
10,1.289782608695652,3,6,3
11,1.289782608695652,3,6,3
12,1.2722077922077921,3,6,3
13,1.1688888888888889,3,6,2
14,1.1688888888888889,3,6,2
15,1.1618181818181819,3,6,2
16,1.1618181818181819,3,6,2
17,1.1618181818181819,3,6,2
18,1.1142084460162263,3,5,4
19,1.1142084460162263,3,5,4
20,1.0911725955204217,3,7,3
21,1.0923945335710044,3,8,2
22,1.0911725955204217,3,7,3
23,1.0832674571805005,3,7,2
24,1.0832674571805005,3,7,2
25,1.0832674571805005,3,7,2
26,1.0064935064935066,3,5,3
27,1.008888888888889,3,7,2
