,mq,No. Clus,Max clus,Min clus
0,1.7132786013633323,6,9,1
1,1.7132786013633323,6,9,1
2,1.7132786013633323,6,9,1
3,1.7132786013633323,6,9,1
4,1.7132786013633323,6,9,1
5,1.7132786013633323,6,9,1
6,1.7132786013633323,6,9,1
7,1.7132786013633323,6,9,1
8,1.7132786013633323,6,9,1
9,1.7132786013633323,6,9,1
10,1.7132786013633323,6,9,1
11,1.7132786013633323,6,9,1
12,1.7132786013633323,6,9,1
13,1.7132786013633323,6,9,1
14,1.7132786013633323,6,9,1
15,1.7132786013633323,6,9,1
16,1.7132786013633323,6,9,1
17,1.7132786013633323,6,9,1
18,1.7132786013633323,6,9,1
19,1.7132786013633323,6,9,1
20,1.7132786013633323,6,9,1
21,1.7132786013633323,6,9,1
22,1.7132786013633323,6,9,1
23,1.7132786013633323,6,9,1
24,1.7132786013633323,6,9,1
25,1.7132786013633323,6,9,1
26,1.7132786013633323,6,9,1
27,1.7132786013633323,6,9,1
28,1.7132786013633323,6,9,1
29,1.7132786013633323,6,9,1
30,1.7132786013633323,6,9,1
31,1.7132786013633323,6,9,1
32,1.7132786013633323,6,9,1
33,1.7132786013633323,6,9,1
34,1.7132786013633323,6,9,1
35,1.7132786013633323,6,9,1
36,1.7132786013633323,6,9,1
37,1.7132786013633323,6,9,1
38,1.7132786013633323,6,9,1
39,1.7132786013633323,6,9,1
40,1.7132786013633323,6,9,1
41,1.7132786013633323,6,9,1
42,1.7132786013633323,6,9,1
43,1.7132786013633323,6,9,1
44,1.7132786013633323,6,9,1
45,1.7132786013633323,6,9,1
46,1.7132786013633323,6,9,1
47,1.7132786013633323,6,9,1
48,1.7132786013633323,6,9,1
49,1.7132786013633323,6,9,1
50,1.7132786013633323,6,9,1
51,1.7132786013633323,6,9,1
52,1.7132786013633323,6,9,1
53,1.7132786013633323,6,9,1
54,1.7132786013633323,6,9,1
55,1.7132786013633323,6,9,1
56,1.7132786013633323,6,9,1
57,1.7132786013633323,6,9,1
58,1.7132786013633323,6,9,1
59,1.7132786013633323,6,9,1
