,mq,No. Clus,Max clus,Min clus
0,2.1686797193369487,5,6,3
1,2.09558803134318,5,6,3
2,2.09558803134318,5,6,3
3,2.09558803134318,5,6,3
4,2.09558803134318,5,6,3
5,2.09558803134318,5,6,3
6,2.09558803134318,5,6,3
7,2.09558803134318,5,6,3
8,2.09558803134318,5,6,3
9,2.021983111638284,5,5,3
10,2.021076597820784,5,6,2
11,1.9974967061923583,5,7,3
12,1.979997341839447,5,7,3
13,1.962082362082362,5,7,3
14,1.960957050612223,5,6,2
15,1.9588458110516933,5,6,3
16,1.9588458110516933,5,6,3
17,1.9588458110516933,5,6,3
18,1.947984909827015,5,6,2
19,1.947984909827015,5,6,2
20,1.9304695304695305,5,5,2
21,1.9217758985200848,5,6,3
22,1.9096749993301716,5,6,2
23,1.8978354978354977,5,6,3
24,1.8978354978354977,5,6,3
25,1.8952423788105948,5,5,2
26,1.883057172712345,5,5,3
27,1.883057172712345,5,5,3
28,1.8819989716541439,5,5,3
29,1.864448051948052,5,5,3
30,1.864448051948052,5,5,3
31,1.864448051948052,5,5,3
32,1.841151005856888,5,6,3
33,1.841151005856888,5,6,3
34,1.8198815073815071,5,7,2
35,1.819451871657754,5,6,3
36,1.793391265597148,5,6,2
37,1.7757990801469061,5,6,2
38,1.766606261955099,5,7,3
39,1.7657226069125382,5,6,2
40,1.6584415584415586,5,6,3
41,1.6431814302782044,5,6,3
