,mq,No. Clus,Max clus,Min clus
0,1.7467427996839762,10,5,1
1,1.404689288741013,12,3,1
2,1.3209114407220386,6,7,3
3,1.3200020806577488,5,10,3
4,1.3157486476371925,7,11,1
5,1.2915135153728632,5,14,3
6,1.254866333542804,10,6,1
7,1.2491618888358018,11,4,2
8,1.2293446285279315,12,3,1
9,1.2263954395987644,10,6,1
10,1.2275944065211806,7,8,1
11,1.2205359102227153,7,11,2
12,1.2204540625477869,8,7,1
13,1.183955669370267,12,3,1
14,1.1838622107262458,4,10,4
15,1.1823687068689923,6,9,1
16,1.1681595875516193,12,3,1
17,1.1780641466208477,3,15,7
18,1.1763642228642803,6,15,1
19,1.169956262615866,5,8,1
20,1.1459395996160702,10,4,2
21,1.1457805872477556,11,3,2
22,1.1485477008672884,6,11,1
23,1.1322072988739655,6,8,2
24,1.1199966049906638,3,14,7
25,1.1134202670967377,8,6,2
26,1.1007212885154063,8,5,2
27,1.0894053315105947,4,22,1
28,1.0733456198973441,5,19,1
29,1.0594395887792423,11,7,1
30,1.0584076093512087,9,9,1
31,1.0484988344988344,7,11,1
32,1.0300240177522124,11,5,1
33,1.0202967080249026,11,4,2
34,1.0279430514237142,7,17,1
35,1.0116231377841285,11,6,1
36,1.0041768257285497,11,4,2
37,1.0019928294957174,5,13,1
38,1.0005781391147246,6,12,1
39,0.9928583509628329,11,4,2
40,0.9884120837467694,9,10,1
41,0.9716041311629546,10,5,1
42,0.9760993896582706,8,15,1
43,0.970859623759399,7,12,2
44,0.9663518570639312,12,4,1
45,0.9638524929222604,9,9,2
46,0.9231502430031842,7,6,2
47,0.9256450547698754,8,12,1
48,0.9187182122770932,7,15,1
49,0.9148994006978755,7,14,2
50,0.9015446541762331,11,4,2
51,0.8879912505502887,7,14,2
52,0.8758874177221607,11,4,1
53,0.8857758620689655,4,20,2
54,0.8678571428571429,9,8,1
55,0.8577878875933795,12,4,2
56,0.8545466028224649,9,10,1
57,0.8530057535246459,12,4,1
58,0.8574942860579815,8,16,1
59,0.8412769311613242,7,16,2
