,mq,No. Clus,Max clus,Min clus
0,1.3993506493506493,4,4,3
1,1.3993506493506493,4,4,3
2,1.3993506493506493,4,4,3
3,1.3993506493506493,4,4,3
4,1.3725816517578533,4,4,3
5,1.3725816517578533,4,4,3
6,1.3725816517578533,4,4,3
7,1.3527777777777779,3,6,3
8,1.3125,3,7,3
9,1.3125,3,7,3
10,1.3063554802685238,4,4,2
11,1.2795454545454545,4,4,2
12,1.2795454545454545,4,4,2
13,1.2741626794258374,4,5,2
14,1.2592105263157896,3,7,2
15,1.223758338847853,4,4,2
16,1.225815850815851,4,5,2
17,1.2195048309178744,3,7,2
18,1.206578947368421,4,4,2
19,1.1624819624819624,5,4,1
20,1.1271367521367521,4,4,2
21,1.1271367521367521,4,4,2
22,1.1061112800243236,4,4,2
23,1.0157894736842106,4,5,2
24,1.0095238095238095,5,5,2
25,1.0076923076923077,3,10,1
26,1.0076923076923077,3,10,1
27,1.0076923076923077,3,10,1
