,mq,No. Clus,Max clus,Min clus
0,1.3953823953823954,4,4,2
1,1.3953823953823954,4,4,2
2,1.3953823953823954,4,4,2
3,1.3953823953823954,4,4,2
4,1.3953823953823954,4,4,2
5,1.3953823953823954,4,4,2
6,1.3576839826839828,4,4,3
7,1.284126984126984,4,4,2
8,1.2326839826839826,4,4,3
9,1.2619047619047619,3,5,3
10,1.2326839826839826,4,4,3
11,1.2326839826839826,4,4,3
12,1.2326839826839826,4,4,3
13,1.1945773524720895,4,4,2
14,1.1945773524720895,4,4,2
15,1.1945773524720895,4,4,2
16,1.1945773524720895,4,4,2
17,1.156043956043956,4,4,2
18,1.1944444444444444,3,7,3
19,1.156043956043956,4,4,2
20,1.156043956043956,4,4,2
21,1.1010101010101012,5,4,2
22,1.0396825396825398,3,7,2
23,0.9939503932244403,4,4,2
24,1.0142857142857142,3,6,2
25,0.9102202145680406,4,4,2
