,mq,No. Clus,Max clus,Min clus
0,2.0052071558643854,4,7,3
1,2.0052071558643854,4,7,3
2,2.0052071558643854,4,7,3
3,2.0052071558643854,4,7,3
4,2.0052071558643854,4,7,3
5,2.0052071558643854,4,7,3
6,1.9752479752479752,4,7,3
7,1.9752479752479752,4,7,3
8,1.953450106664881,4,6,3
9,1.9321154678706165,4,7,3
10,1.9321154678706165,4,7,3
11,1.9321154678706165,4,7,3
12,1.9321154678706165,4,7,3
13,1.9321154678706165,4,7,3
14,1.9321154678706165,4,7,3
15,1.914600088513132,4,7,4
16,1.904059904059904,4,7,3
17,1.904059904059904,4,7,3
18,1.904059904059904,4,7,3
19,1.904059904059904,4,7,3
20,1.904059904059904,4,7,3
21,1.904059904059904,4,7,3
22,1.900110636952742,4,7,3
23,1.900110636952742,4,7,3
24,1.900110636952742,4,7,3
25,1.900110636952742,4,7,3
26,1.900110636952742,4,7,3
27,1.900110636952742,4,7,3
28,1.900110636952742,4,7,3
29,1.900110636952742,4,7,3
30,1.8585105481657207,4,7,3
31,1.8358034122740006,4,6,4
32,1.8318541451668384,4,6,4
33,1.8318541451668384,4,6,4
34,1.79537324757913,4,7,3
35,1.79537324757913,4,7,3
36,1.7768773461392269,4,7,2
37,1.7663371616859989,4,7,3
38,1.7486842105263158,4,8,3
39,1.6980806699000954,4,7,3
40,1.678143479614068,4,6,4
41,1.6453533971728227,4,7,3
