,mq,No. Clus,Max clus,Min clus
0,2.1151985695463957,8,5,2
1,1.9642348141598054,11,3,2
2,1.917614368401823,10,3,2
3,1.917614368401823,10,3,2
4,1.913260301416177,11,3,2
5,1.913260301416177,11,3,2
6,1.8123512105070863,11,3,2
7,1.7827658835533382,10,3,2
8,1.7794117827850495,9,6,2
9,1.739780509345727,8,5,2
10,1.7273281690324316,10,3,2
11,1.7244519278251949,11,4,2
12,1.6840386733710198,9,3,2
13,1.6547239616456157,10,4,2
14,1.6089681944745808,10,3,2
15,1.5806578466626926,11,3,2
16,1.5763037796770467,12,2,2
17,1.5763037796770467,12,2,2
18,1.5763037796770467,12,2,2
19,1.5763037796770467,12,2,2
20,1.5763037796770467,12,2,2
21,1.5763037796770467,12,2,2
22,1.5763037796770467,12,2,2
23,1.5763037796770467,12,2,2
24,1.5623512105070863,11,3,2
25,1.5496225413268039,9,5,2
26,1.5378422412155084,11,4,2
27,1.537670613433261,6,12,2
28,1.5202664836397508,10,4,2
29,1.488040027605245,10,4,2
30,1.4732441033752361,10,3,2
31,1.4032384918239829,9,6,2
32,1.4062952330529632,8,8,2
33,1.401885175025884,9,8,2
34,1.401885175025884,9,8,2
35,1.3545865741517915,8,7,2
36,1.3466796054017096,7,8,2
37,1.3253946887679557,6,14,2
38,1.3137488398657815,10,3,2
39,1.268390006975498,9,6,2
40,1.250802614175881,6,13,2
41,1.250802614175881,6,13,2
42,1.2416950550683221,10,4,2
43,1.2135955831608005,4,16,2
44,1.2005462039194708,8,9,2
45,1.2065359477124182,5,12,2
46,1.1963872733229763,5,8,2
47,1.188607901981169,8,7,2
48,1.185550527903469,5,13,2
49,1.1037376048817695,4,16,2
