,mq,No. Clus,Max clus,Min clus
0,1.3010526315789472,3,5,4
1,1.3010526315789472,3,5,4
2,1.3010526315789472,3,5,4
3,1.3010526315789472,3,5,4
4,1.3010526315789472,3,5,4
5,1.3010526315789472,3,5,4
6,1.3010526315789472,3,5,4
7,1.3010526315789472,3,5,4
8,1.228744939271255,3,5,4
9,1.228744939271255,3,5,4
10,1.228744939271255,3,5,4
11,1.228744939271255,3,5,4
12,1.228744939271255,3,5,4
13,1.228744939271255,3,5,4
14,1.228744939271255,3,5,4
15,1.228744939271255,3,5,4
16,1.0886446886446888,3,5,4
17,1.0886446886446888,3,5,4
18,1.0886446886446888,3,5,4
19,1.0886446886446888,3,5,4
20,1.017037037037037,3,5,3
21,1.017037037037037,3,5,3
22,1.017037037037037,3,5,3
23,1.017037037037037,3,5,3
24,0.9871794871794871,3,6,3
25,0.9685099846390168,3,6,3
26,0.9685099846390168,3,6,3
27,0.9303896103896103,3,6,3
