,mq,No. Clus,Max clus,Min clus
0,1.486888111888112,4,4,3
1,1.486888111888112,4,4,3
2,1.486888111888112,4,4,3
3,1.486888111888112,4,4,3
4,1.486888111888112,4,4,3
5,1.486888111888112,4,4,3
6,1.486888111888112,4,4,3
7,1.486888111888112,4,4,3
8,1.4591332580463017,4,4,3
9,1.4591332580463017,4,4,3
10,1.4591332580463017,4,4,3
11,1.4591332580463017,4,4,3
12,1.4591332580463017,4,4,3
13,1.4591332580463017,4,4,3
14,1.3993506493506493,4,4,3
15,1.3993506493506493,4,4,3
16,1.3993506493506493,4,4,3
17,1.3993506493506493,4,4,3
18,1.3332309582309583,3,7,3
19,1.3332309582309583,3,7,3
20,1.2683982683982684,4,4,3
21,1.2519607843137255,4,4,3
22,1.2097826086956522,3,6,3
23,1.196978021978022,3,6,3
24,1.1344579333709768,4,4,3
25,1.128787878787879,4,4,3
26,0.8774703557312253,3,10,1
27,0.8774703557312253,3,10,1
