,mq,No. Clus,Max clus,Min clus
0,1.3348484848484847,4,4,3
1,1.2795454545454545,4,4,2
2,1.2164502164502164,3,5,4
3,1.2164502164502164,3,5,4
4,1.2164502164502164,3,5,4
5,1.2141608391608392,3,5,4
6,1.202797202797203,4,5,1
7,1.1666666666666667,3,5,3
8,1.1234335839598997,3,5,4
9,1.0932009167303285,4,4,2
10,1.0891608391608392,3,6,3
11,1.0712121212121213,5,4,2
12,1.073013415892673,4,4,2
13,1.0515037593984964,5,3,2
14,1.0560492139439508,4,4,1
15,1.0560492139439508,4,4,1
16,1.0232708468002585,3,6,3
17,1.0232708468002585,3,6,3
18,1.0161943319838058,3,5,3
19,1.0161943319838058,3,5,3
20,1.015296862846772,4,5,1
21,1.0119047619047619,4,5,2
22,0.982017982017982,4,6,1
23,0.9649122807017544,4,5,1
24,0.9444444444444444,5,7,1
25,0.9110275689223057,5,3,2
26,0.9069264069264069,4,4,2
27,0.7940199335548173,3,10,1
