,mq,No. Clus,Max clus,Min clus
0,1.9321154678706165,4,7,3
1,1.9321154678706165,4,7,3
2,1.9321154678706165,4,7,3
3,1.9321154678706165,4,7,3
4,1.900110636952742,4,7,3
5,1.900110636952742,4,7,3
6,1.8318541451668384,4,6,4
7,1.819694993608037,4,7,4
8,1.819694993608037,4,7,4
9,1.7834312573443007,4,7,2
10,1.7679379444085326,4,6,4
11,1.7544838889232481,4,7,3
12,1.754076367389061,4,6,3
13,1.7544838889232481,4,7,3
14,1.7544838889232481,4,7,3
15,1.7544838889232481,4,7,3
16,1.7544838889232481,4,7,3
17,1.7544838889232481,4,7,3
18,1.7482588435511974,4,7,4
19,1.7482588435511974,4,7,4
20,1.7482588435511974,4,7,4
21,1.7482588435511974,4,7,4
22,1.7482588435511974,4,7,4
23,1.721777900349329,4,7,3
24,1.7206752971458852,4,6,4
25,1.721777900349329,4,7,3
26,1.721777900349329,4,7,3
27,1.721777900349329,4,7,3
28,1.7130781499202552,4,6,4
29,1.7130781499202552,4,6,4
30,1.701981981981982,4,7,3
31,1.6506302521008402,4,6,3
32,1.6322281943483583,4,8,2
33,1.609272030651341,4,6,4
34,1.6055915189042125,4,6,2
35,1.6018181818181818,4,8,2
36,1.5563547955751855,4,7,4
37,1.5536603036603038,4,7,3
38,1.552330141358869,4,7,3
39,1.5503479950538774,4,7,3
40,1.5503479950538774,4,7,3
41,1.5327512127512128,4,7,2
