,mq,No. Clus,Max clus,Min clus
0,2.0443493288320873,4,6,4
1,2.0443493288320873,4,6,4
2,2.0443493288320873,4,6,4
3,2.0443493288320873,4,6,4
4,2.0443493288320873,4,6,4
5,2.0443493288320873,4,6,4
6,2.0443493288320873,4,6,4
7,2.0372460717288305,4,6,4
8,2.0372460717288305,4,6,4
9,2.0372460717288305,4,6,4
10,1.9605124605124606,4,7,3
11,1.9605124605124606,4,7,3
12,1.9543290043290042,4,7,4
13,1.9498154280762976,4,8,2
14,1.9305006587615283,4,8,4
15,1.9053050397877986,4,6,4
16,1.9053050397877986,4,7,3
17,1.889083889083889,4,6,4
18,1.889083889083889,4,6,4
19,1.889083889083889,4,6,4
20,1.889083889083889,4,6,4
21,1.889083889083889,4,6,4
22,1.889083889083889,4,6,4
23,1.889083889083889,4,6,4
24,1.889083889083889,4,6,4
25,1.889083889083889,4,6,4
26,1.889083889083889,4,6,4
27,1.8693248909044238,4,6,3
28,1.8517608517608517,4,7,3
29,1.8517608517608517,4,7,3
30,1.8517608517608517,4,7,3
31,1.780235578805025,4,8,3
32,1.7646853146853145,4,7,4
33,1.7571428571428571,4,6,4
34,1.7571428571428571,4,6,4
35,1.715824915824916,4,7,4
36,1.6822510822510823,4,7,3
37,1.6630237512822537,4,6,3
38,1.6630237512822537,4,6,3
39,1.581512605042017,4,7,3
40,1.5546955624355006,4,6,3
41,1.5546955624355006,4,6,3
