,mq,No. Clus,Max clus,Min clus
0,1.87020202020202,5,5,3
1,1.87020202020202,5,5,3
2,1.87020202020202,5,5,3
3,1.87020202020202,5,5,3
4,1.87020202020202,5,5,3
5,1.87020202020202,5,5,3
6,1.8575757575757574,6,4,2
7,1.8575757575757574,6,4,2
8,1.83714969241285,6,5,2
9,1.7748136908185366,7,4,2
10,1.7738095238095237,6,5,2
11,1.726525137266825,7,4,2
12,1.726525137266825,7,4,2
13,1.7186868686868686,7,4,2
14,1.7224608724608723,6,4,2
15,1.7224608724608723,6,4,2
16,1.7243469174503656,5,5,3
17,1.7200447093889717,5,9,2
18,1.6839045999094457,6,4,3
19,1.7119269619269617,4,8,3
20,1.7119269619269617,4,8,3
21,1.6853962970667777,6,6,2
22,1.6563852813852813,7,4,2
23,1.6569809500843982,5,8,2
24,1.6468003011481271,7,3,2
25,1.655011655011655,5,5,3
26,1.6315656565656567,7,5,2
27,1.6449334978746744,3,9,3
28,1.6067967120598698,7,4,2
29,1.5831296154825565,5,4,4
30,1.5831296154825565,5,4,4
31,1.5627723725549811,6,5,2
32,1.511685416033242,7,3,2
33,1.5420006580720869,5,8,2
34,1.4934314477792738,7,4,2
35,1.4819928863407124,6,5,2
36,1.4511888111888114,5,5,3
37,1.438210155857215,5,8,2
38,1.3947631857680316,7,4,2
39,1.3961057058883146,6,5,2
