,mq,No. Clus,Max clus,Min clus
0,2.229756153669197,5,6,2
1,1.879335016835017,5,5,1
2,1.7953102453102454,7,4,2
3,1.7365702718334297,6,4,3
4,1.73534991324465,6,6,2
5,1.7014550264550263,6,5,2
6,1.6976294903926483,6,5,2
7,1.661823361823362,4,10,1
8,1.6289891395154552,7,3,2
9,1.6176190476190475,6,6,1
10,1.597220993660622,7,3,2
11,1.5833333333333333,6,6,2
12,1.5805183946488295,4,6,4
13,1.568026113671275,6,6,2
14,1.5463980463980462,5,8,3
15,1.5268263507993933,5,7,2
16,1.5266233766233763,7,3,2
17,1.5105966497270844,7,3,2
18,1.5013457556935816,6,6,2
19,1.4962406015037595,7,3,2
20,1.4958333333333333,4,10,1
21,1.494047619047619,7,5,2
22,1.4802631578947367,6,6,2
23,1.4205774617539324,6,4,2
24,1.4176587301587302,3,11,3
25,1.4109260304912479,7,4,1
26,1.379120879120879,5,6,2
27,1.3635693511854503,6,4,3
28,1.3623809523809522,7,5,1
29,1.3553092501368362,7,4,2
30,1.3440479025618344,5,5,3
31,1.3124338624338625,6,6,2
32,1.3083638583638584,4,7,3
33,1.273088023088023,7,3,2
34,1.2516120894887037,6,6,2
35,1.2480725623582767,4,8,2
36,1.2412698412698413,6,4,3
37,1.1917617165443253,5,8,2
38,1.0829852408799776,7,4,2
39,1.07640522875817,6,5,2
40,1.0606060606060606,5,6,1
41,0.8811188811188811,3,15,2
