,mq,No. Clus,Max clus,Min clus
0,2.0934343434343434,7,4,2
1,2.0934343434343434,7,4,2
2,1.9918394471026053,7,3,2
3,2.01524064171123,6,6,2
4,1.978708133971292,7,3,2
5,1.978708133971292,7,3,2
6,1.978708133971292,7,3,2
7,1.978708133971292,7,3,2
8,1.9886363636363635,6,5,2
9,1.9145413410119292,6,6,2
10,1.8780088332719913,7,3,2
11,1.8879370629370629,6,5,2
12,1.8696172248803828,6,5,3
13,1.8696172248803828,6,5,3
14,1.8696172248803828,6,5,3
15,1.8534167586799164,7,4,2
16,1.8567653276955602,5,8,3
17,1.8567653276955602,5,8,3
18,1.8388111888111887,5,6,3
19,1.8388111888111887,5,6,3
20,1.8290209790209788,6,6,2
21,1.769617224880383,7,3,2
22,1.7780088332719912,6,6,2
23,1.7766075388026608,5,6,3
24,1.769617224880383,7,3,2
25,1.769617224880383,7,3,2
26,1.769617224880383,7,3,2
27,1.769617224880383,7,3,2
28,1.769617224880383,7,3,2
29,1.7676470588235293,7,4,2
30,1.7663636363636361,5,8,3
31,1.7550906865472347,4,8,3
32,1.7052815605447187,7,3,2
33,1.7052815605447187,7,3,2
34,1.7332535885167464,5,6,3
35,1.6669477581242287,7,4,2
36,1.439039039039039,3,7,6
37,1.4009190499902573,8,4,1
38,1.3758158508158507,8,4,1
39,1.3407894736842105,7,3,2
