,mq,No. Clus,Max clus,Min clus
0,1.9215055567986874,4,11,3
1,1.9215055567986874,4,11,3
2,1.9215055567986874,4,11,3
3,1.9215055567986874,4,11,3
4,1.9215055567986874,4,11,3
5,1.9215055567986874,4,11,3
6,1.9215055567986874,4,11,3
7,1.9215055567986874,4,11,3
8,1.9215055567986874,4,11,3
9,1.9215055567986874,4,11,3
10,1.9215055567986874,4,11,3
11,1.9215055567986874,4,11,3
12,1.9215055567986874,4,11,3
13,1.9215055567986874,4,11,3
14,1.9215055567986874,4,11,3
15,1.9215055567986874,4,11,3
16,1.9215055567986874,4,11,3
17,1.9215055567986874,4,11,3
18,1.9215055567986874,4,11,3
19,1.9215055567986874,4,11,3
20,1.9215055567986874,4,11,3
21,1.9215055567986874,4,11,3
22,1.9215055567986874,4,11,3
23,1.9215055567986874,4,11,3
24,1.9215055567986874,4,11,3
25,1.9215055567986874,4,11,3
26,1.9215055567986874,4,11,3
27,1.9215055567986874,4,11,3
28,1.9215055567986874,4,11,3
29,1.9215055567986874,4,11,3
30,1.9215055567986874,4,11,3
31,1.9215055567986874,4,11,3
32,1.9171801110609659,4,12,3
33,1.8436088527551941,4,10,4
34,1.8392197233660648,4,11,4
35,1.8392197233660648,4,11,4
36,1.8392197233660648,4,11,4
37,1.8392197233660648,4,11,4
38,1.8233846812152332,4,10,3
39,1.8222841684309574,4,11,3
40,1.8222841684309574,4,11,3
41,1.8222841684309574,4,11,3
42,1.8177676818500212,4,12,3
43,1.8177676818500212,4,12,3
44,1.777945436986963,4,11,3
45,1.777945436986963,4,11,3
46,1.777945436986963,4,11,3
47,1.68611950500036,4,12,2
48,1.6633504492939666,4,10,3
49,1.5926154504460026,4,11,2
