,mq,No. Clus,Max clus,Min clus
0,2.143342567255611,7,4,2
1,2.143342567255611,7,4,2
2,1.9999722499722499,9,4,2
3,1.9999722499722499,9,4,2
4,1.9999722499722499,9,4,2
5,1.9999722499722499,9,4,2
6,1.9999722499722499,9,4,2
7,1.9999722499722499,9,4,2
8,2.0046131049967366,7,6,2
9,1.9999722499722499,9,4,2
10,1.9615243854374291,8,4,2
11,1.9615243854374291,8,4,2
12,1.9349098613804494,8,6,2
13,1.9349098613804494,8,6,2
14,1.8181540681540682,10,2,2
15,1.8181540681540682,10,2,2
16,1.8181540681540682,10,2,2
17,1.8181540681540682,10,2,2
18,1.8181540681540682,10,2,2
19,1.8181540681540682,10,2,2
20,1.8181540681540682,10,2,2
21,1.8181540681540682,10,2,2
22,1.8181540681540682,10,2,2
23,1.8181540681540682,10,2,2
24,1.8181540681540682,10,2,2
25,1.8181540681540682,10,2,2
26,1.8181540681540682,10,2,2
27,1.8174953066257413,9,4,2
28,1.8174953066257413,9,4,2
29,1.7470140970140973,8,5,2
30,1.7149794649794652,9,4,2
31,1.7082417582417582,6,7,2
32,1.659093434371493,6,8,2
33,1.611819467082625,9,3,2
34,1.5959318459318461,9,3,2
35,1.5194305694305694,5,9,2
36,1.4667122351332877,3,10,4
37,1.4104070004070004,5,9,2
38,1.3975191475191475,5,12,2
39,1.3975191475191475,4,12,2
40,1.3833333333333333,7,5,2
41,1.3198235974551764,9,3,2
