,mq,No. Clus,Max clus,Min clus
0,2.117676767676768,6,6,2
1,1.9706682206682207,8,4,1
2,1.9166999666999667,6,4,2
3,1.8903820816864296,6,6,2
4,1.8690733243364823,8,3,1
5,1.8162393162393162,7,5,1
6,1.8009671614934772,7,4,2
7,1.7970588235294116,7,6,2
8,1.7933147528799704,7,5,2
9,1.788850038850039,9,3,1
10,1.788850038850039,9,3,1
11,1.788850038850039,9,3,1
12,1.788850038850039,9,3,1
13,1.788850038850039,9,3,1
14,1.788850038850039,9,3,1
15,1.7881912773217121,8,4,1
16,1.7881912773217121,8,4,1
17,1.753413937949042,7,6,1
18,1.753413937949042,7,6,1
19,1.754283695460166,6,7,1
20,1.7344229255993961,6,5,2
21,1.7344229255993961,6,5,2
22,1.7344229255993961,6,5,2
23,1.7263347763347765,8,4,2
24,1.7055555555555557,7,8,2
25,1.7010101010101009,6,5,2
26,1.6803030303030304,9,4,2
27,1.6660997732426304,4,10,2
28,1.6609062980030722,6,6,2
29,1.6461116541761702,5,5,3
30,1.6415057915057916,5,7,2
31,1.6025542947001572,6,5,1
32,1.5951455363220066,8,5,1
33,1.585930735930736,5,8,2
34,1.5693650793650793,6,5,2
35,1.5467032967032965,7,5,2
36,1.5182759778411952,5,7,2
37,1.459481200657671,9,5,1
38,1.3706896551724137,3,12,2
39,1.3507326007326008,3,14,2
40,1.3443738656987296,4,12,1
41,1.3443738656987296,4,12,1
