,mq,No. Clus,Max clus,Min clus
0,1.6848055391428065,4,12,3
1,1.6694386919837128,4,13,3
2,1.6694386919837128,4,13,3
3,1.6694386919837128,4,13,3
4,1.6694386919837128,4,13,3
5,1.6694386919837128,4,13,3
6,1.6694386919837128,4,13,3
7,1.6694386919837128,4,13,3
8,1.6694386919837128,4,13,3
9,1.6694386919837128,4,13,3
10,1.6694386919837128,4,13,3
11,1.6694386919837128,4,13,3
12,1.6694386919837128,4,13,3
13,1.6694386919837128,4,13,3
14,1.6694386919837128,4,13,3
15,1.6694386919837128,4,13,3
16,1.6694386919837128,4,13,3
17,1.6694386919837128,4,13,3
18,1.6694386919837128,4,13,3
19,1.6694386919837128,4,13,3
20,1.6694386919837128,4,13,3
21,1.6694386919837128,4,13,3
22,1.6694386919837128,4,13,3
23,1.6694386919837128,4,13,3
24,1.6694386919837128,4,13,3
25,1.6694386919837128,4,13,3
26,1.6694386919837128,4,13,3
27,1.6694386919837128,4,13,3
28,1.6694386919837128,4,13,3
29,1.6694386919837128,4,13,3
30,1.6694386919837128,4,13,3
31,1.6694386919837128,4,13,3
32,1.6694386919837128,4,13,3
33,1.6694386919837128,4,13,3
34,1.6694386919837128,4,13,3
35,1.6644875607506229,4,12,3
36,1.6644875607506229,4,12,3
37,1.6644875607506229,4,12,3
38,1.6644875607506229,4,12,3
39,1.6633525935942963,4,14,3
40,1.6633525935942963,4,14,3
41,1.6633525935942963,4,14,3
42,1.6633525935942963,4,14,3
43,1.6633525935942963,4,14,3
44,1.6633525935942963,4,14,3
45,1.6387803373097491,4,14,3
46,1.6387803373097491,4,14,3
47,1.6387803373097491,4,14,3
48,1.6387803373097491,4,14,3
49,1.6387803373097491,4,14,3
50,1.6387803373097491,4,14,3
51,1.6222133679645283,4,11,3
52,1.600566442131047,4,12,4
53,1.596812038311794,4,12,3
54,1.5962068621915169,4,13,4
55,1.5962068621915169,4,13,4
56,1.4186388695999832,4,13,2
57,1.4186388695999832,4,13,2
58,1.4186388695999832,4,13,2
59,1.3665540129095115,4,14,2
