,mq,No. Clus,Max clus,Min clus
0,1.3695887445887447,4,4,3
1,1.3695887445887447,4,4,3
2,1.3695887445887447,4,4,3
3,1.3695887445887447,4,4,3
4,1.3695887445887447,4,4,3
5,1.3695887445887447,4,4,3
6,1.2766480595427963,4,4,3
7,1.2766480595427963,4,4,3
8,1.2766480595427963,4,4,3
9,1.2766480595427963,4,4,3
10,1.2766480595427963,4,4,3
11,1.2157349896480332,3,5,4
12,1.1942857142857142,3,5,4
13,1.1942857142857142,3,5,4
14,1.1942857142857142,3,5,4
15,1.1402086475615887,4,4,3
16,1.1402086475615887,4,4,3
17,1.1402086475615887,4,4,3
18,1.1402086475615887,4,4,3
19,1.0831746031746032,3,5,3
20,1.0476190476190474,4,4,2
21,1.0658008658008657,3,7,2
22,0.9733058135534916,4,4,2
23,0.9365079365079365,4,5,2
24,0.9402749605589362,3,7,3
25,0.8922989485649332,4,4,3
