,mq,No. Clus,Max clus,Min clus
0,1.3109730848861285,3,5,4
1,1.3109730848861285,3,5,4
2,1.3109730848861285,3,5,4
3,1.3109730848861285,3,5,4
4,1.3109730848861285,3,5,4
5,1.3109730848861285,3,5,4
6,1.3109730848861285,3,5,4
7,1.3109730848861285,3,5,4
8,1.3109730848861285,3,5,4
9,1.3109730848861285,3,5,4
10,1.3010526315789472,3,5,4
11,1.3010526315789472,3,5,4
12,1.3010526315789472,3,5,4
13,1.3010526315789472,3,5,4
14,1.3010526315789472,3,5,4
15,1.3010526315789472,3,5,4
16,1.3010526315789472,3,5,4
17,1.2760524499654935,4,4,2
18,1.2558352402745996,4,4,1
19,1.1983805668016194,3,5,4
20,1.1983805668016194,3,5,4
21,1.1730230553759964,3,5,3
22,1.1543859649122807,3,6,3
23,1.1204968944099378,3,6,3
24,1.0091415830546264,3,6,3
25,1.0091415830546264,3,6,3
26,0.9939393939393939,3,9,1
27,0.8857142857142857,3,8,2
