,mq,No. Clus,Max clus,Min clus
0,1.283008658008658,4,5,2
1,1.283008658008658,4,5,2
2,1.283008658008658,4,5,2
3,1.283008658008658,4,5,2
4,1.283008658008658,4,5,2
5,1.283008658008658,4,5,2
6,1.2447089947089947,3,5,3
7,1.2447089947089947,3,5,3
8,1.2447089947089947,3,5,3
9,1.2447089947089947,3,5,3
10,1.1957070707070707,5,3,2
11,1.1957070707070707,5,3,2
12,1.1957070707070707,5,3,2
13,1.1614845938375349,4,5,2
14,1.1614845938375349,4,5,2
15,1.1614845938375349,4,5,2
16,1.1614845938375349,4,5,2
17,1.0925324675324677,5,3,2
18,1.0925324675324677,5,3,2
19,1.0925324675324677,5,3,2
20,1.0916666666666668,4,4,3
21,1.012820512820513,3,5,3
22,1.0033670033670035,3,6,2
23,1.0033670033670035,3,6,2
24,1.0012820512820513,4,5,2
25,0.8969102792632204,5,3,2
