,mq,No. Clus,Max clus,Min clus
0,1.3795093795093796,4,6,2
1,1.3795093795093796,4,6,2
2,1.3795093795093796,4,6,2
3,1.3795093795093796,4,6,2
4,1.3795093795093796,4,6,2
5,1.3795093795093796,4,6,2
6,1.3795093795093796,4,6,2
7,1.3795093795093796,4,6,2
8,1.3795093795093796,4,6,2
9,1.3477633477633477,5,4,1
10,1.235617039964866,5,3,2
11,1.2820048309178744,3,6,2
12,1.2820048309178744,3,6,2
13,1.235617039964866,5,3,2
14,1.2436507936507937,5,6,1
15,1.2330917874396137,5,3,2
16,1.22005772005772,5,3,2
17,1.154486036838978,5,4,2
18,1.1804531804531804,4,6,2
19,1.154486036838978,5,4,2
20,1.1519607843137256,5,4,2
21,1.107516339869281,5,4,2
22,1.0056644880174292,3,5,4
23,0.9562289562289562,5,4,2
24,0.9357864357864357,4,6,2
25,0.8612612612612613,4,6,2
