,mq,No. Clus,Max clus,Min clus
0,1.671062271062271,6,4,3
1,1.671062271062271,6,4,3
2,1.671062271062271,6,4,3
3,1.671062271062271,6,4,3
4,1.671062271062271,6,4,3
5,1.671062271062271,6,4,3
6,1.671062271062271,6,4,3
7,1.671062271062271,6,4,3
8,1.671062271062271,6,4,3
9,1.671062271062271,6,4,3
10,1.671062271062271,6,4,3
11,1.671062271062271,6,4,3
12,1.671062271062271,6,4,3
13,1.671062271062271,6,4,3
14,1.671062271062271,6,4,3
15,1.671062271062271,6,4,3
16,1.671062271062271,6,4,3
17,1.671062271062271,6,4,3
18,1.671062271062271,6,4,3
19,1.671062271062271,6,4,3
20,1.671062271062271,6,4,3
21,1.671062271062271,6,4,3
22,1.671062271062271,6,4,3
23,1.671062271062271,6,4,3
24,1.671062271062271,6,4,3
25,1.671062271062271,6,4,3
26,1.671062271062271,6,4,3
27,1.671062271062271,6,4,3
28,1.671062271062271,6,4,3
29,1.671062271062271,6,4,3
30,1.671062271062271,6,4,3
31,1.671062271062271,6,4,3
32,1.671062271062271,6,4,3
33,1.671062271062271,6,4,3
34,1.671062271062271,6,4,3
35,1.671062271062271,6,4,3
36,1.671062271062271,6,4,3
37,1.671062271062271,6,4,3
38,1.671062271062271,6,4,3
39,1.671062271062271,6,4,3
