,mq,No. Clus,Max clus,Min clus
0,1.3172161172161172,3,5,4
1,1.3172161172161172,3,5,4
2,1.3172161172161172,3,5,4
3,1.3172161172161172,3,5,4
4,1.3172161172161172,3,5,4
5,1.3139034878165312,3,5,4
6,1.3139034878165312,3,5,4
7,1.248015873015873,4,5,1
8,1.2416666666666667,3,5,3
9,1.2284334023464458,4,5,2
10,1.2277777777777779,4,6,2
11,1.2028985507246377,3,5,4
12,1.2028985507246377,3,5,4
13,1.2028985507246377,3,5,4
14,1.2028985507246377,3,5,4
15,1.2028985507246377,3,5,4
16,1.2028985507246377,3,5,4
17,1.2028985507246377,3,6,3
18,1.2028985507246377,3,6,3
19,1.2028985507246377,3,6,3
20,1.183882783882784,4,4,2
21,1.1499341238471674,3,5,3
22,1.1499341238471674,3,5,3
23,1.1499341238471674,3,6,3
24,1.1333333333333333,3,6,2
25,1.1267399267399267,3,6,3
26,1.1178571428571429,4,6,2
27,1.0065359477124183,3,9,2
