,mq,No. Clus,Max clus,Min clus
0,1.3894300144300145,5,3,2
1,1.3894300144300145,5,3,2
2,1.3894300144300145,5,3,2
3,1.3894300144300145,5,3,2
4,1.372176736307171,4,4,3
5,1.2715728715728716,5,3,2
6,1.2715728715728716,5,3,2
7,1.2715728715728716,5,3,2
8,1.2597402597402598,4,4,3
9,1.2597402597402598,4,4,3
10,1.2597402597402598,4,4,3
11,1.2638888888888888,3,8,2
12,1.2597402597402598,4,4,3
13,1.1588827838827838,4,4,3
14,1.1588827838827838,4,4,3
15,1.1422799422799423,5,3,2
16,1.0930205415499532,5,4,2
17,1.0702380952380952,5,3,2
18,1.0702380952380952,5,3,2
19,1.0745073891625616,4,5,2
20,1.019047619047619,4,5,2
21,1.0067460317460317,5,3,2
22,0.9782234105763516,5,4,2
23,0.9523809523809523,5,3,2
24,0.8511904761904762,5,3,2
25,0.9456264775413712,3,9,2
