,mq,No. Clus,Max clus,Min clus
0,1.4968316707447142,4,4,2
1,1.427128427128427,5,4,2
2,1.4024593763724198,5,4,2
3,1.3430205415499534,5,4,2
4,1.3302308802308802,6,3,2
5,1.3412698412698414,4,5,2
6,1.3302308802308802,6,3,2
7,1.3287157287157285,4,6,2
8,1.2498619737750172,5,5,2
9,1.2498619737750172,5,5,2
10,1.2498619737750172,5,5,2
11,1.2498619737750172,5,5,2
12,1.2443064182194616,4,5,2
13,1.2318181818181817,5,3,2
14,1.221139971139971,4,7,2
15,1.190079365079365,6,3,2
16,1.190079365079365,6,3,2
17,1.190079365079365,6,3,2
18,1.190079365079365,6,3,2
19,1.190079365079365,6,3,2
20,1.1735480943738656,3,5,3
21,1.1498387233681353,6,4,1
22,1.1022588522588523,5,4,2
23,1.070798319327731,5,4,2
24,1.0827586206896551,3,6,2
25,1.0480061943476577,3,9,2
26,1.007886557886558,6,3,2
27,0.9411477411477411,4,6,2
