,mq,No. Clus,Max clus,Min clus
0,1.7176316510493725,8,8,1
1,1.7176316510493725,8,8,1
2,1.540561193192772,10,3,2
3,1.4515254322057913,11,4,1
4,1.4515254322057913,11,4,1
5,1.4489902544089737,10,4,2
6,1.3866061890561685,9,4,1
7,1.3703120409002763,10,3,2
8,1.3627225342182105,11,3,1
9,1.342221442221442,11,4,2
10,1.3381199752628323,10,4,1
11,1.3043537414965987,11,3,1
12,1.3019860913360164,9,6,1
13,1.2967668967668966,11,4,1
14,1.2924960339867173,7,8,2
15,1.2801765254640984,11,4,2
16,1.2634637003360103,11,4,2
17,1.2631564513917455,12,3,2
18,1.2539117525487682,12,3,1
19,1.257725967229856,10,3,2
20,1.259663953786216,9,6,2
21,1.2519469201822142,10,5,1
22,1.2472108843537413,11,3,1
23,1.2432319712807516,12,3,1
24,1.2475715736208741,10,5,1
25,1.2421815999126924,11,4,2
26,1.2369789106159264,11,4,1
27,1.2303277674706248,10,4,2
28,1.2256367162249515,11,3,1
29,1.2242947344263133,10,5,2
30,1.2159614989930938,9,4,2
31,1.2146612880790095,10,4,2
32,1.173317888208774,10,5,2
33,1.1535452362763285,12,3,1
34,1.1465534465534466,11,3,1
35,1.150978713690578,5,16,2
36,1.1439660996464591,12,3,1
37,1.1030413089735123,11,4,1
38,1.1009573449633017,11,4,2
39,1.1040100250626566,3,18,3
40,1.0864623121976063,12,3,1
41,1.077526806638013,6,14,2
42,1.0327758726926015,11,4,1
43,1.068618387262455,5,16,2
44,0.9979857074895963,10,3,2
45,0.9889865984904873,11,4,1
46,0.9776923076923076,3,12,5
47,0.9489014092640806,11,3,1
48,0.9635103083378945,4,19,1
49,0.9360443592641734,8,9,1
50,0.9557239057239058,3,13,4
51,0.954190403155127,3,13,3
52,0.9203564062880849,6,16,1
53,0.8814499537809746,6,14,3
54,0.8458417849898581,5,12,2
55,0.8299285240411954,7,13,1
56,0.7824463118580766,7,15,1
57,0.7741434816040268,12,4,1
