,mq,No. Clus,Max clus,Min clus
0,1.8034247536934522,8,4,2
1,1.5087708201560193,9,4,2
2,1.4714504980130254,10,4,2
3,1.4178106512697304,10,4,2
4,1.4387570621468926,3,20,2
5,1.4067460317460316,9,5,2
6,1.3825011303871872,9,4,1
7,1.3689549543410113,10,4,2
8,1.3255081457168743,10,3,2
9,1.3080869378695466,9,3,2
10,1.295638528138528,10,4,2
11,1.2786989459815548,10,4,2
12,1.268762566737775,9,4,2
13,1.2584969257795344,11,3,2
14,1.2226538006506948,10,5,2
15,1.221329854522454,9,4,2
16,1.2212581699346405,10,4,2
17,1.21898033126294,10,4,2
18,1.2037268750417418,10,3,2
19,1.1975193050193051,10,3,2
20,1.1823748677609247,10,3,2
21,1.1622647527910686,6,11,2
22,1.1379084581171868,6,6,2
23,1.1281818181818182,10,4,2
24,1.104076354679803,10,3,2
25,1.098702553485162,10,5,2
26,1.0935257858083944,10,4,2
27,1.087452574525745,9,5,2
28,1.0867676767676766,10,3,2
29,1.0785166240409207,10,4,2
30,1.0588309333874881,8,6,2
31,1.0489649702798372,10,3,2
32,1.02710358056266,12,2,2
33,1.0177898550724638,11,3,2
34,1.0062087637087638,8,6,2
35,0.991619709594918,11,4,2
36,0.9921516164994426,7,6,2
37,0.9801169590643275,10,4,2
38,0.9659716244221267,8,5,2
39,0.9123699421965318,3,20,2
40,0.9025154861298141,4,13,2
41,0.8744588744588745,3,18,2
42,0.8216315136476426,8,6,2
43,0.8194607843137256,7,9,2
44,0.8133333333333332,6,11,2
45,0.8180886736214605,4,16,1
46,0.8086677516856545,5,14,2
47,0.7799691643539932,5,13,2
48,0.7647041847041847,11,4,1
49,0.6440906680805938,7,12,2
