,mq,No. Clus,Max clus,Min clus
0,1.9799417753342738,10,4,2
1,1.406582970822647,9,5,2
2,1.3822704658525553,3,15,4
3,1.3605388812835622,11,4,2
4,1.363150183150183,5,14,2
5,1.3389421922615201,10,4,2
6,1.3153659126261865,9,5,1
7,1.281577719103074,7,7,2
8,1.290769230769231,4,20,2
9,1.2613026071672688,3,20,4
10,1.240605874456806,8,6,2
11,1.2497476277003836,4,14,2
12,1.2143151600777415,9,6,2
13,1.2159208607484469,6,11,2
14,1.2144053849044887,7,6,2
15,1.2133374689826302,7,10,2
16,1.198902524194353,4,22,2
17,1.196820016598725,6,9,2
18,1.1909337582909811,5,16,2
19,1.1818372094986156,10,4,2
20,1.1809093212531836,6,9,2
21,1.1767245346617163,7,15,2
22,1.164364847568267,7,10,2
23,1.1441056039380655,9,5,2
24,1.134771347814826,6,14,2
25,1.1343582607868323,7,8,2
26,1.13116141433628,4,17,2
27,1.1265735911922352,8,6,2
28,1.1233392878992245,10,5,2
29,1.1191677392815913,6,10,3
30,1.1177079499447922,8,9,1
31,1.1143357060113122,7,10,2
32,1.1143357060113122,7,10,2
33,1.1128298321555623,6,11,2
34,1.1073994099513254,7,8,2
35,1.1060761693919983,6,9,2
36,1.101221119078262,4,15,4
37,1.0949182395369137,8,6,2
38,1.0762327598027395,5,16,2
39,1.0704741429491706,7,12,2
40,1.0606699236836223,7,8,1
41,1.0586116966604773,8,5,2
42,1.0567458992990908,8,6,2
43,1.0467251953622112,10,5,2
44,1.0301147535771826,8,9,1
45,1.028704348594529,7,11,2
46,1.0280084294240006,6,11,2
47,1.0235904551815747,9,8,1
48,1.019072621005865,9,6,1
49,1.0017408523506084,8,5,2
50,0.9934365035090257,8,7,1
51,0.9905555555555555,7,6,2
52,0.9554055140262038,11,6,1
53,0.9427611893563793,11,4,1
54,0.9358565183516496,9,7,2
55,0.9367171697756405,8,12,2
56,0.9353430958504557,5,13,1
57,0.904040404040404,9,6,1
58,0.8497584541062801,8,7,1
59,0.7840780688238316,10,5,2
