,mq,No. Clus,Max clus,Min clus
0,1.8745745745745745,4,7,3
1,1.8745745745745745,4,7,3
2,1.8745745745745745,4,7,3
3,1.8745745745745745,4,7,3
4,1.8745745745745745,4,7,3
5,1.8745745745745745,4,7,3
6,1.8745745745745745,4,7,3
7,1.8745745745745745,4,7,3
8,1.8745745745745745,4,7,3
9,1.8745745745745745,4,7,3
10,1.8745745745745745,4,7,3
11,1.8745745745745745,4,7,3
12,1.8745745745745745,4,7,3
13,1.8454740454740455,4,7,3
14,1.8454740454740455,4,7,3
15,1.8357831515726253,4,7,2
16,1.8338543146727289,4,6,4
17,1.8338543146727289,4,6,4
18,1.8357831515726253,4,7,2
19,1.8357831515726253,4,7,2
20,1.7907539118065434,4,7,3
21,1.7907539118065434,4,7,3
22,1.7907539118065434,4,7,3
23,1.7907539118065434,4,7,3
24,1.7907539118065434,4,7,3
25,1.76645748738772,4,8,2
26,1.758590169116485,4,7,2
27,1.758590169116485,4,7,2
28,1.758590169116485,4,7,2
29,1.758590169116485,4,7,2
30,1.740687045034871,4,7,4
31,1.740687045034871,4,7,4
32,1.7014447884416923,4,6,3
33,1.7014447884416923,4,6,3
34,1.699479213432702,4,7,3
35,1.6559871499406382,4,7,2
36,1.648654810761514,4,8,3
37,1.6464903085970117,4,8,3
38,1.6464903085970117,4,8,3
39,1.6464903085970117,4,8,3
40,1.6464903085970117,4,8,3
41,1.6464903085970117,4,8,3
