,mq,No. Clus,Max clus,Min clus
0,1.960608875128999,4,12,3
1,1.960608875128999,4,12,3
2,1.960608875128999,4,12,3
3,1.960608875128999,4,12,3
4,1.960608875128999,4,12,3
5,1.960608875128999,4,12,3
6,1.960608875128999,4,12,3
7,1.960608875128999,4,12,3
8,1.960608875128999,4,12,3
9,1.960608875128999,4,12,3
10,1.960608875128999,4,12,3
11,1.960608875128999,4,12,3
12,1.960608875128999,4,12,3
13,1.960608875128999,4,12,3
14,1.960608875128999,4,12,3
15,1.960608875128999,4,12,3
16,1.960608875128999,4,12,3
17,1.960608875128999,4,12,3
18,1.960608875128999,4,12,3
19,1.960608875128999,4,12,3
20,1.960608875128999,4,12,3
21,1.960608875128999,4,12,3
22,1.960608875128999,4,12,3
23,1.960608875128999,4,12,3
24,1.960608875128999,4,12,3
25,1.960608875128999,4,12,3
26,1.960608875128999,4,12,3
27,1.960608875128999,4,12,3
28,1.9426450742240216,4,12,3
29,1.9426450742240216,4,12,3
30,1.9426450742240216,4,12,3
31,1.8768689720065868,4,11,3
32,1.8768689720065868,4,11,3
33,1.8768689720065868,4,11,3
34,1.8705186880244087,4,12,3
35,1.8705186880244087,4,12,3
36,1.8648551101856672,4,11,4
37,1.8628287779663926,4,11,3
38,1.8628287779663926,4,11,3
39,1.8628287779663926,4,11,3
40,1.8628287779663926,4,11,3
41,1.8628287779663926,4,11,3
42,1.78011396011396,4,10,4
43,1.733485001685204,4,13,3
44,1.733485001685204,4,13,3
45,1.7242871385842473,4,13,2
46,1.7242871385842473,4,13,2
47,1.6427819378261856,4,12,2
48,1.6394927536231885,4,12,4
49,1.6394927536231885,4,12,4
