,mq,No. Clus,Max clus,Min clus
0,1.3850649350649349,4,6,2
1,1.3850649350649349,4,6,2
2,1.3195652173913042,4,5,2
3,1.3195652173913042,4,5,2
4,1.2976190476190474,3,6,2
5,1.2696078431372548,3,7,2
6,1.249861973775017,5,5,2
7,1.2251633986928103,5,4,2
8,1.2251633986928103,5,4,2
9,1.216734279918864,4,5,2
10,1.1902427637721757,4,5,2
11,1.1902427637721757,4,5,2
12,1.144862155388471,4,4,2
13,1.1371635610766044,4,5,2
14,1.0722222222222222,6,3,2
15,1.0833333333333335,4,5,2
16,1.0937931034482757,3,6,2
17,1.065079365079365,6,3,2
18,1.038628762541806,5,4,2
19,1.0373015873015872,5,5,2
20,1.00990675990676,4,6,2
21,0.9523809523809523,5,3,2
22,1.00990675990676,4,6,2
23,0.9704968944099378,5,5,1
24,0.9673489278752436,4,4,2
25,0.9429629629629629,3,6,3
