,mq,No. Clus,Max clus,Min clus
0,1.9506075245205678,4,9,3
1,1.9506075245205678,4,9,3
2,1.9506075245205678,4,9,3
3,1.9506075245205678,4,9,3
4,1.9506075245205678,4,9,3
5,1.7876091194168995,4,9,3
6,1.7701666525195936,4,9,3
7,1.7287878787878788,4,9,3
8,1.7287878787878788,4,9,3
9,1.7287878787878788,4,9,3
10,1.7287878787878788,4,9,3
11,1.7287878787878788,4,9,3
12,1.7287878787878788,4,9,3
13,1.703121439963545,4,7,4
14,1.692121212121212,4,8,4
15,1.692121212121212,4,8,4
16,1.658619811560988,4,8,4
17,1.658619811560988,4,8,4
18,1.6469583048530416,4,9,3
19,1.6469583048530416,4,9,3
20,1.6127684093826584,4,8,3
21,1.6003996003996004,4,10,2
22,1.5923229241307044,4,9,3
23,1.5858054226475278,4,7,4
24,1.5705128205128205,4,9,2
25,1.5578754578754577,4,7,4
26,1.5578754578754577,4,7,4
27,1.542074592074592,4,7,2
28,1.5219312602291326,4,8,2
29,1.5172079134005225,4,8,3
30,1.4955280357757137,4,9,3
31,1.490909090909091,4,8,2
32,1.479717030936543,4,8,3
33,1.476284584980237,4,7,4
34,1.476284584980237,4,7,4
35,1.4691228070175437,4,9,3
36,1.4612794612794613,4,9,3
37,1.4253968253968252,4,9,3
38,1.4256778309409888,4,10,2
39,1.4150724637681158,4,7,3
40,1.3752913752913754,4,10,3
41,1.348776223776224,4,10,2
