,mq,No. Clus,Max clus,Min clus
0,1.6673946360153256,4,10,4
1,1.6321350907557806,4,11,4
2,1.6321350907557806,4,11,4
3,1.6321350907557806,4,11,4
4,1.6321350907557806,4,11,4
5,1.6321350907557806,4,11,4
6,1.6321350907557806,4,11,4
7,1.6321350907557806,4,11,4
8,1.6321350907557806,4,11,4
9,1.6321350907557806,4,11,4
10,1.6321350907557806,4,11,4
11,1.6321350907557806,4,11,4
12,1.6321350907557806,4,11,4
13,1.6321350907557806,4,11,4
14,1.6321350907557806,4,11,4
15,1.6321350907557806,4,11,4
16,1.6321350907557806,4,11,4
17,1.6321350907557806,4,11,4
18,1.6321350907557806,4,11,4
19,1.6321350907557806,4,11,4
20,1.6321350907557806,4,11,4
21,1.6321350907557806,4,11,4
22,1.6321350907557806,4,11,4
23,1.6321350907557806,4,11,4
24,1.6321350907557806,4,11,4
25,1.6321350907557806,4,11,4
26,1.6321350907557806,4,11,4
27,1.6321350907557806,4,11,4
28,1.6321350907557806,4,11,4
29,1.6321350907557806,4,11,4
30,1.6321350907557806,4,11,4
31,1.6321350907557806,4,11,4
32,1.6321350907557806,4,11,4
33,1.6321350907557806,4,11,4
34,1.6321350907557806,4,11,4
35,1.6321350907557806,4,11,4
36,1.6255486910620207,4,11,4
37,1.6255486910620207,4,11,4
38,1.6255486910620207,4,11,4
39,1.6255486910620207,4,11,4
40,1.6142291806547437,4,10,4
41,1.6142291806547437,4,10,4
42,1.6142291806547437,4,10,4
43,1.6142291806547437,4,10,4
44,1.611795036485932,4,12,4
45,1.611795036485932,4,12,4
46,1.584662494111313,4,10,4
47,1.5605093842361903,4,11,3
48,1.5414869132366322,4,12,3
49,1.434211674373964,4,12,2
50,1.3955050541257439,4,11,3
51,1.3955050541257439,4,11,3
52,1.35165890027959,4,11,3
53,1.35165890027959,4,11,3
54,1.3072762658128512,4,11,4
55,1.3072762658128512,4,11,4
56,1.2959567554055744,4,10,4
57,1.2959567554055744,4,10,4
58,1.2902568997057184,4,10,5
59,1.2881004206507563,4,11,3
