,mq,No. Clus,Max clus,Min clus
0,1.7939429653431638,7,9,2
1,1.746941617634269,8,6,2
2,1.599724523506899,9,6,2
3,1.5817158163557845,10,4,2
4,1.5817158163557845,10,4,2
5,1.5755084956323346,10,3,2
6,1.5755084956323346,10,3,2
7,1.5169099103096113,10,3,2
8,1.5555096154564634,4,20,3
9,1.5142826525099398,10,4,2
10,1.514067730515099,10,4,2
11,1.5028127101656512,10,4,2
12,1.4812925636455048,10,3,2
13,1.4812925636455048,10,3,2
14,1.4812925636455048,10,3,2
15,1.4715402416640808,10,3,2
16,1.4768153433888471,7,13,2
17,1.4705245757269794,9,6,2
18,1.444240153055895,10,5,2
19,1.4191776926817494,10,4,2
20,1.412052628499997,10,3,2
21,1.4104100376332682,10,4,2
22,1.407574614927556,11,3,2
23,1.4067158163557842,10,4,2
24,1.3774774937038148,10,4,2
25,1.3866781593019983,9,6,2
26,1.3773094724333115,10,4,2
27,1.3197782609547315,10,4,2
28,1.2864777211176892,10,4,2
29,1.2826931238695944,10,4,2
30,1.2749133911397121,10,4,2
31,1.267245601031679,9,6,2
32,1.2120526284999968,11,3,2
33,1.2129718242467789,10,4,2
34,1.206001998100702,9,5,2
35,1.1964141003614688,10,4,2
36,1.1867553584626755,9,5,2
37,1.1793843583317267,8,9,2
38,1.1743686138422982,7,12,2
39,1.1632773470634252,9,6,2
40,1.1370334142566447,11,3,2
41,1.1740076936527366,6,15,2
42,1.1322793219852043,9,5,2
43,1.1322712073426067,9,6,2
44,1.1000416621310678,10,4,2
45,1.0813360014598405,11,4,1
46,1.0869513856568185,8,8,3
47,1.0672509368959797,4,15,3
48,1.0504562929330732,9,5,2
49,1.0513924800689507,7,11,2
50,1.0070392595160398,9,5,2
51,1.025596479543848,8,9,2
52,1.0615864527629233,3,24,2
53,1.011435640383009,6,9,3
54,0.9610388855121077,10,6,1
55,0.9995184038527692,4,21,2
56,0.946496560550312,5,18,2
57,0.946496560550312,5,18,2
