,mq,No. Clus,Max clus,Min clus
0,1.3125,3,7,3
1,1.3125,3,7,3
2,1.1785714285714286,4,5,2
3,1.1785714285714284,5,3,2
4,1.1785714285714286,4,5,2
5,1.15015015015015,3,6,2
6,1.1150793650793651,5,3,2
7,1.1150793650793651,5,3,2
8,1.0978260869565217,4,4,3
9,1.0978260869565217,4,4,3
10,1.0978260869565217,4,4,3
11,1.0530587833219411,5,3,2
12,0.9853896103896105,4,4,3
13,1.0365079365079364,3,6,2
14,0.9853896103896105,4,4,3
15,0.9853896103896105,4,4,3
16,0.9404761904761905,5,3,2
17,0.9903846153846154,3,7,3
18,0.9903846153846154,3,7,3
19,0.9404761904761905,5,3,2
20,0.9404761904761905,4,4,3
21,0.9404761904761905,4,4,3
22,0.8550207961972669,5,3,2
23,0.8632478632478633,4,4,2
24,0.8262108262108262,3,5,4
25,0.8515406162464986,3,6,3
