,mq,No. Clus,Max clus,Min clus
0,1.4415584415584415,3,7,3
1,1.4415584415584415,3,7,3
2,1.4415584415584415,3,7,3
3,1.4415584415584415,3,7,3
4,1.3106060606060606,4,4,3
5,1.3106060606060606,4,4,3
6,1.3106060606060606,4,4,3
7,1.3106060606060606,4,4,3
8,1.3106060606060606,4,4,3
9,1.3106060606060606,4,4,3
10,1.3106060606060606,4,4,3
11,1.3139034878165312,3,5,4
12,1.3106060606060606,4,4,3
13,1.2984189723320156,4,4,3
14,1.2963286713286712,4,4,3
15,1.2963286713286712,4,4,3
16,1.293939393939394,4,4,3
17,1.293939393939394,4,4,3
18,1.293939393939394,4,4,3
19,1.2651515151515151,4,5,2
20,1.2028985507246377,3,6,3
21,1.1984189723320158,3,6,3
22,1.1984189723320158,3,6,3
23,1.0963949843260188,3,7,3
24,1.0963949843260188,3,7,3
25,1.0963949843260188,3,7,3
