,mq,No. Clus,Max clus,Min clus
0,1.3160173160173159,3,7,3
1,1.3160173160173159,3,7,3
2,1.3160173160173159,3,7,3
3,1.3160173160173159,3,7,3
4,1.3160173160173159,3,7,3
5,1.3160173160173159,3,7,3
6,1.3160173160173159,3,7,3
7,1.3160173160173159,3,7,3
8,1.3160173160173159,3,7,3
9,1.3160173160173159,3,7,3
10,1.3160173160173159,3,7,3
11,1.3160173160173159,3,7,3
12,1.3160173160173159,3,7,3
13,1.2447160682454799,3,6,3
14,1.2447160682454799,3,6,3
15,1.2447160682454799,3,6,3
16,1.2447160682454799,3,6,3
17,1.2447160682454799,3,6,3
18,1.2447160682454799,3,6,3
19,1.2447160682454799,3,6,3
20,1.2447160682454799,3,6,3
21,1.1908633372048008,3,8,2
22,1.1908633372048008,3,8,2
23,1.1687306501547987,3,5,4
24,1.1297826086956522,3,5,4
25,1.141025641025641,3,7,2
26,1.141025641025641,3,7,2
27,1.0314116777531412,3,8,2
