,mq,No. Clus,Max clus,Min clus
0,1.4719109820996614,4,9,6
1,1.375597920781635,4,8,6
2,1.375597920781635,4,8,6
3,1.375597920781635,4,8,6
4,1.375597920781635,4,8,6
5,1.375597920781635,4,8,6
6,1.375597920781635,4,8,6
7,1.375597920781635,4,8,6
8,1.375597920781635,4,8,6
9,1.375597920781635,4,8,6
10,1.375597920781635,4,8,6
11,1.375597920781635,4,8,6
12,1.375597920781635,4,8,6
13,1.375597920781635,4,8,6
14,1.375597920781635,4,8,6
15,1.375597920781635,4,8,6
16,1.375597920781635,4,8,6
17,1.375597920781635,4,8,6
18,1.375597920781635,4,8,6
19,1.375597920781635,4,8,6
20,1.375597920781635,4,8,6
21,1.375597920781635,4,8,6
22,1.375597920781635,4,8,6
23,1.375597920781635,4,8,6
24,1.375597920781635,4,8,6
25,1.375597920781635,4,8,6
26,1.375597920781635,4,8,6
27,1.375597920781635,4,8,6
28,1.375597920781635,4,8,6
29,1.375597920781635,4,8,6
30,1.375597920781635,4,8,6
31,1.375597920781635,4,8,6
32,1.375597920781635,4,8,6
33,1.375597920781635,4,8,6
34,1.3684067402158413,4,8,6
35,1.3684067402158413,4,8,6
36,1.3684067402158413,4,8,6
37,1.3540818664949748,4,9,6
38,1.3540818664949748,4,9,6
39,1.3540818664949748,4,9,6
40,1.3540818664949748,4,9,6
41,1.3540818664949748,4,9,6
42,1.3540818664949748,4,9,6
43,1.3540818664949748,4,9,6
44,1.351186131739209,4,9,5
45,1.351186131739209,4,9,5
46,1.3376331729272906,4,9,6
47,1.334322494650812,4,8,6
48,1.334322494650812,4,8,6
49,1.334322494650812,4,8,6
50,1.303153280472868,4,9,5
51,1.303153280472868,4,9,5
52,1.2998426021963896,4,8,5
53,1.2974195209584383,4,10,6
54,1.279603503139872,4,8,7
55,1.2669863217911899,4,8,7
56,1.2604158979278903,4,9,6
57,1.2604158979278903,4,9,6
58,1.2408661513924673,4,9,6
59,1.2408661513924673,4,9,6
