,mq,No. Clus,Max clus,Min clus
0,1.985086946951354,5,10,3
1,1.985086946951354,5,10,3
2,1.985086946951354,5,10,3
3,1.985086946951354,5,10,3
4,1.985086946951354,5,10,3
5,1.985086946951354,5,10,3
6,1.985086946951354,5,10,3
7,1.985086946951354,5,10,3
8,1.985086946951354,5,10,3
9,1.923733321549671,5,10,3
10,1.923733321549671,5,10,3
11,1.907126018990426,5,9,3
12,1.896917896917897,5,11,3
13,1.8768798651527319,5,11,3
14,1.8768798651527319,5,11,3
15,1.8768798651527319,5,11,3
16,1.8768798651527319,5,11,3
17,1.8768798651527319,5,11,3
18,1.8699931473904075,5,9,3
19,1.853522259967817,5,10,3
20,1.853522259967817,5,10,3
21,1.8478473581213308,5,10,2
22,1.8420634920634922,5,10,3
23,1.8420634920634922,5,10,3
24,1.8420634920634922,5,10,3
25,1.8420634920634922,5,10,3
26,1.8420634920634922,5,10,3
27,1.807162474740522,5,11,3
28,1.7880473109445072,5,11,3
29,1.7847824891003865,5,10,2
30,1.777092576160899,5,10,2
31,1.7759178848844501,5,10,3
32,1.7681282019710192,5,9,3
33,1.764102564102564,5,9,3
34,1.764102564102564,5,9,3
35,1.7625806879293342,5,10,2
36,1.7609427609427608,5,10,3
37,1.7560497317206454,5,10,3
38,1.7560497317206454,5,10,3
39,1.7560497317206454,5,10,3
40,1.7463926017056948,5,10,3
41,1.6988012596342883,5,10,2
42,1.680236822001528,5,11,3
43,1.677960927960928,5,10,2
44,1.677960927960928,5,10,2
45,1.636059597302098,5,10,3
46,1.636059597302098,5,10,3
47,1.6357694592988712,5,10,2
48,1.6140110785272075,5,10,2
49,1.558022076338096,5,11,2
