,mq,No. Clus,Max clus,Min clus
0,2.116792929292929,7,5,2
1,1.9349747474747476,8,5,2
2,1.7761917960088691,5,7,2
3,1.7687451437451438,9,4,2
4,1.7687451437451438,9,4,2
5,1.7687451437451438,9,4,2
6,1.7687451437451438,9,4,2
7,1.7687451437451438,9,4,2
8,1.7687451437451438,9,4,2
9,1.7687451437451438,9,4,2
10,1.6897938662644543,6,6,2
11,1.667401630017729,8,3,2
12,1.6736842105263157,3,7,6
13,1.6671502474134052,9,3,2
14,1.6655705405705405,8,4,2
15,1.6655705405705405,8,4,2
16,1.656890331890332,9,4,2
17,1.656890331890332,9,4,2
18,1.656890331890332,9,4,2
19,1.6360166964818128,4,8,2
20,1.5869269619269621,10,2,2
21,1.5869269619269621,10,2,2
22,1.5862682003986353,9,4,2
23,1.55990675990676,7,5,2
24,1.5596379427024587,6,6,2
25,1.5451480234311972,6,8,2
26,1.5322296124927703,8,3,2
27,1.5320761280063606,7,8,2
28,1.5215734265734264,8,4,2
29,1.5172782753427914,4,6,3
30,1.4925716440422323,7,6,2
31,1.478846153846154,7,7,2
32,1.4537473396169047,6,9,2
33,1.4465229215229214,8,4,2
34,1.4145104895104896,8,5,2
35,1.4269375785504819,3,11,4
36,1.3805923608555186,9,3,2
37,1.3805923608555186,9,3,2
38,1.38003663003663,8,5,2
39,1.2905128205128205,8,4,2
40,1.2622377622377623,9,3,2
41,1.2121794871794873,5,12,2
