,mq,No. Clus,Max clus,Min clus
0,2.0274122807017543,4,6,3
1,2.0274122807017543,4,6,3
2,1.9267399267399268,6,5,2
3,1.8593628593628593,5,5,2
4,1.8583196496989602,6,5,2
5,1.8436606303613976,7,3,2
6,1.8320707070707072,4,7,2
7,1.8139065335753175,4,6,3
8,1.8114335664335663,5,5,2
9,1.8111279200675485,5,6,3
10,1.809313725490196,6,5,2
11,1.7943831168831168,4,6,4
12,1.7628393665158373,5,6,3
13,1.7558892632422045,7,4,1
14,1.7446119196119196,5,5,3
15,1.744371445547916,6,5,2
16,1.7380738880918223,4,7,3
17,1.7380738880918223,4,7,3
18,1.7265151515151513,7,4,1
19,1.7164728682170542,5,6,3
20,1.7146297278190175,4,7,3
21,1.7057677616501146,6,5,2
22,1.6921296296296295,5,6,2
23,1.6656068069861174,5,5,3
24,1.6619111280875987,6,4,2
25,1.6605576222583895,6,5,2
26,1.6539187203633205,5,5,3
27,1.6589580010632643,4,7,2
28,1.646329123073309,4,6,4
29,1.6458129683936134,6,6,1
30,1.6271551724137931,3,10,4
31,1.622325313769914,7,4,1
32,1.6114942528735634,5,5,2
33,1.5806600806600806,5,5,2
34,1.5819444444444444,6,6,1
35,1.5238797713442744,3,10,5
36,1.510617039964866,7,5,2
37,1.4082792207792207,3,11,4
38,1.1297297297297297,3,13,2
39,1.0831202046035806,3,15,2
40,1.076784101174345,3,14,2
41,1.0389610389610389,3,16,2
