,mq,No. Clus,Max clus,Min clus
0,2.314461753080679,5,5,3
1,2.314461753080679,5,5,3
2,2.314461753080679,5,5,3
3,2.2775856389986826,5,5,3
4,2.091800356506239,5,5,3
5,2.085456009369053,6,4,1
6,2.0097687400318978,6,4,3
7,2.007263814616756,5,6,3
8,2.001363636363636,5,5,3
9,1.9878389154704943,6,4,3
10,1.940294417038603,5,6,2
11,1.922746371275783,6,4,3
12,1.922746371275783,6,4,3
13,1.9011363636363638,5,5,3
14,1.8590909090909091,6,4,2
15,1.8393048128342246,5,5,3
16,1.8154882154882155,6,5,2
17,1.79158692185008,6,4,3
18,1.7697615904966177,6,4,3
19,1.7629500891265595,6,4,3
20,1.7560356310356309,5,5,3
21,1.7345191040843215,6,4,2
22,1.7311732614364193,6,4,3
23,1.7107192536399105,5,6,3
24,1.6990794016110473,3,13,3
25,1.6903685982633352,6,4,3
26,1.676279565844783,5,5,3
27,1.572418688160376,7,4,2
28,1.5656068069861173,6,4,1
29,1.5655067155067157,4,7,3
30,1.5545454545454547,6,4,2
31,1.5482513926449855,5,6,3
32,1.4977489177489178,5,5,3
33,1.4361425061425064,4,9,2
34,1.4328389154704944,6,5,1
35,1.4177061310782242,6,5,1
36,1.3715415019762847,3,15,2
37,1.3482360922659429,4,10,2
38,1.3309316070925978,5,5,3
39,1.3072638146167557,6,4,3
40,1.3028138528138529,4,7,4
41,1.1133113311331133,3,17,1
