,mq,No. Clus,Max clus,Min clus
0,1.4967749865194913,4,10,5
1,1.4465890642249497,4,9,5
2,1.4465890642249497,4,9,5
3,1.4465890642249497,4,9,5
4,1.4465890642249497,4,9,5
5,1.4465890642249497,4,9,5
6,1.4465890642249497,4,9,5
7,1.4465890642249497,4,9,5
8,1.4465890642249497,4,9,5
9,1.4465890642249497,4,9,5
10,1.4465890642249497,4,9,5
11,1.4465890642249497,4,9,5
12,1.4465890642249497,4,9,5
13,1.4465890642249497,4,9,5
14,1.4465890642249497,4,9,5
15,1.4465890642249497,4,9,5
16,1.4465890642249497,4,9,5
17,1.4465890642249497,4,9,5
18,1.4465890642249497,4,9,5
19,1.4465890642249497,4,9,5
20,1.4465890642249497,4,9,5
21,1.4465890642249497,4,9,5
22,1.4465890642249497,4,9,5
23,1.4465890642249497,4,9,5
24,1.4465890642249497,4,9,5
25,1.4465890642249497,4,9,5
26,1.4415249566997324,4,10,5
27,1.4249864951612707,4,10,4
28,1.3983329888502303,4,9,5
29,1.3946267133275008,4,10,5
30,1.3946267133275008,4,10,5
31,1.3946267133275008,4,10,5
32,1.3945780282756197,4,10,5
33,1.391445456619727,4,10,5
34,1.388199233716475,4,9,5
35,1.3448608727310554,4,9,6
36,1.3012751960593687,4,10,5
37,1.3012751960593687,4,10,5
38,1.3012751960593687,4,10,5
39,1.3012751960593687,4,10,5
40,1.3012751960593687,4,10,5
41,1.3012751960593687,4,10,5
42,1.3012751960593687,4,10,5
43,1.2911602415728842,4,9,6
44,1.2911602415728842,4,9,6
45,1.2894353655981563,4,9,5
46,1.2894353655981563,4,9,5
47,1.2894353655981563,4,9,5
48,1.2894353655981563,4,9,5
49,1.2894353655981563,4,9,5
50,1.2894353655981563,4,9,5
51,1.2855922353675884,4,9,5
52,1.2763169123538667,4,10,5
53,1.275,4,10,5
54,1.2737740286677286,4,9,5
55,1.266537333634108,4,8,6
56,1.2600609080841638,4,10,5
57,1.2369650250247264,4,9,5
58,1.1734728671736547,4,10,4
59,1.1493271143654815,4,10,4
