,mq,No. Clus,Max clus,Min clus
0,1.303931766174329,4,4,3
1,1.303931766174329,4,4,3
2,1.303931766174329,4,4,3
3,1.303931766174329,4,4,3
4,1.303931766174329,4,4,3
5,1.303931766174329,4,4,3
6,1.303931766174329,4,4,3
7,1.303931766174329,4,4,3
8,1.303931766174329,4,4,3
9,1.303931766174329,4,4,3
10,1.303931766174329,4,4,3
11,1.303931766174329,4,4,3
12,1.303931766174329,4,4,3
13,1.303931766174329,4,4,3
14,1.303931766174329,4,4,3
15,1.303931766174329,4,4,3
16,1.303931766174329,4,4,3
17,1.303931766174329,4,4,3
18,1.303931766174329,4,4,3
19,1.303931766174329,4,4,3
20,1.303931766174329,4,4,3
21,1.303931766174329,4,4,3
22,1.303931766174329,4,4,3
23,1.303931766174329,4,4,3
24,1.303931766174329,4,4,3
25,1.303931766174329,4,4,3
