,mq,No. Clus,Max clus,Min clus
0,1.9914109726715719,11,4,2
1,1.9914109726715719,11,4,2
2,1.9615424805079975,12,4,2
3,1.9615424805079975,12,4,2
4,1.9285517643276262,13,3,2
5,1.9130830663589284,12,4,2
6,1.8589041152287578,12,3,2
7,1.8395862470862472,13,3,2
8,1.8427502690749118,12,3,2
9,1.8427502690749118,12,3,2
10,1.796743660151101,13,3,2
11,1.7951634859393482,13,3,2
12,1.7790096397855018,13,3,2
13,1.770542273818136,12,4,2
14,1.770542273818136,12,4,2
15,1.7701095029002003,13,3,2
16,1.7463756071514693,13,4,2
17,1.7463756071514693,13,4,2
18,1.7238853643076408,11,4,2
19,1.7123429731188353,14,3,2
20,1.7123429731188353,14,3,2
21,1.7238853643076408,11,4,2
22,1.7123429731188353,14,3,2
23,1.6477605727605726,13,3,2
24,1.6330972188730808,14,3,1
25,1.6226027133785754,14,3,1
26,1.5354232261990886,13,3,2
27,1.5163756071514694,12,6,2
28,1.5140939921427727,12,3,2
29,1.5154690137448756,11,6,2
30,1.51482798810385,11,6,2
31,1.4942453135100195,12,4,2
32,1.4799073531832154,13,4,1
33,1.4937476323673569,10,7,2
34,1.4937476323673569,10,7,2
35,1.4797287196553803,12,4,2
36,1.473618881118881,12,6,2
37,1.4708403967478376,11,6,2
38,1.431813156177726,11,3,2
39,1.4165958326623924,11,7,2
40,1.3231132011619815,13,3,1
41,1.3305446585934388,10,8,2
42,1.320599013389711,11,4,2
43,1.292051942051942,7,13,2
44,1.2706949045106937,13,3,2
45,1.272940203695918,9,11,1
46,1.2589248613028905,9,12,2
47,1.2454922270711744,9,10,2
48,1.1825693059870275,7,14,2
49,1.1752436890594784,11,3,2
50,1.1250383388541283,14,3,2
51,1.1194032608005098,7,12,2
52,0.9863927738927738,13,3,2
53,0.984071484071484,4,21,2
54,0.9840101518008495,10,7,2
55,0.9523837875231065,4,22,2
56,0.9523837875231065,4,22,2
57,0.9523837875231065,4,22,2
