,mq,No. Clus,Max clus,Min clus
0,2.0434282138542788,7,7,2
1,1.5980345522588673,8,6,2
2,1.5945472111395393,7,6,1
3,1.4806720358207772,8,8,2
4,1.433503275290843,4,18,2
5,1.397611676249447,5,9,2
6,1.3943150559325144,5,11,2
7,1.3773322194374824,4,20,2
8,1.365629264352099,6,8,2
9,1.3557558017180356,3,22,2
10,1.3557558017180356,3,22,2
11,1.3557558017180356,3,22,2
12,1.3474954861524733,5,16,2
13,1.3474954861524733,5,16,2
14,1.3380179934569247,6,10,2
15,1.3377256271993114,4,13,2
16,1.3334907733443966,8,7,2
17,1.331328320802005,4,20,2
18,1.325078320802005,4,13,2
19,1.317766359572924,6,10,2
20,1.311632428374125,7,7,2
21,1.3127930290843388,7,9,2
22,1.302977831475906,6,13,2
23,1.298377501129874,5,10,2
24,1.2956359344964352,5,12,2
25,1.2862013671862456,7,6,2
26,1.2845455820412701,9,5,2
27,1.2845455820412701,9,5,2
28,1.288233199821985,6,9,2
29,1.2936234027692182,4,19,2
30,1.2894339763668257,6,13,2
31,1.284979635390546,6,8,2
32,1.2746569018801326,10,6,1
33,1.2608465029517661,6,16,2
34,1.2548355481513762,7,11,2
35,1.247758555570563,5,12,2
36,1.232480839780611,7,6,2
37,1.2229160123896965,6,10,2
38,1.218741762956149,6,11,2
39,1.2134895968018684,8,8,1
40,1.2007863939509793,8,8,2
41,1.1962617967657163,7,8,2
42,1.1935278234270394,6,8,2
43,1.1813117422811028,8,9,2
44,1.1609527851887782,8,5,2
45,1.1301596573208723,3,16,6
46,1.1060000775704921,5,12,2
47,1.094719981015662,10,6,1
48,1.0461268556005399,4,11,4
49,1.0450100494743353,3,16,6
50,1.0394915861081273,5,14,2
51,1.0128842002857752,3,21,3
52,0.9990891674907779,6,6,2
53,0.9885611464558832,5,14,1
54,0.9621546439041901,7,6,2
55,0.962722844847969,4,19,2
56,0.9127283737614064,5,10,2
57,0.8791569850393379,3,16,2
58,0.866086912684009,8,6,1
59,0.8194444444444444,7,7,2
