,mq,No. Clus,Max clus,Min clus
0,1.2857142857142856,4,4,2
1,1.2857142857142856,4,4,2
2,1.2857142857142856,4,4,2
3,1.2857142857142856,4,4,2
4,1.2193486590038314,4,5,2
5,1.2193486590038314,4,5,2
6,1.2115384615384615,4,5,2
7,1.2115384615384615,4,5,2
8,1.2115384615384615,4,5,2
9,1.2115384615384615,4,5,2
10,1.2115384615384615,4,5,2
11,1.1911061075147762,4,4,2
12,1.188235294117647,3,6,3
13,1.188235294117647,3,6,3
14,1.1043417366946777,4,4,2
15,1.1043417366946777,4,4,2
16,1.1043417366946777,4,4,2
17,1.0848457350272231,3,5,4
18,1.076068376068376,4,5,2
19,0.9210526315789473,4,4,2
20,0.8958333333333333,4,6,2
21,0.873890608875129,4,4,2
22,0.873890608875129,4,4,2
23,0.8584415584415583,4,5,2
24,0.8575498575498575,4,4,3
25,0.8575498575498575,4,4,3
26,0.8471264367816091,4,5,2
27,0.8,4,5,2
