,mq,No. Clus,Max clus,Min clus
0,1.9716053087901826,6,6,2
1,1.9716053087901826,6,6,2
2,1.9716053087901826,6,6,2
3,1.9716053087901826,6,6,2
4,1.9716053087901826,6,6,2
5,1.9716053087901826,6,6,2
6,1.9716053087901826,6,6,2
7,1.9716053087901826,6,6,2
8,1.9716053087901826,6,6,2
9,1.9716053087901826,6,6,2
10,1.9716053087901826,6,6,2
11,1.9716053087901826,6,6,2
12,1.9716053087901826,6,6,2
13,1.9716053087901826,6,6,2
14,1.9716053087901826,6,6,2
15,1.9716053087901826,6,6,2
16,1.9716053087901826,6,6,2
17,1.9716053087901826,6,6,2
18,1.9716053087901826,6,6,2
19,1.9716053087901826,6,6,2
20,1.9716053087901826,6,6,2
21,1.9716053087901826,6,6,2
22,1.9716053087901826,6,6,2
23,1.9716053087901826,6,6,2
24,1.9716053087901826,6,6,2
25,1.9716053087901826,6,6,2
26,1.9371381886087766,6,7,2
27,1.9371381886087766,6,7,2
28,1.9371381886087766,6,7,2
29,1.90804555653107,6,6,2
30,1.90804555653107,6,6,2
31,1.90804555653107,6,6,2
32,1.90804555653107,6,6,2
33,1.6919118222001444,6,5,2
34,1.6919118222001444,6,5,2
35,1.645012765012765,6,6,2
36,1.645012765012765,6,6,2
37,1.6089545703338808,6,6,2
38,1.5926050420168067,6,7,2
39,1.581860231271996,6,6,2
40,1.581860231271996,6,6,2
41,1.581860231271996,6,6,2
42,1.581860231271996,6,6,2
43,1.580884918069792,6,7,2
44,1.580884918069792,6,7,2
45,1.580884918069792,6,7,2
46,1.5176369108032755,6,6,2
47,1.5176369108032755,6,6,2
48,1.3653192784227266,6,6,2
49,1.3215427709545358,6,6,2
