,mq,No. Clus,Max clus,Min clus
0,2.0744340248176565,4,6,4
1,2.0744340248176565,4,6,4
2,2.0744340248176565,4,6,4
3,2.0744340248176565,4,6,4
4,2.0744340248176565,4,6,4
5,2.0744340248176565,4,6,4
6,2.0744340248176565,4,6,4
7,2.0744340248176565,4,6,4
8,2.0744340248176565,4,6,4
9,2.0744340248176565,4,6,4
10,2.0744340248176565,4,6,4
11,2.0744340248176565,4,6,4
12,2.0744340248176565,4,6,4
13,2.0744340248176565,4,6,4
14,2.0744340248176565,4,6,4
15,2.0744340248176565,4,6,4
16,2.0119711042311663,4,6,3
17,1.9765782743303268,4,6,4
18,1.9765782743303268,4,6,4
19,1.9278867102396513,4,7,3
20,1.9278867102396513,4,7,3
21,1.9223819727656046,4,6,4
22,1.9223819727656046,4,6,4
23,1.9168350168350168,4,5,5
24,1.9207430340557274,4,6,3
25,1.9168350168350168,4,5,5
26,1.9168350168350168,4,5,5
27,1.9168350168350168,4,5,5
28,1.9168350168350168,4,5,5
29,1.8418043079300688,4,6,4
30,1.8331241540543868,4,8,2
31,1.7479487011712358,4,6,4
32,1.7479487011712358,4,6,4
33,1.7479487011712358,4,6,4
34,1.7479487011712358,4,6,4
35,1.7479487011712358,4,6,4
36,1.7479487011712358,4,6,4
37,1.7417016806722687,4,6,4
38,1.7418219461697722,4,7,4
39,1.7418219461697722,4,7,4
40,1.7130781499202552,4,6,4
41,1.6479663394109396,4,7,4
