,mq,No. Clus,Max clus,Min clus
0,1.2729044834307992,3,5,4
1,1.2729044834307992,3,5,4
2,1.2729044834307992,3,5,4
3,1.2729044834307992,3,5,4
4,1.2729044834307992,3,5,4
5,1.2729044834307992,3,5,4
6,1.2729044834307992,3,5,4
7,1.2729044834307992,3,5,4
8,1.2729044834307992,3,5,4
9,1.2714596949891068,3,5,3
10,1.2714596949891068,3,5,3
11,1.2714596949891068,3,5,3
12,1.2157349896480332,3,5,4
13,1.2157349896480332,3,5,4
14,1.1942857142857142,3,5,4
15,1.1942857142857142,3,5,4
16,1.1942857142857142,3,5,4
17,1.1942857142857142,3,5,4
18,1.1942857142857142,3,5,4
19,1.1294117647058823,3,6,2
20,1.1161290322580644,3,6,3
21,1.0294117647058822,3,6,3
22,1.0294117647058822,3,6,3
23,1.0294117647058822,3,6,3
24,1.0294117647058822,3,6,3
25,0.9222689075630253,3,6,3
26,0.914027149321267,3,6,2
27,0.914027149321267,3,6,2
