,mq,No. Clus,Max clus,Min clus
0,1.3398268398268398,3,5,3
1,1.3398268398268398,3,5,3
2,1.3398268398268398,3,5,3
3,1.3398268398268398,3,5,3
4,1.3398268398268398,3,5,3
5,1.3398268398268398,3,5,3
6,1.3398268398268398,3,5,3
7,1.3332309582309583,3,6,3
8,1.3332309582309583,3,6,3
9,1.3332309582309583,3,6,3
10,1.3109730848861285,3,5,4
11,1.3109730848861285,3,5,4
12,1.3109730848861285,3,5,4
13,1.3109730848861285,3,5,4
14,1.289782608695652,3,5,4
15,1.289782608695652,3,5,4
16,1.283008658008658,3,6,2
17,1.283008658008658,3,6,2
18,1.2724682724682723,3,6,3
19,1.25,3,6,3
20,1.25,3,6,3
21,1.25,3,6,3
22,1.25,3,6,3
23,1.2399108138238573,3,6,3
24,1.1950483091787438,3,7,2
25,1.1950483091787438,3,7,2
26,1.0592105263157894,3,7,2
27,1.0009337068160598,3,8,2
