,mq,No. Clus,Max clus,Min clus
0,1.9510086682427108,4,10,3
1,1.9510086682427108,4,10,3
2,1.9510086682427108,4,10,3
3,1.9510086682427108,4,10,3
4,1.9510086682427108,4,10,3
5,1.9510086682427108,4,10,3
6,1.9510086682427108,4,10,3
7,1.9510086682427108,4,10,3
8,1.9510086682427108,4,10,3
9,1.9510086682427108,4,10,3
10,1.9510086682427108,4,10,3
11,1.9510086682427108,4,10,3
12,1.9510086682427108,4,10,3
13,1.9510086682427108,4,10,3
14,1.9510086682427108,4,10,3
15,1.9510086682427108,4,10,3
16,1.9510086682427108,4,10,3
17,1.9510086682427108,4,10,3
18,1.9510086682427108,4,10,3
19,1.9510086682427108,4,10,3
20,1.9510086682427108,4,10,3
21,1.9510086682427108,4,10,3
22,1.9510086682427108,4,10,3
23,1.9510086682427108,4,10,3
24,1.9510086682427108,4,10,3
25,1.9510086682427108,4,10,3
26,1.9510086682427108,4,10,3
27,1.9510086682427108,4,10,3
28,1.9510086682427108,4,10,3
29,1.9510086682427108,4,10,3
30,1.9510086682427108,4,10,3
31,1.9510086682427108,4,10,3
32,1.9510086682427108,4,10,3
33,1.9510086682427108,4,10,3
34,1.9510086682427108,4,10,3
35,1.9094478216818642,4,10,3
36,1.9094478216818642,4,10,3
37,1.9025258057720666,4,11,3
38,1.9025258057720666,4,11,3
39,1.874481792717087,4,9,3
40,1.874481792717087,4,9,3
41,1.8721412463827027,4,11,3
42,1.862034417727487,4,11,3
43,1.6877095335741954,4,11,2
44,1.650390583199572,4,10,2
45,1.650390583199572,4,10,2
46,1.6238189442683826,4,9,4
47,1.6238189442683826,4,9,4
48,1.5986967451227552,4,10,2
49,1.5986967451227552,4,10,2
