,mq,No. Clus,Max clus,Min clus
0,1.5064935064935066,4,4,2
1,1.5064935064935066,4,4,2
2,1.5064935064935066,4,4,2
3,1.5064935064935066,4,4,2
4,1.5064935064935066,4,4,2
5,1.4891774891774894,4,4,3
6,1.4166666666666667,4,4,2
7,1.4415584415584415,3,7,3
8,1.4415584415584415,3,7,3
9,1.3993506493506493,4,4,3
10,1.3993506493506493,4,4,3
11,1.3993506493506493,4,4,3
12,1.3993506493506493,4,4,3
13,1.3993506493506493,4,4,3
14,1.3993506493506493,4,4,3
15,1.3993506493506493,4,4,3
16,1.3869047619047619,4,4,2
17,1.3643097643097644,4,4,3
18,1.3643097643097644,4,4,3
19,1.3273809523809526,5,4,1
20,1.2747474747474747,4,4,3
21,1.2743506493506493,3,7,3
22,1.1820887445887447,3,5,3
23,1.1884615384615385,4,6,2
24,1.1878121878121877,4,6,1
25,1.1280808080808082,4,4,2
