,mq,No. Clus,Max clus,Min clus
0,1.3063467492260061,4,4,2
1,1.1710526315789473,4,5,2
2,1.1291666666666667,3,6,3
3,1.113058664761451,4,4,2
4,1.0931174089068825,4,4,2
5,1.0931174089068825,4,4,2
6,1.0797385620915032,3,6,3
7,1.0797385620915032,3,6,3
8,1.0797385620915032,3,6,3
9,1.0686274509803921,4,4,3
10,1.06019290307216,5,4,2
11,1.06019290307216,5,4,2
12,1.0250059537985234,5,4,1
13,0.9795146030440149,5,4,1
14,0.9560606060606059,5,4,2
15,0.9470842882607589,4,5,2
16,0.9271430324061902,4,5,2
17,0.9227248723816229,5,4,1
18,0.9,3,6,2
19,0.8871794871794871,4,5,1
20,0.8826246217550565,4,5,2
21,0.8491228070175438,5,4,1
22,0.8333333333333334,5,3,2
23,0.8363636363636363,3,11,1
24,0.822473604826546,5,3,2
25,0.806787330316742,5,4,2
26,0.7902097902097902,3,9,2
27,0.7902097902097902,3,9,2
