,mq,No. Clus,Max clus,Min clus
0,1.4608585858585859,4,5,2
1,1.4608585858585859,4,5,2
2,1.4608585858585859,4,5,2
3,1.4608585858585859,4,5,2
4,1.4608585858585859,4,5,2
5,1.4608585858585859,4,5,2
6,1.4608585858585859,4,5,2
7,1.4608585858585859,4,5,2
8,1.4608585858585859,4,5,2
9,1.4608585858585859,4,5,2
10,1.4608585858585859,4,5,2
11,1.2162698412698414,4,4,2
12,1.2162698412698414,4,4,2
13,1.2162698412698414,4,4,2
14,1.2162698412698414,4,4,2
15,1.2162698412698414,4,4,2
16,1.1772328548644337,4,4,2
17,1.1772328548644337,4,4,2
18,1.1772328548644337,4,4,2
19,1.095079365079365,4,5,2
20,1.0597402597402596,4,6,2
21,1.0597402597402596,4,6,2
22,1.0597402597402596,4,6,2
23,0.9941520467836258,4,5,2
24,0.9445809445809445,4,7,2
25,0.8722943722943723,4,5,2
26,0.8722943722943723,4,5,2
27,0.8722943722943723,4,5,2
