,mq,No. Clus,Max clus,Min clus
0,2.2251866490996925,7,4,2
1,2.2251866490996925,7,4,2
2,2.034848484848485,7,4,2
3,1.8879148629148628,7,4,2
4,1.8731546231546232,6,7,2
5,1.8731546231546232,6,7,2
6,1.8706071706071703,7,4,2
7,1.8530303030303032,8,3,2
8,1.8545021645021644,6,4,2
9,1.8481102231102229,6,5,2
10,1.8146045898826486,5,8,2
11,1.7719102792632204,8,3,2
12,1.7719102792632204,8,3,2
13,1.7765639589169,5,7,3
14,1.7716450216450215,7,4,2
15,1.7514430014430014,8,3,2
16,1.7514430014430014,8,3,2
17,1.744869750132908,7,4,2
18,1.7427350427350425,8,3,2
19,1.7416666666666665,8,3,2
20,1.7015639589169,6,5,2
21,1.7015639589169,6,5,2
22,1.6807662060442645,5,8,2
23,1.6539012415173406,8,3,2
24,1.6674230997760409,7,4,2
25,1.6530291603821015,8,3,2
26,1.6566666666666665,6,5,2
27,1.6474358974358974,6,6,2
28,1.627718489772819,6,7,1
29,1.627718489772819,6,7,1
30,1.6427560837577815,4,10,2
31,1.5705128205128205,7,5,2
32,1.5151161703793286,8,3,2
33,1.5037037037037038,3,9,2
34,1.440883190883191,6,9,2
35,1.4021929824561403,8,3,2
36,1.4355921855921854,5,11,2
37,1.3578865578865578,7,4,2
38,1.3883040935672513,6,8,2
39,1.3578865578865578,7,4,2
