,mq,No. Clus,Max clus,Min clus
0,2.054173448035341,4,7,3
1,2.054173448035341,4,7,3
2,2.054173448035341,4,7,3
3,2.054173448035341,4,7,3
4,2.054173448035341,4,7,3
5,2.054173448035341,4,7,3
6,2.054173448035341,4,7,3
7,2.054173448035341,4,7,3
8,2.054173448035341,4,7,3
9,1.7979905005480452,4,7,3
10,1.7979905005480452,4,7,3
11,1.7979905005480452,4,7,3
12,1.7979905005480452,4,7,3
13,1.7979905005480452,4,7,3
14,1.7979905005480452,4,7,3
15,1.7979905005480452,4,7,3
16,1.7979905005480452,4,7,3
17,1.7979905005480452,4,7,3
18,1.7979905005480452,4,7,3
19,1.7979905005480452,4,7,3
20,1.7865572561312928,4,7,3
21,1.7235156999862884,4,7,3
22,1.7091078855784736,4,7,3
23,1.6827731092436977,4,7,3
24,1.6827731092436977,4,7,3
25,1.6793414322250642,4,7,3
26,1.6793414322250642,4,7,3
27,1.6793414322250642,4,7,3
28,1.6793414322250642,4,7,3
29,1.6793414322250642,4,7,3
30,1.6793414322250642,4,7,3
31,1.6793414322250642,4,7,3
32,1.6600690690977968,4,7,3
33,1.6578631452581032,4,7,3
34,1.6578631452581032,4,7,3
35,1.6578631452581032,4,7,3
36,1.6578631452581032,4,7,3
37,1.6212121212121213,4,7,3
38,1.4514533085961658,4,7,3
39,1.4488851992409866,4,7,3
40,1.4488851992409866,4,7,3
41,1.4474143206854344,4,7,3
