,mq,No. Clus,Max clus,Min clus
0,1.5277914242620125,4,8,5
1,1.5277914242620125,4,8,5
2,1.5277914242620125,4,8,5
3,1.5277914242620125,4,8,5
4,1.5277914242620125,4,8,5
5,1.5277914242620125,4,8,5
6,1.5277914242620125,4,8,5
7,1.5277914242620125,4,8,5
8,1.5277914242620125,4,8,5
9,1.5277914242620125,4,8,5
10,1.5277914242620125,4,8,5
11,1.5277914242620125,4,8,5
12,1.5277914242620125,4,8,5
13,1.5277914242620125,4,8,5
14,1.5277914242620125,4,8,5
15,1.5277914242620125,4,8,5
16,1.5277914242620125,4,8,5
17,1.5277914242620125,4,8,5
18,1.5277914242620125,4,8,5
19,1.5277914242620125,4,8,5
20,1.5277914242620125,4,8,5
21,1.5277914242620125,4,8,5
22,1.5277914242620125,4,8,5
23,1.5277914242620125,4,8,5
24,1.5277914242620125,4,8,5
25,1.5277914242620125,4,8,5
26,1.5277914242620125,4,8,5
27,1.5142624854819977,4,7,5
28,1.5142624854819977,4,7,5
29,1.5142624854819977,4,7,5
30,1.5142624854819977,4,7,5
31,1.4701657712265235,4,7,5
32,1.4701657712265235,4,7,5
33,1.4701657712265235,4,7,5
34,1.4435438751107832,4,8,4
35,1.4435438751107832,4,8,4
36,1.4435438751107832,4,8,4
37,1.4177556343638373,4,9,5
38,1.4177556343638373,4,9,5
39,1.2774518542527618,4,7,5
40,1.2774518542527618,4,7,5
41,1.2586990351696232,4,7,5
42,1.2407960338487274,4,7,4
43,1.2320771390538832,4,8,4
44,1.2320771390538832,4,8,4
45,1.2320771390538832,4,8,4
46,1.2320771390538832,4,8,4
47,1.1484979312826047,4,9,4
48,1.1309803921568626,4,8,4
49,1.1309803921568626,4,8,4
