,mq,No. Clus,Max clus,Min clus
0,2.1553398356029936,6,4,3
1,2.1553398356029936,6,4,3
2,2.1553398356029936,6,4,3
3,2.1553398356029936,6,4,3
4,2.1553398356029936,6,4,3
5,2.1553398356029936,6,4,3
6,2.1553398356029936,6,4,3
7,2.1553398356029936,6,4,3
8,2.1553398356029936,6,4,3
9,2.1553398356029936,6,4,3
10,2.1553398356029936,6,4,3
11,1.9812019045685108,6,4,3
12,1.9812019045685108,6,4,3
13,1.970411605937922,7,3,2
14,1.9659458962090541,6,5,3
15,1.9659458962090541,6,5,3
16,1.9628264666190365,7,4,1
17,1.885895391158549,6,4,3
18,1.8418079651745716,6,4,3
19,1.82179005205321,5,6,3
20,1.8177293410959474,5,7,3
21,1.8177293410959474,5,7,3
22,1.8177293410959474,5,7,3
23,1.800198081931828,5,6,3
24,1.800198081931828,5,6,3
25,1.800198081931828,5,6,3
26,1.7577131932395091,7,3,2
27,1.7577131932395091,7,3,2
28,1.7465014517646096,6,4,3
29,1.7465014517646096,6,4,3
30,1.733698499642772,5,6,2
31,1.6535721588353167,4,10,3
32,1.619481981981982,3,7,6
33,1.5561673414304993,4,9,3
34,1.4980959071246351,3,7,6
35,1.488045288045288,6,4,2
36,1.4404408457040034,4,12,2
37,1.3254835807467389,7,3,2
38,1.3254835807467389,7,3,2
39,1.2765734265734268,7,4,2
