,mq,No. Clus,Max clus,Min clus
0,1.7581699346405228,3,8,6
1,1.7581699346405228,3,8,6
2,1.7581699346405228,3,8,6
3,1.7581699346405228,3,8,6
4,1.7581699346405228,3,8,6
5,1.7581699346405228,3,8,6
6,1.7581699346405228,3,8,6
7,1.7581699346405228,3,8,6
8,1.7581699346405228,3,8,6
9,1.7581699346405228,3,8,6
10,1.7581699346405228,3,8,6
11,1.7581699346405228,3,8,6
12,1.7581699346405228,3,8,6
13,1.7581699346405228,3,8,6
14,1.7581699346405228,3,8,6
15,1.7581699346405228,3,8,6
16,1.7581699346405228,3,8,6
17,1.7581699346405228,3,8,6
18,1.7581699346405228,3,8,6
19,1.7581699346405228,3,8,6
20,1.7548282470883088,3,7,6
21,1.7548282470883088,3,7,6
22,1.7548282470883088,3,7,6
23,1.7548282470883088,3,7,6
24,1.7548282470883088,3,7,6
25,1.7475646378085403,3,7,6
26,1.7475646378085403,3,7,6
27,1.7177658942364826,3,8,6
28,1.6700404858299596,3,8,5
29,1.6700404858299596,3,8,5
30,1.6700404858299596,3,8,5
31,1.6700404858299596,3,8,5
32,1.6700404858299596,3,8,5
33,1.6700404858299596,3,8,5
34,1.6700404858299596,3,8,5
35,1.6700404858299596,3,8,5
36,1.6666666666666667,3,9,5
37,1.6666666666666667,3,9,5
38,1.5444444444444445,3,10,4
39,1.5270588235294118,3,9,5
40,1.5270588235294118,3,9,5
41,1.5167337550316273,3,8,5
