,mq,No. Clus,Max clus,Min clus
0,1.2457142857142856,3,5,3
1,1.2457142857142856,3,5,3
2,1.2234335839598998,4,4,3
3,1.189571150097466,4,5,1
4,1.1723076923076923,3,5,4
5,1.1723076923076923,3,5,4
6,1.1275615887380592,4,5,2
7,1.1157894736842104,3,6,3
8,1.1157894736842104,3,6,3
9,1.096453254347991,4,5,2
10,1.096453254347991,4,5,2
11,1.096453254347991,4,5,2
12,1.096453254347991,4,5,2
13,1.0903896103896105,3,5,3
14,1.0903896103896105,3,5,3
15,1.0903896103896105,3,5,3
16,1.0903896103896105,3,5,3
17,1.0901515151515153,4,6,2
18,1.0849181777974346,4,4,2
19,1.0839598997493733,4,4,2
20,1.0765639589168998,4,4,2
21,1.0505050505050506,4,5,2
22,1.008097165991903,4,4,1
23,0.9488775702697604,4,6,2
24,0.9447004608294931,3,6,2
25,0.9261790840738209,4,5,1
26,0.9261790840738209,4,5,1
27,0.9007444168734491,3,6,3
