,mq,No. Clus,Max clus,Min clus
0,2.0277839944220095,7,7,2
1,1.5634797914964795,10,4,2
2,1.5428004445883188,8,6,2
3,1.5068552979750116,6,12,2
4,1.4598486795510184,5,14,2
5,1.4418152541681952,8,5,2
6,1.4418152541681952,8,5,2
7,1.4363726687256098,8,5,2
8,1.4388628918680069,6,15,2
9,1.4354436500495953,7,6,2
10,1.4180619864716482,8,5,2
11,1.4004147471011328,9,4,2
12,1.3933785247656205,7,7,2
13,1.3634958639746075,10,4,1
14,1.342601720644317,7,6,2
15,1.336942320101713,5,10,2
16,1.324976000877329,8,6,1
17,1.319865571608516,6,15,2
18,1.3033669843776436,4,12,2
19,1.2904169572967528,10,4,2
20,1.285021574013872,10,5,2
21,1.283746289843851,5,12,3
22,1.2738210083895523,7,7,2
23,1.2738210083895523,7,7,2
24,1.2406940553999377,7,6,2
25,1.23095473157784,3,23,3
26,1.2303225852076813,9,5,2
27,1.2206505313901066,7,9,2
28,1.2192837974006268,8,6,1
29,1.2168177619614007,9,4,2
30,1.198529411764706,4,17,2
31,1.172285339745017,5,12,3
32,1.168064278342916,8,5,2
33,1.16867261809873,4,18,3
34,1.1677471692902512,6,13,2
35,1.1591909161931293,9,4,2
36,1.156893553896712,8,6,2
37,1.1487103608600941,9,4,2
38,1.1543702226653374,3,20,4
39,1.1326817874485218,8,6,1
40,1.1311091949527812,9,4,2
41,1.1308837831145135,4,10,4
42,1.122566844919786,5,17,2
43,1.1115161877344213,10,4,2
44,1.0929607517067348,9,4,2
45,1.0861981282636868,8,6,2
46,1.075088427169563,6,9,2
47,1.0755313739635477,4,10,3
48,1.0729251085484464,6,9,2
49,1.0690242002652772,9,5,2
50,1.0719875083119597,4,11,2
51,1.0611791514451385,8,5,2
52,1.0436020404878135,9,4,2
53,1.0372039330725773,7,6,1
54,1.0241830065359476,9,4,2
55,0.9873774191645474,8,5,2
56,0.9977959227557536,3,21,2
57,0.9709148598625066,3,20,1
58,0.9704726977806284,7,9,1
59,0.9451872322685662,10,4,1
