,mq,No. Clus,Max clus,Min clus
0,1.3551587301587302,5,3,2
1,1.3551587301587302,5,3,2
2,1.3551587301587302,5,3,2
3,1.3551587301587302,5,3,2
4,1.3551587301587302,5,3,2
5,1.3551587301587302,5,3,2
6,1.3551587301587302,5,3,2
7,1.3551587301587302,5,3,2
8,1.3551587301587302,5,3,2
9,1.3551587301587302,5,3,2
10,1.3194444444444444,5,4,2
11,1.2465728715728717,5,3,2
12,1.2465728715728717,5,3,2
13,1.2465728715728717,5,3,2
14,1.244047619047619,4,4,3
15,1.173160173160173,3,8,2
16,1.113888888888889,5,3,2
17,1.173160173160173,3,8,2
18,1.0826118326118326,5,3,2
19,1.095079365079365,4,5,2
20,1.095079365079365,4,5,2
21,1.0778260869565217,3,5,3
22,1.0778260869565217,3,5,3
23,0.974025974025974,5,3,2
24,0.9594017094017093,5,4,2
25,0.7923195084485407,4,6,2
