,mq,No. Clus,Max clus,Min clus
0,1.9146853146853147,4,10,3
1,1.9146853146853147,4,10,3
2,1.9146853146853147,4,10,3
3,1.9146853146853147,4,10,3
4,1.9146853146853147,4,10,3
5,1.9146853146853147,4,10,3
6,1.9146853146853147,4,10,3
7,1.9146853146853147,4,10,3
8,1.9146853146853147,4,10,3
9,1.9146853146853147,4,10,3
10,1.9146853146853147,4,10,3
11,1.9146853146853147,4,10,3
12,1.9146853146853147,4,10,3
13,1.9146853146853147,4,10,3
14,1.9146853146853147,4,10,3
15,1.9146853146853147,4,10,3
16,1.9146853146853147,4,10,3
17,1.9146853146853147,4,10,3
18,1.9146853146853147,4,10,3
19,1.9146853146853147,4,10,3
20,1.9146853146853147,4,10,3
21,1.9146853146853147,4,10,3
22,1.9146853146853147,4,10,3
23,1.9146853146853147,4,10,3
24,1.9146853146853147,4,10,3
25,1.9146853146853147,4,10,3
26,1.9146853146853147,4,10,3
27,1.9146853146853147,4,10,3
28,1.8284610814022577,4,11,2
29,1.8284610814022577,4,11,2
30,1.7884652981427174,4,9,3
31,1.7752913752913755,4,10,3
32,1.7564102564102564,4,10,2
33,1.7564102564102564,4,10,2
34,1.7564102564102564,4,10,2
35,1.7480186480186481,4,10,2
36,1.7480186480186481,4,10,2
37,1.6890671420083185,4,11,2
38,1.658619811560988,4,8,4
39,1.658619811560988,4,8,4
40,1.658619811560988,4,8,4
41,1.54084625052367,4,9,3
