,mq,No. Clus,Max clus,Min clus
0,1.8734440149873928,8,5,2
1,1.347541292066508,9,4,2
2,1.3127469560649283,7,5,2
3,1.267733491553818,5,7,5
4,1.271072572455277,3,18,5
5,1.2417203130816634,5,9,4
6,1.2172699266816913,9,4,2
7,1.180341932841933,10,4,1
8,1.155181459931683,8,5,2
9,1.1428785990477102,5,7,5
10,1.1438827307572774,4,17,3
11,1.138112239556387,5,11,4
12,1.1425520628390125,4,16,4
13,1.1391315167351002,3,18,4
14,1.1268626110731375,3,18,5
15,1.1153198815276413,6,6,4
16,1.1207252548715965,3,15,4
17,1.104042777476049,7,5,2
18,1.1029095623116838,6,12,3
19,1.101059259556467,7,5,3
20,1.0986122097890283,3,18,4
21,1.0984962406015037,4,10,5
22,1.098103736202927,3,20,4
23,1.083087027914614,4,16,2
24,1.078881004147616,7,5,2
25,1.0701465201465201,3,15,4
26,1.0587483382758973,3,22,3
27,1.0587483382758973,3,22,3
28,1.057407351735202,8,5,2
29,1.0579557428872497,3,25,2
30,1.0402504356678082,6,7,3
31,1.0451977401129944,3,18,4
32,1.0376414367567046,8,6,1
33,1.0221477524883098,5,7,4
34,1.0138271956565554,9,5,1
35,1.0131989772001941,6,6,3
36,1.0007392141929126,4,13,2
37,0.9941223331258076,3,16,6
38,0.9692390480403799,4,13,2
39,0.9514824111462767,7,10,1
40,0.9194630872483222,3,25,1
41,0.9184001703138244,9,4,2
42,0.9186282831202617,7,9,1
43,0.9176818521306312,6,7,2
44,0.8907063403529775,8,5,2
45,0.8801995073181514,6,12,2
46,0.8711136364347856,8,5,1
47,0.8670886536432756,6,8,3
48,0.8649552202183781,6,11,1
49,0.8564459930313589,7,7,1
50,0.8485994397759105,8,5,3
51,0.8458730136430019,7,9,1
52,0.8346217696676412,8,5,2
53,0.8335529345607734,7,6,2
54,0.8252664576802508,8,6,2
55,0.8047779826925805,7,11,1
56,0.7955150189704592,5,9,3
57,0.7903247405423501,5,17,3
58,0.7790675144398549,7,10,2
59,0.6785401651828474,8,5,2
