,mq,No. Clus,Max clus,Min clus
0,1.9518658975180716,4,8,3
1,1.9518658975180716,4,8,3
2,1.9518658975180716,4,8,3
3,1.9518658975180716,4,8,3
4,1.9518658975180716,4,8,3
5,1.9518658975180716,4,8,3
6,1.9518658975180716,4,8,3
7,1.9518658975180716,4,8,3
8,1.9518658975180716,4,8,3
9,1.9518658975180716,4,8,3
10,1.9518658975180716,4,8,3
11,1.9518658975180716,4,8,3
12,1.9518658975180716,4,8,3
13,1.9518658975180716,4,8,3
14,1.9518658975180716,4,8,3
15,1.9518658975180716,4,8,3
16,1.9518658975180716,4,8,3
17,1.9518658975180716,4,8,3
18,1.9518658975180716,4,8,3
19,1.9518658975180716,4,8,3
20,1.9518658975180716,4,8,3
21,1.9518658975180716,4,8,3
22,1.9518658975180716,4,8,3
23,1.9518658975180716,4,8,3
24,1.9518658975180716,4,8,3
25,1.9518658975180716,4,8,3
26,1.9518658975180716,4,8,3
27,1.9245952677459526,4,8,3
28,1.9245952677459526,4,8,3
29,1.9245952677459526,4,8,3
30,1.9245952677459526,4,8,3
31,1.9240990990990992,4,8,3
32,1.9240990990990992,4,8,3
33,1.9048010222709018,4,9,3
34,1.9048010222709018,4,9,3
35,1.9048010222709018,4,9,3
36,1.8990196078431372,4,7,3
37,1.8990196078431372,4,7,3
38,1.8990196078431372,4,7,3
39,1.878685422068361,4,8,3
40,1.8510137149672032,4,8,3
41,1.8322987629153253,4,9,3
42,1.8322987629153253,4,9,3
43,1.7053309009830748,4,9,2
44,1.7053309009830748,4,9,2
45,1.6775641025641026,4,9,2
46,1.6544250132485427,4,8,2
47,1.5509460701276558,4,7,4
48,1.5151515151515154,4,8,4
49,1.5151515151515154,4,8,4
