,mq,No. Clus,Max clus,Min clus
0,1.4968316707447142,4,4,2
1,1.4968316707447142,4,4,2
2,1.4968316707447142,4,4,2
3,1.4891774891774894,4,4,3
4,1.4891774891774894,4,4,3
5,1.4891774891774894,4,4,3
6,1.4891774891774894,4,4,3
7,1.4891774891774894,4,4,3
8,1.4891774891774894,4,4,3
9,1.4891774891774894,4,4,3
10,1.4891774891774894,4,4,3
11,1.4868881118881119,4,4,3
12,1.4868881118881119,4,4,3
13,1.4868881118881119,4,4,3
14,1.4868881118881119,4,4,3
15,1.4591332580463017,4,4,3
16,1.4591332580463017,4,4,3
17,1.4591332580463017,4,4,3
18,1.4415584415584415,4,5,2
19,1.4415584415584415,3,7,3
20,1.3984189723320157,3,6,3
21,1.3984189723320157,3,6,3
22,1.290909090909091,4,4,3
23,1.270641194554238,5,4,1
24,1.233939393939394,5,3,1
25,1.1922077922077923,3,6,3
26,1.133939393939394,5,3,1
27,1.0996722575669944,4,4,2
