,mq,No. Clus,Max clus,Min clus
0,1.9002557544757033,4,6,4
1,1.9002557544757033,4,6,4
2,1.9002557544757033,4,6,4
3,1.9002557544757033,4,6,4
4,1.9002557544757033,4,6,4
5,1.9002557544757033,4,6,4
6,1.8627450980392157,4,6,3
7,1.8621444625280943,4,6,4
8,1.8621444625280943,4,6,4
9,1.8621444625280943,4,6,4
10,1.8621444625280943,4,6,4
11,1.8621444625280943,4,6,4
12,1.8627450980392157,4,6,3
13,1.8627450980392157,4,6,3
14,1.8254311758148076,4,6,4
15,1.8254311758148076,4,6,4
16,1.8254311758148076,4,6,4
17,1.8254311758148076,4,6,4
18,1.8061497326203209,4,6,3
19,1.8061497326203209,4,6,3
20,1.8061497326203209,4,6,3
21,1.8061497326203209,4,6,3
22,1.7937254901960782,4,7,3
23,1.7578216239473847,4,6,4
24,1.7578216239473847,4,6,4
25,1.7578216239473847,4,6,4
26,1.7578216239473847,4,6,4
27,1.7426567464930636,4,6,4
28,1.7303921568627452,4,8,3
29,1.7045454545454546,4,5,5
30,1.7045454545454546,4,5,5
31,1.667832167832168,4,6,4
32,1.6528245892951774,4,7,3
33,1.6232193732193734,4,6,4
34,1.6220588235294118,4,6,4
35,1.6220588235294118,4,6,4
36,1.5992565992565995,4,7,4
37,1.5992565992565995,4,7,4
38,1.5992565992565995,4,7,4
39,1.5992565992565995,4,7,4
40,1.5992565992565995,4,7,4
41,1.5208691043985163,4,7,3
