,mq,No. Clus,Max clus,Min clus
0,2.065527686454139,6,14,2
1,2.065527686454139,6,14,2
2,2.065527686454139,6,14,2
3,2.065527686454139,6,14,2
4,2.065527686454139,6,14,2
5,1.9129607495835912,6,14,2
6,1.9129607495835912,6,14,2
7,1.9129607495835912,6,14,2
8,1.8682570687416284,6,13,2
9,1.8667556956340288,6,12,2
10,1.8667556956340288,6,12,2
11,1.8667556956340288,6,12,2
12,1.8564306447065066,6,13,2
13,1.841387534140748,6,12,2
14,1.841387534140748,6,12,2
15,1.819787017461436,6,12,2
16,1.7793772610073937,5,14,3
17,1.7687815279863517,6,14,2
18,1.7483220944821856,5,15,2
19,1.744821637073982,5,14,3
20,1.744821637073982,5,14,3
21,1.744821637073982,5,14,3
22,1.744821637073982,5,14,3
23,1.744821637073982,5,14,3
24,1.744821637073982,5,14,3
25,1.744821637073982,5,14,3
26,1.6912215221060798,5,14,2
27,1.6912215221060798,5,14,2
28,1.683678958404233,5,13,2
29,1.6770967693491141,5,14,3
30,1.6770967693491141,5,14,3
31,1.6740562564091976,5,14,3
32,1.6610667619841932,5,15,3
33,1.6416778623675174,6,12,3
34,1.6292878722148616,5,13,3
35,1.6292878722148616,5,13,3
36,1.6218823751534033,6,14,1
37,1.6153768426399635,5,15,2
38,1.6153768426399635,5,15,2
39,1.6125045858096705,6,16,1
40,1.6055257550659388,5,14,2
41,1.5960776327004744,6,14,2
42,1.576801459410155,5,14,2
43,1.5704592710276284,5,14,2
44,1.5508893280632412,5,14,2
45,1.5342396264919713,5,14,2
46,1.5342396264919713,5,14,2
47,1.5087412587412588,5,12,2
48,1.4928769579485097,6,12,2
49,1.4835566379706076,6,14,2
50,1.4634859041067703,6,13,2
51,1.4034186081924775,6,15,2
52,1.3762672327406988,6,15,2
53,1.3523082680900247,5,14,2
54,1.3523082680900247,5,14,2
55,1.3417262575080142,5,14,3
56,1.3275855939658865,6,10,2
57,1.3123809523809524,6,15,1
58,1.2715948934265309,6,14,2
59,1.227637721755369,5,13,1
