,mq,No. Clus,Max clus,Min clus
0,1.3454715219421103,3,7,2
1,1.3454715219421103,3,7,2
2,1.3454715219421103,3,7,2
3,1.3172161172161172,3,5,4
4,1.315079365079365,4,4,2
5,1.315079365079365,4,4,2
6,1.315079365079365,4,4,2
7,1.253968253968254,5,4,2
8,1.253968253968254,5,4,2
9,1.2510992275698158,4,7,2
10,1.2510992275698158,4,7,2
11,1.222222222222222,3,6,2
12,1.1595959595959595,6,3,2
13,1.1555555555555554,4,5,2
14,1.1555555555555554,4,5,2
15,1.1378066378066376,4,4,2
16,1.130718954248366,4,6,1
17,1.1212121212121213,4,5,1
18,1.0984126984126985,5,4,2
19,1.105149051490515,4,7,2
20,1.0984126984126985,5,4,2
21,1.0800637958532695,3,7,3
22,1.0800637958532695,3,7,3
23,1.079492600422833,3,8,2
24,1.0444444444444443,5,4,2
25,1.045751633986928,3,9,2
26,1.045751633986928,3,9,2
27,0.9666666666666666,5,4,2
