,mq,No. Clus,Max clus,Min clus
0,2.086324848425232,9,5,2
1,2.086324848425232,9,5,2
2,2.0717415150918987,9,5,2
3,2.0717415150918987,9,5,2
4,2.0717415150918987,9,5,2
5,2.0505293938797773,9,6,2
6,2.0505293938797773,9,6,2
7,2.017701111051495,9,6,2
8,2.0106304039807874,9,5,2
9,1.999234776547424,9,5,2
10,1.994973838324222,9,6,2
11,1.994973838324222,9,6,2
12,1.994973838324222,9,6,2
13,1.994973838324222,9,6,2
14,1.994973838324222,9,6,2
15,1.994973838324222,9,6,2
16,1.994973838324222,9,6,2
17,1.9921301303080998,9,5,2
18,1.9752532207775175,9,5,2
19,1.9752532207775175,9,5,2
20,1.9752532207775175,9,5,2
21,1.9738248484252319,9,5,2
22,1.9738248484252319,9,5,2
23,1.9712239167482135,9,5,2
24,1.9584887334887338,9,6,2
25,1.9537927971431808,9,6,2
26,1.9537927971431808,9,6,2
27,1.9442945942945946,9,6,2
28,1.9423892883712508,9,6,2
29,1.9415705749209584,9,6,2
30,1.9415705749209584,9,6,2
31,1.9415705749209584,9,6,2
32,1.9415705749209584,9,6,2
33,1.9415705749209584,9,6,2
34,1.9143018283418671,9,6,2
35,1.9087307386749655,9,5,2
36,1.900894246418543,9,6,2
37,1.891373706848996,9,4,2
38,1.891190296483309,9,4,2
39,1.8902726468428446,9,6,2
40,1.8902726468428446,9,6,2
41,1.884119368318732,9,5,2
42,1.8721657427539782,9,6,2
43,1.83266699588681,9,6,2
44,1.8248041347254782,9,6,1
45,1.8144681784067975,9,6,2
46,1.7807316202131758,9,6,2
47,1.7769388835129512,9,5,2
48,1.7693495397832568,9,5,2
49,1.748123281473665,9,4,2
50,1.7403271864949943,9,5,2
51,1.7232718687961652,9,5,2
52,1.6911374339945766,9,6,2
53,1.6855244026599525,9,5,2
54,1.6456659429189022,9,6,2
55,1.441821178663284,9,5,2
56,1.3996160722028583,9,5,2
57,1.3665679113954976,9,5,2
58,1.330655713008654,9,6,2
59,1.326443127801362,9,4,2
