,mq,No. Clus,Max clus,Min clus
0,2.0484126984126982,7,4,2
1,2.0484126984126982,7,4,2
2,2.0484126984126982,7,4,2
3,2.0024593763724194,7,4,2
4,2.0024593763724194,7,4,2
5,1.9915996478656324,7,4,2
6,1.9438672438672437,7,5,2
7,1.9327561327561327,7,4,2
8,1.9327561327561327,7,4,2
9,1.9295815295815295,7,4,2
10,1.9295815295815295,7,4,2
11,1.9295815295815295,7,4,2
12,1.9295815295815295,7,4,2
13,1.909018759018759,7,4,2
14,1.8657689532689532,7,5,2
15,1.8657258200736462,7,4,2
16,1.8630654369784803,7,4,2
17,1.8604118104118101,7,4,2
18,1.858152958152958,7,5,2
19,1.8176866043873714,7,4,2
20,1.8176866043873714,7,4,2
21,1.7930735930735928,7,4,2
22,1.787142008318479,7,4,2
23,1.7806060606060605,7,4,2
24,1.6869463869463868,7,5,2
25,1.6602156013920717,7,4,2
26,1.6536796536796534,7,4,2
27,1.6412121212121211,7,4,2
28,1.6412121212121211,7,4,2
29,1.6375180375180374,7,4,2
30,1.6347985347985348,7,5,2
31,1.6169774669774668,7,5,2
32,1.601010101010101,7,5,2
33,1.5734411787043365,7,4,2
34,1.5543434343434344,7,4,2
35,1.5543434343434344,7,4,2
36,1.5340229215229215,7,5,2
37,1.4957070707070708,7,5,2
38,1.4823737373737376,7,5,2
39,1.4658008658008657,7,4,2
40,1.4533333333333334,7,4,2
41,1.2960210803689067,7,4,2
