,mq,No. Clus,Max clus,Min clus
0,2.129734054541357,5,10,2
1,2.129734054541357,5,10,2
2,2.129734054541357,5,10,2
3,2.129734054541357,5,10,2
4,2.129734054541357,5,10,2
5,2.0804538207086933,5,10,2
6,2.0589512608037066,5,10,2
7,2.0589512608037066,5,10,2
8,2.0335249042145596,5,10,2
9,2.029171766625867,5,9,2
10,2.0273212928265014,5,10,2
11,2.0273212928265014,5,10,2
12,1.9960620915032679,5,11,2
13,1.9936388643285194,5,10,2
14,1.9936388643285194,5,10,2
15,1.9718131525635032,5,9,2
16,1.9649612403100774,5,9,2
17,1.9498687400331307,5,9,2
18,1.9498687400331307,5,9,2
19,1.947552801571391,5,9,2
20,1.9480877340533842,5,10,2
21,1.9399851356373095,5,9,2
22,1.938561407080976,5,9,2
23,1.9142080265550785,5,9,2
24,1.9029851066109504,5,8,2
25,1.880446412799354,5,10,2
26,1.8701161472846417,5,8,2
27,1.8616547582064824,5,10,2
28,1.8595663408605776,5,9,2
29,1.8459122755224704,5,11,2
30,1.8348717055613608,5,10,2
31,1.825565443084909,5,9,2
32,1.8021550962727435,5,10,2
33,1.796278847160527,5,10,2
34,1.7975638371290545,5,12,2
35,1.7844273379221671,5,10,2
36,1.7806325595372248,5,10,2
37,1.7806325595372248,5,10,2
38,1.7789449112978524,5,10,2
39,1.7652287581699346,5,12,2
40,1.7635991140642304,5,12,2
41,1.7612342019035732,5,9,2
42,1.7612342019035732,5,9,2
43,1.7574191527679899,5,9,2
44,1.7507371855197942,5,7,2
45,1.7407407407407405,5,8,2
46,1.7407120743034055,5,11,2
47,1.71581774472241,5,10,2
48,1.6699095408772828,5,9,2
49,1.6579740644781296,5,8,2
