,mq,No. Clus,Max clus,Min clus
0,1.7871349610480045,3,9,4
1,1.7871349610480045,3,9,4
2,1.7871349610480045,3,9,4
3,1.7871349610480045,3,9,4
4,1.7353779118485,3,9,5
5,1.7353779118485,3,9,5
6,1.7353779118485,3,9,5
7,1.7353779118485,3,9,5
8,1.7353779118485,3,9,5
9,1.6481481481481481,3,9,5
10,1.650403034613561,3,10,3
11,1.650403034613561,3,10,3
12,1.6193373901284653,3,8,6
13,1.6193373901284653,3,8,6
14,1.6037037037037036,3,9,3
15,1.6037037037037036,3,9,3
16,1.5851351351351353,3,7,6
17,1.5647678426209195,3,9,5
18,1.5647678426209195,3,9,5
19,1.5647678426209195,3,9,5
20,1.5574845532769797,3,7,6
21,1.5574845532769797,3,7,6
22,1.5574845532769797,3,8,5
23,1.5470588235294118,3,8,6
24,1.5473437238143122,3,10,4
25,1.5445762504586034,3,9,4
26,1.5445762504586034,3,9,4
27,1.5445762504586034,3,9,4
28,1.537707390648567,3,8,5
29,1.5217391304347827,3,7,6
30,1.5217391304347827,3,7,6
31,1.488320545609548,3,8,4
32,1.4888125830748782,3,10,3
33,1.4888125830748782,3,10,3
34,1.488320545609548,3,8,4
35,1.488320545609548,3,8,4
36,1.488320545609548,3,8,4
37,1.4581724581724582,3,11,2
38,1.4308300395256917,3,8,5
39,1.43,3,9,5
40,1.4194014447884418,3,10,2
41,1.4017241379310343,3,9,3
