,mq,No. Clus,Max clus,Min clus
0,2.014208746561688,7,6,2
1,2.014208746561688,7,6,2
2,2.014208746561688,7,6,2
3,2.014208746561688,7,6,2
4,1.8908496732026143,9,3,2
5,1.880342522974102,8,6,2
6,1.848936273936274,8,4,2
7,1.8462278244631185,8,4,2
8,1.8462278244631185,8,4,2
9,1.8317587641117052,9,3,2
10,1.830342522974102,9,3,2
11,1.830342522974102,9,3,2
12,1.830342522974102,9,3,2
13,1.822779497764018,9,3,2
14,1.8178438605637797,8,4,2
15,1.8105772005772005,8,3,3
16,1.8105772005772005,8,3,3
17,1.8105772005772005,8,3,3
18,1.8105772005772005,8,3,3
19,1.8105772005772005,8,3,3
20,1.8075163398692808,9,4,2
21,1.80527297599801,8,4,2
22,1.8006807202459376,9,3,2
23,1.7755772005772006,9,3,2
24,1.7187152858508359,9,4,2
25,1.7184772370486656,7,4,3
26,1.705696058327637,9,4,2
27,1.6975337223163312,8,4,2
28,1.6834815627900337,7,6,2
29,1.666974506974507,8,4,2
30,1.6657240287419315,7,4,3
31,1.559831696379011,9,3,2
32,1.4379548635344361,9,3,2
33,1.3916112206840467,9,3,2
34,1.3945908889871739,8,5,2
35,1.2913464313464313,7,6,3
36,1.2913464313464313,7,6,3
37,1.289934799500017,7,6,2
38,1.2838576238576238,8,6,1
39,1.2439553580417366,6,8,3
40,1.2340588777104737,7,8,2
41,1.160094108789761,5,12,3
42,1.106438034673329,5,11,3
43,1.1364221364221363,3,17,3
44,1.0905527331843121,6,11,2
45,1.0652636842959424,7,7,2
46,1.0652636842959424,7,7,2
47,1.0513527536608738,8,7,2
