,mq,No. Clus,Max clus,Min clus
0,2.1513155164841824,8,6,2
1,2.0849772570424747,9,3,2
2,1.934397546897547,8,4,2
3,1.8866330304629537,9,3,2
4,1.8866330304629537,9,3,2
5,1.884397546897547,8,3,3
6,1.8861448587255039,7,6,3
7,1.884397546897547,8,3,3
8,1.884397546897547,8,3,3
9,1.884397546897547,8,3,3
10,1.884397546897547,8,3,3
11,1.884397546897547,8,3,3
12,1.884397546897547,8,3,3
13,1.884397546897547,8,3,3
14,1.884397546897547,8,3,3
15,1.884397546897547,8,3,3
16,1.884397546897547,8,3,3
17,1.8117123617123616,9,3,2
18,1.7386904761904762,9,3,2
19,1.6851890642213223,9,3,2
20,1.622468345245637,8,4,2
21,1.6123655913978494,8,4,2
22,1.5530801228244553,9,3,2
23,1.540035387317996,8,4,2
24,1.5277522980933775,9,3,2
25,1.5081913627227133,9,4,2
26,1.4019208746981664,7,7,2
27,1.3748737373737374,7,6,2
28,1.3248737373737374,7,6,3
29,1.3248737373737374,7,6,3
30,1.309906450618525,9,3,1
31,1.3073298777246145,8,5,1
32,1.3188131313131313,6,9,3
33,1.3188131313131313,6,9,3
34,1.3188131313131313,6,9,3
35,1.306369820655535,4,9,3
36,1.2589907697666318,9,3,1
37,1.2516711229946524,5,12,3
38,1.219746789491122,9,3,2
39,1.2511363636363635,4,15,3
40,1.2511363636363635,4,15,3
41,1.2032432432432434,3,11,3
42,1.1731060606060606,7,9,2
43,1.198891352549889,3,18,3
44,1.1421356421356421,5,11,2
45,1.1270866560340245,10,3,1
46,1.0498655913978494,8,6,2
47,1.0438049853372435,7,9,2
