,mq,No. Clus,Max clus,Min clus
0,1.9187887800031376,7,8,2
1,1.9187887800031376,7,8,2
2,1.7826846787076127,8,6,2
3,1.2803391716944037,7,8,2
4,1.2803391716944037,7,8,2
5,1.193735744542196,8,6,2
6,1.1876940028651064,6,8,2
7,1.1716282280937453,7,7,2
8,1.1711488776496646,8,6,2
9,1.161566575871968,8,6,2
10,1.1348382083865953,4,9,6
11,1.1323000898472597,4,10,4
12,1.1337918038678594,4,18,3
13,1.1322667518867888,4,15,3
14,1.1322667518867888,4,15,3
15,1.1213124274099884,4,15,3
16,1.1161835379512506,4,17,2
17,1.1060282492225844,5,8,2
18,1.103723445805451,4,15,3
19,1.103723445805451,4,15,3
20,1.096587394861859,6,8,1
21,1.0960293135929242,4,16,3
22,1.0862562406588863,6,9,3
23,1.0834819877721626,6,8,2
24,1.0741490644571519,8,5,2
25,1.0764692115312615,5,18,2
26,1.0616069202232783,8,4,3
27,1.0531763412822914,9,5,2
28,1.0543056246889,3,23,3
29,1.053987332518185,4,17,3
30,1.0495562951668316,5,15,2
31,1.0433915649037255,6,9,3
32,1.0445832604509364,4,14,3
33,1.0340082333859728,5,8,3
34,1.0322503358710253,7,10,2
35,1.0303807804406055,5,13,2
36,1.0242002693263663,3,20,4
37,1.021363026702377,9,6,1
38,1.0241214116925692,4,13,3
39,1.0242002693263663,3,20,4
40,1.019002960985883,9,4,1
41,1.0210610015384347,7,6,2
42,0.9960850111856824,3,26,1
43,0.9941718503987818,8,6,2
44,0.9947515808491418,6,11,2
45,0.9907561879232445,7,7,2
46,0.990629131920347,8,7,2
47,0.9858401615805796,8,6,1
48,0.9743644085200062,7,6,2
49,0.9734299516908212,3,21,3
50,0.9664491565089817,5,17,2
51,0.9554386392139878,8,7,2
52,0.9544047441094583,6,7,4
53,0.9542535464413329,8,9,1
54,0.9365683320684398,9,5,1
55,0.9313280615706294,7,10,1
56,0.8746921794459995,7,8,1
57,0.8667026480591465,9,5,1
58,0.8652776605469411,8,6,1
59,0.8630023498906085,7,10,1
