,mq,No. Clus,Max clus,Min clus
0,2.0052071558643854,4,7,3
1,2.0052071558643854,4,7,3
2,2.0052071558643854,4,7,3
3,2.0052071558643854,4,7,3
4,2.0052071558643854,4,7,3
5,2.0052071558643854,4,7,3
6,2.0052071558643854,4,7,3
7,2.0052071558643854,4,7,3
8,2.0052071558643854,4,7,3
9,2.0052071558643854,4,7,3
10,2.0052071558643854,4,7,3
11,2.0052071558643854,4,7,3
12,2.0052071558643854,4,7,3
13,2.0052071558643854,4,7,3
14,2.0052071558643854,4,7,3
15,2.0052071558643854,4,7,3
16,2.0052071558643854,4,7,3
17,2.0052071558643854,4,7,3
18,2.0052071558643854,4,7,3
19,2.0052071558643854,4,7,3
20,2.0052071558643854,4,7,3
21,1.9752479752479752,4,7,3
22,1.9752479752479752,4,7,3
23,1.9752479752479752,4,7,3
24,1.9213759213759214,4,7,3
25,1.9213759213759214,4,7,3
26,1.8834312573443008,4,7,2
27,1.8834312573443008,4,7,2
28,1.8834312573443008,4,7,2
29,1.8688048662473216,4,7,4
30,1.8349231584525703,4,7,3
31,1.8217758985200847,4,8,3
32,1.8217758985200847,4,8,3
33,1.8154882154882155,4,8,2
34,1.805935805935806,4,7,2
35,1.7757575757575759,4,8,3
36,1.7757575757575759,4,8,3
37,1.7666666666666666,4,6,4
38,1.7666666666666666,4,6,4
39,1.6999999999999997,4,8,2
40,1.6603174603174602,4,8,2
41,1.6603174603174602,4,8,2
