,mq,No. Clus,Max clus,Min clus
0,1.8405418635705018,7,9,2
1,1.8405418635705018,7,9,2
2,1.8405418635705018,7,9,2
3,1.8043559661346045,8,9,2
4,1.699223800367868,7,9,2
5,1.5952927066920415,10,4,2
6,1.53119341581206,10,4,2
7,1.5143480191306278,11,3,2
8,1.4965061667891857,11,4,2
9,1.4964408497650283,10,4,2
10,1.489953915646515,11,3,2
11,1.4868534259483792,10,4,2
12,1.493706539398239,9,7,2
13,1.4864607301047976,8,9,2
14,1.4518920599657763,12,3,1
15,1.447681352463961,11,3,2
16,1.4383886001672386,7,9,2
17,1.4298973879711045,10,3,2
18,1.4298973879711045,10,3,2
19,1.4132657680483764,11,3,2
20,1.4197527021668894,10,4,2
21,1.4173650697909457,10,4,2
22,1.400098547671854,11,3,2
23,1.3878444461686246,10,4,2
24,1.3687955835165977,11,4,2
25,1.365672982451621,8,9,2
26,1.3629192688118494,11,3,2
27,1.3629192688118494,11,3,2
28,1.3650245324814643,9,6,2
29,1.3409580757406845,12,3,2
30,1.2411092913141766,12,3,2
31,1.194759107328569,10,4,2
32,1.187145083379009,7,8,2
33,1.1869597146563176,5,13,2
34,1.1483948933090808,10,6,2
35,1.1164015560564198,10,4,2
36,1.0976758304588492,11,3,2
37,1.1152796484933933,6,15,2
38,1.0972984020810106,12,3,1
39,1.0972850158892689,8,6,2
40,1.0607248937986102,9,8,2
41,1.0770021882670102,6,14,2
42,1.0263802335230907,10,5,2
43,1.0565221567895364,6,14,2
44,1.0039522294984062,10,4,2
45,1.006919338523112,9,6,1
46,0.9981005858912835,9,5,2
47,0.968087881854198,11,3,2
48,0.9931026379469489,7,13,2
49,0.968087881854198,11,3,2
50,0.9500416710933707,12,3,2
51,0.9809029103964556,3,23,3
52,0.9665388873967586,8,9,2
53,0.9809029103964556,3,23,3
54,0.9809029103964556,3,23,3
55,0.9305966886704051,9,5,3
56,0.9621563621563621,6,16,2
57,0.8356797629865897,12,3,1
