,mq,No. Clus,Max clus,Min clus
0,1.8738507070775114,7,5,2
1,1.3917459910518233,7,5,2
2,1.38019452829744,7,5,2
3,1.3330268414166841,6,9,2
4,1.3054006846480357,8,5,2
5,1.2981011962830715,6,5,4
6,1.2959293394777265,3,24,2
7,1.237967798015799,6,6,4
8,1.2192708762762807,5,12,3
9,1.2136941942499595,7,5,2
10,1.2195151814924734,4,14,5
11,1.216448282707961,3,19,5
12,1.2041242284020055,4,17,3
13,1.198892128142453,6,5,4
14,1.198846435313455,5,10,4
15,1.2029359212416355,4,16,3
16,1.1896743882853165,6,9,1
17,1.189518372127068,4,13,3
18,1.1825319701875294,5,14,1
19,1.178928607985164,3,17,5
20,1.1718827222333534,3,21,3
21,1.1554691075514874,3,19,5
22,1.1370696339640438,5,14,1
23,1.1363330893331065,7,5,2
24,1.1244795803035816,7,6,2
25,1.1119238999947805,8,5,2
26,1.1145746932786906,5,9,3
27,1.1056850453154046,6,8,3
28,1.0939174127805795,5,8,4
29,1.0930103130253055,4,19,2
30,1.0840252501519894,4,13,3
31,1.0774839384431496,4,17,3
32,1.0695357057911075,7,5,2
33,1.071008485427201,3,10,9
34,1.067222591228536,8,5,2
35,1.0690949811666497,4,16,2
36,1.0607952241572152,7,5,3
37,1.0609394098131657,3,23,1
38,1.0518048367672428,7,5,2
39,1.0479204198148298,8,5,2
40,1.03316467941157,6,9,3
41,1.0279071867779543,3,24,2
42,1.0263025756809132,7,5,2
43,1.0216860092955944,3,12,8
44,1.0216021602160217,3,26,1
45,1.0131266718986018,7,5,2
46,1.0016349694284672,7,5,2
47,1.010909090909091,3,26,1
48,0.9988377311936463,7,5,2
49,0.9737580858658342,8,5,2
50,0.9702326137936904,7,5,3
51,0.9654077291743001,7,5,3
52,0.9573806735988529,6,5,4
53,0.947518097952017,5,8,4
54,0.9308808667996671,7,8,2
55,0.9285362867951837,7,5,1
56,0.8728116016186007,8,6,2
57,0.866667717680254,6,6,4
58,0.8433271491623894,8,5,2
59,0.8426710165840601,7,6,2
