,mq,No. Clus,Max clus,Min clus
0,1.9388050895285003,5,9,2
1,1.8987393162393162,5,7,3
2,1.8809253065774805,5,7,3
3,1.8765979689366787,5,7,3
4,1.8734718904284122,5,6,3
5,1.867550505050505,5,7,3
6,1.867550505050505,5,7,3
7,1.859750053867701,5,7,3
8,1.8596577107103422,5,9,3
9,1.8596577107103422,5,9,3
10,1.8596577107103422,5,9,3
11,1.8497364953886692,5,7,3
12,1.8497364953886692,5,7,3
13,1.8478003978003978,5,8,3
14,1.842283079239601,5,6,3
15,1.842283079239601,5,6,3
16,1.842283079239601,5,6,3
17,1.828468899521531,5,9,3
18,1.8188732563732564,5,7,3
19,1.8044639539204756,5,7,3
20,1.8044639539204756,5,7,3
21,1.8044639539204756,5,7,3
22,1.7978224817939288,5,7,3
23,1.781232492997199,5,6,3
24,1.774502317605766,5,7,3
25,1.7657847127996382,5,7,3
26,1.7656685687810552,5,7,3
27,1.7656685687810552,5,7,3
28,1.7540796601772213,5,7,3
29,1.7463362156456785,5,6,3
30,1.7420359425003389,5,9,3
31,1.7372412132883968,5,7,3
32,1.7188848512377923,5,7,3
33,1.718041823393734,5,6,3
34,1.718041823393734,5,6,3
35,1.7188848512377923,5,7,3
36,1.7188848512377923,5,7,3
37,1.7079501849839773,5,7,3
38,1.7079501849839773,5,7,3
39,1.677226741760534,5,7,3
40,1.6611866969009828,5,10,3
41,1.4152122387416506,5,7,2
42,1.3575260575260575,5,7,2
43,1.3473785473785473,5,6,2
44,1.3429329457498471,5,8,2
45,1.3364392673124184,5,7,4
46,1.3244949494949496,5,7,2
47,1.3206115779645191,5,7,2
48,1.2905885603477039,5,6,4
49,1.2734124607189623,5,8,3
