,mq,No. Clus,Max clus,Min clus
0,1.3214285714285714,3,6,2
1,1.3214285714285714,3,6,2
2,1.3214285714285714,3,6,2
3,1.3214285714285714,3,6,2
4,1.3214285714285714,3,6,2
5,1.3214285714285714,3,6,2
6,1.3214285714285714,3,6,2
7,1.3214285714285714,3,6,2
8,1.3214285714285714,3,6,2
9,1.3214285714285714,3,6,2
10,1.3214285714285714,3,6,2
11,1.3214285714285714,3,6,2
12,1.3214285714285714,3,6,2
13,1.3214285714285714,3,6,2
14,1.1545454545454545,3,7,2
15,1.1545454545454545,3,7,2
16,1.1545454545454545,3,7,2
17,1.1545454545454545,3,7,2
18,1.1545454545454545,3,7,2
19,1.1545454545454545,3,7,2
20,1.1545454545454545,3,7,2
21,1.1545454545454545,3,7,2
22,1.1545454545454545,3,7,2
23,1.1545454545454545,3,7,2
24,0.969187675070028,3,6,2
25,0.969187675070028,3,6,2
26,0.969187675070028,3,6,2
27,0.9333333333333333,3,8,2
