,mq,No. Clus,Max clus,Min clus
0,1.9599554367201426,6,6,2
1,1.9599554367201426,6,6,2
2,1.7533104150751209,7,4,3
3,1.701726317103797,8,4,2
4,1.701726317103797,8,4,2
5,1.701726317103797,8,4,2
6,1.694409534154695,8,4,2
7,1.6756372130691068,8,4,2
8,1.6525526676169775,9,3,2
9,1.6364142275267595,9,4,2
10,1.6226206431197356,10,3,2
11,1.624106149690132,8,4,2
12,1.6131047455366394,9,3,2
13,1.5950786152278147,9,3,2
14,1.5640227146066967,9,3,2
15,1.553338953922936,8,5,2
16,1.5418224329393744,9,3,2
17,1.5523654371480458,8,4,2
18,1.553338953922936,8,5,2
19,1.5107665323182564,9,3,2
20,1.472125950012007,9,3,2
21,1.472125950012007,9,3,2
22,1.4383353987019896,9,3,2
23,1.4380910194253522,9,3,2
24,1.3819234430403844,10,3,2
25,1.3910291761784612,8,4,2
26,1.381109022556391,7,4,2
27,1.3298021263538504,9,3,2
28,1.3349806139279823,8,4,2
29,1.3271715270184454,9,4,2
30,1.3065850011502185,10,3,2
31,1.2916119024920723,10,3,2
32,1.2397462853938885,7,7,2
33,1.2188876522677365,8,4,2
34,1.1855654993803662,9,4,2
35,1.1855654993803662,9,4,2
36,1.1766446845701573,5,11,2
37,1.1599774083095062,3,11,3
38,1.1599774083095062,3,11,3
39,1.1599774083095062,3,11,3
40,1.140952380952381,3,17,3
41,1.0773086562560246,5,12,3
42,1.0582171893147503,5,13,2
43,1.0581306990881458,4,16,2
44,1.0176835283656873,7,8,2
45,1.0579805996472662,3,19,2
46,1.0051653524054036,4,15,3
47,1.003747582205029,3,16,4
