,mq,No. Clus,Max clus,Min clus
0,1.7152515479208705,5,18,1
1,1.7152515479208705,5,18,1
2,1.6225947327268913,5,16,1
3,1.5977567978785263,8,8,1
4,1.6059812527897632,7,11,1
5,1.5887798077628585,7,12,1
6,1.5485888879895537,8,5,3
7,1.5117717478361568,8,4,3
8,1.5012404961984793,5,17,1
9,1.4987852089173674,6,16,1
10,1.4543873662988165,5,13,4
11,1.428379508501237,8,8,1
12,1.3795338416208585,9,4,1
13,1.3560994611000403,8,4,3
14,1.3560994611000403,8,4,3
15,1.3560994611000403,8,4,3
16,1.3560994611000403,8,4,3
17,1.3684992886789171,6,14,1
18,1.3426456573219958,8,4,3
19,1.3426456573219958,8,4,3
20,1.3453106133375088,4,16,3
21,1.2938711288631448,8,4,3
22,1.2924328913645489,9,4,1
23,1.2823511150204376,3,18,4
24,1.2516875609434592,10,4,1
25,1.1568170338179982,8,4,2
26,1.1184155521123862,8,4,3
27,1.1020271178516117,8,4,3
28,1.1015147568553798,9,4,2
29,1.0944689714699358,8,4,2
30,1.0996222638369402,7,7,3
31,1.0944689714699358,8,4,2
32,1.085861287970701,8,4,3
33,1.0631471578530403,9,4,1
34,1.0745427846749434,5,16,1
35,1.0568024225425907,7,7,3
36,1.043488579313073,9,4,1
37,1.0556935817805382,3,13,4
38,1.0546685536894538,7,8,1
39,1.0556935817805382,3,13,4
40,1.0330075100084744,8,4,3
41,1.0330075100084744,8,4,3
42,1.0330075100084744,8,4,3
43,0.9956780753106187,9,4,1
44,1.0120512188597295,6,9,4
45,0.9540408161278329,8,7,1
46,0.9699053421825699,5,18,1
47,0.9466334087204256,7,7,3
48,0.9469483568075118,3,25,1
49,0.9469483568075118,3,25,1
50,0.9397146714293477,8,6,1
51,0.9305019305019305,4,19,1
52,0.844487040231721,5,14,3
53,0.8381604128524622,7,6,3
54,0.8380952380952381,5,19,1
55,0.7537982007151272,6,15,1
56,0.7437383477981356,8,6,2
57,0.7176556776556776,9,5,1
