,mq,No. Clus,Max clus,Min clus
0,1.9106097909734832,5,8,2
1,1.7942226890756303,6,5,3
2,1.73166805151233,8,4,2
3,1.6070154681919386,8,5,2
4,1.5781047030960405,8,4,2
5,1.5769055917951715,7,4,3
6,1.5653238265002969,8,6,2
7,1.5319170961631645,8,4,2
8,1.5222573478369203,9,4,2
9,1.4904177947656208,6,7,2
10,1.4808709808709808,7,5,2
11,1.4809803921568627,7,6,2
12,1.4717317838776465,9,4,2
13,1.4743661971830986,5,9,2
14,1.4701421886267791,7,5,2
15,1.463295973979911,7,5,2
16,1.4548179271708683,8,6,2
17,1.4427388346643004,6,9,2
18,1.41744337234982,7,5,2
19,1.41623949929797,9,4,2
20,1.4020768368594454,8,4,2
21,1.3980941260880972,7,6,2
22,1.368767719280665,7,8,1
23,1.3539309125409695,8,4,2
24,1.3483341632237429,7,6,2
25,1.32563304857835,8,6,2
26,1.3158580608493982,8,5,2
27,1.3136689484515571,9,4,2
28,1.2797325145151233,9,3,2
29,1.260318573432178,7,5,2
30,1.2589517427666095,8,5,2
31,1.243765672797931,7,5,2
32,1.239390750074687,6,7,2
33,1.1974306086070792,8,5,2
34,1.183619178442355,7,6,2
35,1.1757110020258688,8,4,2
36,1.1679089026915115,6,6,2
37,1.1395622333991815,6,6,3
38,1.1273506104090814,9,4,2
39,1.1099069512862618,4,11,3
40,1.10799434483645,4,12,4
41,1.0899814537963206,8,4,1
42,1.0904320436992432,7,5,2
43,1.0484560151535174,4,14,2
44,1.0324804620862476,8,6,2
45,1.0059918208814005,6,7,3
46,1.0045518207282913,3,16,3
47,0.9808240981624878,6,11,2
48,0.9772722022635396,5,15,2
49,0.8632919122477494,4,17,2
