,mq,No. Clus,Max clus,Min clus
0,1.9584263689526846,6,5,2
1,1.9584263689526846,6,5,2
2,1.9584263689526846,6,5,2
3,1.9137403786145204,6,5,2
4,1.9137403786145204,6,5,2
5,1.7144409937888199,7,3,2
6,1.6854090354090352,7,4,2
7,1.6854090354090352,7,4,2
8,1.6854090354090352,7,4,2
9,1.6842884379182022,6,5,2
10,1.6842884379182022,6,5,2
11,1.6557142857142857,7,4,2
12,1.6387403786145205,7,4,2
13,1.6284020327498587,7,4,2
14,1.5875971981235142,7,4,2
15,1.5107142857142857,7,4,2
16,1.5102997879313667,7,3,2
17,1.5137403786145205,5,8,2
18,1.5107142857142857,7,4,2
19,1.5022115565593828,7,4,2
20,1.4826118326118327,8,3,2
21,1.4826118326118327,8,3,2
22,1.461132723112128,6,4,3
23,1.420634920634921,8,3,2
24,1.3967032967032966,8,3,2
25,1.4132264675742936,6,4,2
26,1.3967032967032966,7,4,2
27,1.393287715868361,7,4,2
28,1.3803751803751805,7,4,2
29,1.3697413697413698,6,7,2
30,1.3662698412698413,5,8,2
31,1.3188488660186772,4,10,2
32,1.2873015873015872,8,3,2
33,1.2295739348370927,4,8,3
34,1.2214194614633826,6,6,2
35,1.1885252428730688,7,4,2
36,1.1986928104575163,3,15,2
37,1.1212406015037595,5,8,2
38,1.1091156574822636,6,5,2
39,1.1163691711636916,4,13,2
