,mq,No. Clus,Max clus,Min clus
0,1.8775147302629245,11,4,2
1,1.8775147302629245,11,4,2
2,1.8220818891102692,10,4,2
3,1.8136910222733538,12,3,2
4,1.8065090797288939,12,3,2
5,1.7552410552410551,11,4,2
6,1.7301378632260984,13,3,1
7,1.7135042809101417,12,3,2
8,1.7135042809101417,12,3,2
9,1.6765236071691432,10,4,2
10,1.6369804602002742,11,3,2
11,1.5387722650530997,12,4,2
12,1.437054452925707,12,3,1
13,1.4306787637669989,13,3,2
14,1.4282140309622253,11,4,2
15,1.384807423275281,12,4,2
16,1.4007970115228705,9,7,2
17,1.380263016038878,12,3,1
18,1.3542603561161355,12,3,1
19,1.3324850435828548,9,7,2
20,1.3290502720825221,11,4,2
21,1.2524982355006584,12,3,2
22,1.2559480463077914,11,4,2
23,1.2325956368188005,10,4,2
24,1.1930531292866422,9,10,2
25,1.1916569086651054,9,9,2
26,1.1557710566823545,10,5,2
27,1.1476309350451226,10,6,1
28,1.1383846257988135,12,3,2
29,1.1367465813036262,9,6,2
30,1.1278267700152393,10,8,2
31,1.110431940928706,9,7,1
32,1.0829696159720388,11,3,2
33,1.0795869204581745,12,3,2
34,1.0896420897603398,8,6,2
35,1.0811373914999085,11,3,2
36,1.1070249862952135,7,15,2
37,1.0805230683769724,9,6,2
38,1.0792626035142776,11,3,2
39,1.1029332130375775,7,17,2
40,1.0593960897834729,12,3,2
41,1.055375120850329,11,7,2
42,1.034493436681906,12,3,2
43,1.0295661487521952,6,17,1
44,0.9808633767436032,13,3,2
45,1.01699263680819,7,10,2
46,1.0122847628875422,6,16,2
47,1.0055888767720829,5,12,2
48,0.9799705125792082,5,19,2
49,0.919676592690704,11,4,2
50,0.9642036577520448,3,15,4
51,0.9528388278388278,5,17,2
52,0.9462213803027268,6,18,2
53,0.8739624925006655,11,4,2
54,0.9123843511379901,8,12,2
55,0.86654183546187,11,4,2
56,0.8504025584610292,12,3,1
57,0.7869158728531409,11,3,2
