,mq,No. Clus,Max clus,Min clus
0,1.8826672522324697,7,5,1
1,1.8826672522324697,7,5,1
2,1.769030888596106,7,5,2
3,1.7625236073210226,6,6,2
4,1.7353254872436459,6,4,2
5,1.727574659639877,7,5,1
6,1.6996112015293603,7,4,2
7,1.6924315619967794,6,4,2
8,1.673823916918546,8,3,1
9,1.6608705304357478,5,7,2
10,1.6608705304357478,5,7,2
11,1.5995487104932384,6,5,2
12,1.5732391215969086,8,3,1
13,1.5573906769558943,8,4,1
14,1.525368777286936,7,4,2
15,1.5300746596398769,6,5,2
16,1.50998048480886,8,3,2
17,1.519030888596106,7,5,1
18,1.469295438860656,7,5,2
19,1.4522918258212374,8,4,1
20,1.4413955609607783,7,3,2
21,1.4315143920407079,7,4,2
22,1.4278812974465147,7,5,2
23,1.4198394198394197,7,4,1
24,1.386964611792987,8,3,1
25,1.376101595666813,6,5,2
26,1.376101595666813,6,5,2
27,1.3643048128342246,8,4,1
28,1.3101875532821825,8,3,1
29,1.2900321039855924,3,8,4
30,1.2875586854460093,4,12,2
31,1.2071054071961513,8,4,1
32,1.2198153287422482,5,9,2
33,1.175646979439549,9,3,1
34,1.169661733615222,4,8,1
35,1.123539982030548,5,10,2
36,1.1133293002621496,3,14,2
37,0.9958889602817639,7,4,2
38,0.9867149758454106,8,4,1
39,0.9316239316239316,8,3,1
