,mq,No. Clus,Max clus,Min clus
0,1.3352838732149075,4,5,2
1,1.3352838732149075,4,5,2
2,1.3321092700403043,4,5,2
3,1.2630616509926855,3,5,3
4,1.258874458874459,5,3,2
5,1.258874458874459,5,3,2
6,1.2446633825944171,3,5,3
7,1.2446633825944171,3,5,3
8,1.209250398724083,3,7,3
9,1.1824915824915823,4,4,3
10,1.1525252525252525,5,3,2
11,1.10031328320802,4,4,2
12,1.0909090909090908,4,4,2
13,1.013227513227513,4,5,2
14,1.009704892057833,4,4,2
15,1.009259259259259,4,4,2
16,1.0064935064935066,4,5,2
17,0.9827586206896552,4,5,1
18,0.9806644880174291,4,4,2
19,0.9741830065359477,5,3,2
20,0.9497354497354497,3,7,2
21,0.9247474747474748,5,4,2
22,0.9090909090909091,3,7,2
23,0.8373015873015872,4,5,2
24,0.8571428571428571,3,11,1
25,0.8313908313908314,4,6,2
26,0.8313908313908314,4,6,2
27,0.7744107744107743,5,4,2
