,mq,No. Clus,Max clus,Min clus
0,1.818683537488222,3,10,4
1,1.818683537488222,3,10,4
2,1.7353779118485,3,9,5
3,1.7353779118485,3,9,5
4,1.7353779118485,3,9,5
5,1.680392156862745,3,11,3
6,1.680392156862745,3,11,3
7,1.6721362229102166,3,10,3
8,1.6721362229102166,3,10,3
9,1.6721362229102166,3,10,3
10,1.6721362229102166,3,10,3
11,1.6721362229102166,3,10,3
12,1.661084529505582,3,10,5
13,1.6337254901960785,3,9,5
14,1.6337254901960785,3,9,5
15,1.6337254901960785,3,9,5
16,1.6337254901960785,3,9,5
17,1.6037037037037036,3,9,4
18,1.5768361581920904,3,10,3
19,1.5768361581920904,3,10,3
20,1.5768361581920904,3,10,3
21,1.5768361581920904,3,10,3
22,1.5768361581920904,3,10,3
23,1.5768361581920904,3,10,3
24,1.5768361581920904,3,10,3
25,1.5768361581920904,3,10,3
26,1.5666666666666667,3,11,4
27,1.5561497326203209,3,8,6
28,1.5598793363499248,3,11,3
29,1.5561497326203209,3,8,6
30,1.5533333333333332,3,9,4
31,1.5518207282913163,3,10,4
32,1.5518207282913163,3,10,4
33,1.5518207282913163,3,10,4
34,1.5518207282913163,3,10,4
35,1.5518207282913163,3,10,4
36,1.5518207282913163,3,10,4
37,1.5518207282913163,3,10,4
38,1.5190251811318842,3,9,3
39,1.5013640238704178,3,8,5
40,1.46,3,12,3
41,1.4393939393939394,3,11,4
