,mq,No. Clus,Max clus,Min clus
0,1.9087287062122187,6,9,2
1,1.8814285714285712,6,9,2
2,1.8766368114643976,6,11,2
3,1.865700624129779,6,9,2
4,1.8644452970034364,6,9,2
5,1.8588501646477407,6,9,2
6,1.8588501646477407,6,9,2
7,1.842022146731816,6,9,2
8,1.842022146731816,6,9,2
9,1.7949345301579693,6,9,3
10,1.7949345301579693,6,9,3
11,1.7949345301579693,6,9,3
12,1.7949345301579693,6,9,3
13,1.7949345301579693,6,9,3
14,1.7875934024122104,6,6,3
15,1.781342729801463,6,9,3
16,1.781342729801463,6,9,3
17,1.781342729801463,6,9,3
18,1.781342729801463,6,9,3
19,1.781342729801463,6,9,3
20,1.7691919484329164,6,10,3
21,1.7556694046311625,6,9,2
22,1.7214861534556254,6,6,3
23,1.713107303330869,6,9,3
24,1.7039533357144045,6,9,3
25,1.6995155029743627,6,9,3
26,1.6995155029743627,6,9,3
27,1.6995155029743627,6,9,3
28,1.6951405750849524,6,9,3
29,1.6951405750849524,6,9,3
30,1.6951405750849524,6,9,3
31,1.6865735767991406,6,10,3
32,1.6865735767991406,6,10,3
33,1.685336653516325,6,9,3
34,1.6755835936215682,6,8,3
35,1.6749141553000546,6,9,3
36,1.6581686511178855,6,8,3
37,1.6581686511178855,6,8,3
38,1.653205586623772,6,8,3
39,1.6504155322600238,6,10,3
40,1.6480790278236648,6,9,3
41,1.6348561969593611,6,8,3
42,1.6348722572314953,6,9,2
43,1.6315549315549314,6,7,3
44,1.6315549315549314,6,7,3
45,1.6315549315549314,6,7,3
46,1.6235809226268108,6,7,3
47,1.6227748636236343,6,8,3
48,1.6090099662599127,6,8,2
49,1.6072050756261282,6,9,3
50,1.6071495121876709,6,8,2
51,1.5955061450417487,6,10,3
52,1.593486345911719,6,8,2
53,1.5928556694592555,6,7,3
54,1.5890763418382645,6,10,2
55,1.5705062537224541,5,8,4
56,1.5478235798071744,6,8,2
57,1.5325343329435772,6,9,3
58,1.4632908105433642,5,10,2
59,1.3470854726668677,6,9,2
