,mq,No. Clus,Max clus,Min clus
0,1.7115323192398293,4,14,2
1,1.4767590520980778,4,14,2
2,1.4206730769230769,4,14,2
3,1.3639092672232058,3,14,4
4,1.3117516394187145,4,14,2
5,1.3009046917736167,4,14,2
6,1.29711827158201,4,14,2
7,1.286567951822189,4,14,2
8,1.2750974121946632,3,14,4
9,1.249914258556996,4,14,2
10,1.1710674846625766,4,14,2
11,1.1625714285714286,4,13,2
12,1.1560916348490107,3,14,4
13,1.153218712514994,3,14,4
14,1.1398410332836562,3,14,4
15,1.1224697153478993,3,14,4
16,1.1212488826458946,3,14,4
17,1.1155477267176364,3,14,4
18,1.1142938058825909,3,14,4
19,1.1142191142191142,3,14,4
20,1.111119649581188,3,14,4
21,1.100430067314884,4,14,1
22,1.0937074283265218,3,14,4
23,1.0796372252922377,4,14,2
24,1.078996741384418,3,14,4
25,1.0743460837887067,3,14,4
26,1.0750332920053267,4,14,2
27,1.071943306010929,3,14,4
28,1.0645620598437948,3,14,4
29,1.0596888260254596,4,14,2
30,1.0554658725078163,3,14,4
31,1.0496576408341114,3,14,4
32,1.0483823848161866,4,14,2
33,1.0477590106868573,4,15,2
34,1.0449789394953353,4,14,2
35,1.042683511349475,3,14,4
36,1.0227234753550545,4,13,2
37,1.0189208685870788,4,13,2
38,1.018599849138022,4,12,2
39,1.017635953400562,4,13,2
40,1.0047438330170777,4,13,2
41,1.00420202020202,4,14,2
42,0.9952420739915517,4,13,2
43,0.9787084239892854,4,13,2
44,0.9739010989010988,4,14,2
45,0.9695021669649045,3,14,4
46,0.9653602923706902,4,14,2
47,0.9615384615384616,3,14,4
48,0.9610547667342799,3,14,4
49,0.954990118577075,3,14,4
50,0.9476560253091746,3,14,4
51,0.947089947089947,3,14,4
52,0.9459976105137395,4,13,2
53,0.944680810103188,4,13,2
54,0.9424023840969894,4,15,2
55,0.9406515335297175,3,14,4
56,0.9177259533580222,4,15,2
57,0.9154426904598489,3,14,4
58,0.8930451127819548,3,14,4
59,0.8358585858585859,3,14,4
