,mq,No. Clus,Max clus,Min clus
0,2.0375918980789067,6,6,3
1,2.0375918980789067,6,6,3
2,2.0375918980789067,6,6,3
3,2.0375918980789067,6,6,3
4,2.0375918980789067,6,6,3
5,2.0375918980789067,6,6,3
6,2.0375918980789067,6,6,3
7,2.0375918980789067,6,6,3
8,2.0375918980789067,6,6,3
9,2.0375918980789067,6,6,3
10,2.0375918980789067,6,6,3
11,2.0375918980789067,6,6,3
12,2.0375918980789067,6,6,3
13,2.0375918980789067,6,6,3
14,2.0375918980789067,6,6,3
15,2.0375918980789067,6,6,3
16,2.0375918980789067,6,6,3
17,2.0375918980789067,6,6,3
18,2.0375918980789067,6,6,3
19,2.0375918980789067,6,6,3
20,2.0375918980789067,6,6,3
21,2.0375918980789067,6,6,3
22,2.0375918980789067,6,6,3
23,2.0375918980789067,6,6,3
24,2.0375918980789067,6,6,3
25,2.0375918980789067,6,6,3
26,2.0375918980789067,6,6,3
27,2.0375918980789067,6,6,3
28,2.0375918980789067,6,6,3
29,2.0375918980789067,6,6,3
30,2.0375918980789067,6,6,3
31,2.0375918980789067,6,6,3
32,2.0375918980789067,6,6,3
33,2.0375918980789067,6,6,3
34,2.0375918980789067,6,6,3
35,2.024094948227087,6,5,3
36,2.0113492040391945,6,5,3
37,2.0113492040391945,6,5,3
38,1.9603686346333407,6,7,3
39,1.950564713064713,6,6,3
40,1.934628314515312,6,6,2
41,1.933419215603281,6,6,2
42,1.8555853663117854,6,6,2
43,1.8327466656532596,6,6,3
44,1.8291316526610644,6,5,3
45,1.8216476256330862,6,6,2
46,1.8216476256330862,6,6,2
47,1.7458199409243298,6,6,2
48,1.6187502928824318,6,5,3
49,1.6187502928824318,6,5,3
