,mq,No. Clus,Max clus,Min clus
0,2.09558803134318,5,6,3
1,2.0476741289401135,6,4,3
2,2.0476741289401135,6,4,3
3,2.0476741289401135,6,4,3
4,2.0476741289401135,6,4,3
5,2.0476741289401135,6,4,3
6,2.015669298022239,6,4,3
7,1.9841018884497144,6,4,2
8,1.9790513833992094,6,4,3
9,1.9611682435211846,6,4,3
10,1.9082801895461743,6,4,3
11,1.9082801895461743,6,4,3
12,1.9082801895461743,6,4,3
13,1.9082801895461743,6,4,3
14,1.8684470758000171,6,4,3
15,1.8684470758000171,6,4,3
16,1.8684470758000171,6,4,3
17,1.8684470758000171,6,4,3
18,1.8684470758000171,6,4,3
19,1.8684470758000171,6,4,3
20,1.8551607599561564,7,4,1
21,1.8396574440052702,6,4,3
22,1.8217743041272452,6,4,3
23,1.783940242763772,5,6,3
24,1.783940242763772,5,6,3
25,1.783940242763772,5,6,3
26,1.7474077350238342,6,4,3
27,1.7474077350238342,6,4,3
28,1.7474077350238342,6,4,3
29,1.7107898204008043,6,4,3
30,1.7163947163947162,6,4,2
31,1.5640923035881018,4,10,3
32,1.561434643787585,7,3,2
33,1.5640923035881018,4,10,3
34,1.5341036414565825,4,11,3
35,1.2472117774520426,3,13,3
36,1.2472117774520426,3,13,3
37,1.2472117774520426,3,13,3
38,1.2472117774520426,3,13,3
39,1.2472117774520426,3,13,3
