,mq,No. Clus,Max clus,Min clus
0,2.103397327310371,6,4,2
1,2.103397327310371,6,4,2
2,1.8772005772005773,6,4,3
3,1.758714969241285,7,4,2
4,1.710414358780965,6,4,3
5,1.6878066378066379,6,5,3
6,1.668888129414445,6,4,3
7,1.6384161815196299,5,6,3
8,1.5914159575486808,6,8,2
9,1.5662016002573278,8,3,1
10,1.5596902529127594,6,8,1
11,1.5234709734709735,7,3,2
12,1.5249487354750513,6,4,3
13,1.5451408494886756,5,7,2
14,1.5211399711399711,7,3,2
15,1.5211399711399711,7,3,2
16,1.5503437738731858,4,10,2
17,1.517900989797008,7,4,1
18,1.540909090909091,5,7,2
19,1.5039682539682537,6,4,3
20,1.4298771404034565,8,3,2
21,1.4351209574738986,7,3,2
22,1.4351209574738986,7,3,2
23,1.4298771404034565,8,3,2
24,1.4086058059587472,7,4,2
25,1.4243961352657004,6,8,2
26,1.3536758563074354,7,3,2
27,1.375749981013139,6,6,2
28,1.3274493705528188,5,6,3
29,1.359628302731751,4,10,3
30,1.3162407767670925,8,3,2
31,1.3236899720565782,5,7,3
32,1.359628302731751,4,10,2
33,1.3012487512487512,8,3,2
34,1.2708776844070961,8,3,1
35,1.305988455988456,5,10,1
36,1.2708776844070961,8,3,1
37,1.2548179271708684,7,3,2
38,1.2512698412698413,7,3,2
39,1.2261904761904763,3,14,2
