,mq,No. Clus,Max clus,Min clus
0,2.1515584754715187,6,5,2
1,2.1515584754715187,6,5,2
2,2.09511810653115,6,4,2
3,1.9880859119989556,5,7,2
4,1.9778757017887454,6,7,2
5,1.9437111801242235,6,4,2
6,1.9056534795665232,5,7,2
7,1.8517313485734537,5,7,1
8,1.8369274136715996,6,6,1
9,1.7949197860962567,8,4,2
10,1.791521223874165,8,4,2
11,1.7811828219659955,5,8,2
12,1.7685810810810811,4,7,2
13,1.7526325219403023,7,4,1
14,1.6734548501990363,5,7,1
15,1.656439393939394,7,4,2
16,1.6282531194295902,7,6,2
17,1.593989769820972,6,7,1
18,1.587987987987988,6,5,1
19,1.5817034228798934,8,5,1
20,1.5768060712657155,6,8,2
21,1.574738562091503,7,4,2
22,1.5662604303908652,7,4,1
23,1.5483045849918913,8,4,1
24,1.536182032621661,8,5,2
25,1.5251336898395722,8,4,1
26,1.5184661743485273,8,6,2
27,1.4995485036119711,4,10,2
28,1.486403181927479,9,4,2
29,1.4760683760683762,8,5,1
30,1.4477777777777776,7,4,2
31,1.446345029239766,7,4,1
32,1.4460725677830941,5,10,2
33,1.4286758563074353,4,12,2
34,1.4130116959064327,7,4,2
35,1.391345029239766,7,4,1
36,1.391345029239766,7,4,1
37,1.378084606345476,3,13,2
38,1.3622826863538937,8,4,2
39,1.3403689403689403,6,5,1
40,1.3343023333735406,8,4,1
41,1.3027950310559007,4,13,1
