,mq,No. Clus,Max clus,Min clus
0,1.304040404040404,6,3,2
1,1.304040404040404,6,3,2
2,1.304040404040404,6,3,2
3,1.304040404040404,6,3,2
4,1.304040404040404,6,3,2
5,1.304040404040404,6,3,2
6,1.304040404040404,6,3,2
7,1.2912698412698411,6,4,1
8,1.2912698412698411,6,4,1
9,1.2498619737750172,5,5,2
10,1.2377899877899878,4,5,2
11,1.2162698412698414,5,4,2
12,1.211904761904762,6,4,1
13,1.2063492063492063,4,4,2
14,1.1689255189255188,6,3,2
15,1.1777777777777778,3,9,2
16,1.1689255189255188,6,3,2
17,1.1689255189255188,6,3,2
18,1.1689255189255188,6,3,2
19,1.1689255189255188,6,3,2
20,1.1689255189255188,6,3,2
21,1.088888888888889,4,6,2
22,1.088888888888889,4,6,2
23,1.0148148148148146,3,6,2
24,0.9428571428571428,3,9,2
25,0.8681704260651628,5,4,1
26,0.75534991324465,5,4,2
27,0.75534991324465,6,4,1
