,mq,No. Clus,Max clus,Min clus
0,1.3139034878165312,3,5,4
1,1.3139034878165312,3,5,4
2,1.3139034878165312,3,5,4
3,1.3139034878165312,3,5,4
4,1.3139034878165312,3,5,4
5,1.3139034878165312,3,5,4
6,1.3139034878165312,3,5,4
7,1.3139034878165312,3,5,4
8,1.3139034878165312,3,5,4
9,1.2424749163879598,3,5,4
10,1.2424749163879598,3,5,4
11,1.2424749163879598,3,5,4
12,1.2424749163879598,3,5,4
13,1.2424749163879598,3,5,4
14,1.2424749163879598,3,5,4
15,1.2424749163879598,3,5,4
16,1.2424749163879598,3,5,4
17,1.2424749163879598,3,5,4
18,1.177257525083612,4,4,1
19,1.0860646599777035,3,5,4
20,1.0860646599777035,3,5,4
21,1.0860646599777035,3,5,4
22,1.0860646599777035,3,5,4
23,1.0860646599777035,3,5,4
24,1.0860646599777035,3,5,4
25,1.0860646599777035,3,5,4
