,mq,No. Clus,Max clus,Min clus
0,1.427128427128427,5,4,2
1,1.427128427128427,5,4,2
2,1.427128427128427,5,4,2
3,1.3894300144300145,5,3,2
4,1.3454715219421103,3,7,2
5,1.3155028546332894,5,4,2
6,1.2984848484848484,6,3,2
7,1.2984848484848484,6,3,2
8,1.2984848484848484,6,3,2
9,1.2984848484848484,6,3,2
10,1.2984848484848484,6,3,2
11,1.2510992275698158,4,7,2
12,1.224016563146998,3,5,4
13,1.2207070707070709,5,5,2
14,1.1965811965811965,4,4,2
15,1.1887997623291742,5,3,2
16,1.1633699633699632,6,3,2
17,1.1673122199437986,5,4,2
18,1.1633699633699632,5,4,2
19,1.1336846728151078,5,4,2
20,1.1220609455903574,5,4,2
21,1.1260042283298097,3,9,2
22,1.0745073891625616,4,5,2
23,1.0700483091787438,5,4,1
24,1.031084656084656,5,4,1
25,1.031084656084656,5,4,1
26,0.9761904761904762,3,6,3
27,0.9358465608465608,3,7,3
