,mq,No. Clus,Max clus,Min clus
0,1.4078392621870883,5,3,2
1,1.4078392621870883,5,3,2
2,1.4078392621870883,5,3,2
3,1.4078392621870883,5,3,2
4,1.4078392621870883,5,3,2
5,1.4078392621870883,5,3,2
6,1.4078392621870883,5,3,2
7,1.4078392621870883,5,3,2
8,1.3787878787878787,5,3,2
9,1.3485826001955032,4,5,2
10,1.356060606060606,3,8,2
11,1.2694444444444444,5,4,2
12,1.2611367127496158,3,5,3
13,1.2245059288537548,5,3,2
14,1.2611367127496158,3,5,3
15,1.232905982905983,4,6,2
16,1.1610389610389609,3,6,2
17,1.1468253968253967,5,3,2
18,1.1468253968253967,5,3,2
19,1.1610389610389609,3,6,2
20,1.0968253968253967,4,4,3
21,1.04975845410628,5,3,2
22,1.04975845410628,5,3,2
23,1.0095238095238095,5,4,2
24,0.9634920634920634,5,3,2
25,0.9634920634920634,5,3,2
