,mq,No. Clus,Max clus,Min clus
0,2.008989590797371,7,4,1
1,1.8515037593984962,6,4,2
2,1.7938108640585422,7,4,2
3,1.7973798876275655,6,7,1
4,1.7938108640585422,7,4,2
5,1.7490430622009567,7,3,2
6,1.7490430622009567,7,3,2
7,1.7490430622009567,7,3,2
8,1.773810864058542,6,7,2
9,1.7308612440191387,6,5,2
10,1.7230431247459113,8,4,2
11,1.7287606488505076,5,7,2
12,1.7236242315189685,6,6,2
13,1.6954191033138402,6,5,2
14,1.6919002050580998,7,5,2
15,1.6499453178400547,6,6,1
16,1.6154560609668969,7,3,2
17,1.6345201238390095,6,7,2
18,1.6154636557113338,7,4,2
19,1.6092535259717922,6,6,2
20,1.5956596035543402,8,5,1
21,1.5583466241360977,8,4,1
22,1.575358851674641,5,10,2
23,1.5433951898348184,7,4,2
24,1.5075144154091522,7,4,2
25,1.5422204501151868,5,9,2
26,1.4817460317460318,4,8,2
27,1.4736842105263157,3,10,3
28,1.4066158042164232,7,4,2
29,1.4078947368421053,5,10,2
30,1.4000974658869394,9,4,1
31,1.4049373399218599,7,4,2
32,1.372786888034566,8,3,2
33,1.3774311568092696,8,4,1
34,1.3086669889738942,8,4,1
35,1.2855005055611728,3,8,4
36,1.2731342731342732,6,9,1
37,1.2299617290921638,7,4,2
38,1.1933893557422968,7,4,2
39,1.1875324675324674,7,4,1
