,mq,No. Clus,Max clus,Min clus
0,2.0691260430390863,6,5,2
1,1.994803873980075,7,4,2
2,1.994803873980075,7,4,2
3,1.994803873980075,7,4,2
4,1.9891260430390865,6,4,2
5,1.9891260430390865,6,4,2
6,1.9236291486291486,6,5,2
7,1.9182488500566302,7,4,2
8,1.9182488500566302,7,4,2
9,1.88989898989899,6,5,2
10,1.8772727272727272,7,4,2
11,1.870928800197093,6,6,2
12,1.8313313105075117,6,7,2
13,1.8002872794634808,7,4,2
14,1.7662198912198912,7,5,2
15,1.7599737917815719,7,5,2
16,1.7514936817568396,7,4,2
17,1.7504253056884633,7,4,2
18,1.7435956973882671,6,5,1
19,1.7393141945773525,7,4,2
20,1.7106060606060607,7,4,2
21,1.7065656565656566,8,4,2
22,1.7040651524317585,6,4,2
23,1.7024753024753023,7,4,2
24,1.6822222222222223,6,5,2
25,1.6822222222222223,6,5,2
26,1.6759796103449354,6,6,2
27,1.6620210199157568,7,5,2
28,1.6420122211884225,7,5,2
29,1.6123700054734535,5,8,2
30,1.5907197721439208,6,6,2
31,1.5818713450292399,8,3,2
32,1.5509523809523809,5,5,2
33,1.5303854875283447,5,10,2
34,1.5182065665731725,7,4,2
35,1.496345029239766,8,3,2
36,1.4870997423629002,7,4,2
37,1.476073427776214,8,3,2
38,1.4451324389404885,7,5,2
39,1.4258454106280194,4,12,2
40,1.425204823713523,3,13,2
41,1.2640917451044034,3,14,2
