,mq,No. Clus,Max clus,Min clus
0,2.018130490529198,8,4,2
1,1.8550585951043617,8,3,3
2,1.8550585951043617,8,3,3
3,1.8550585951043617,8,3,3
4,1.8550585951043617,8,3,3
5,1.8550585951043617,8,3,3
6,1.8550585951043617,8,3,3
7,1.8550585951043617,8,3,3
8,1.8550585951043617,8,3,3
9,1.8550585951043617,8,3,3
10,1.8550585951043617,8,3,3
11,1.8550585951043617,8,3,3
12,1.8550585951043617,8,3,3
13,1.8550585951043617,8,3,3
14,1.8550585951043617,8,3,3
15,1.8550585951043617,8,3,3
16,1.8550585951043617,8,3,3
17,1.8550585951043617,8,3,3
18,1.8550585951043617,8,3,3
19,1.8550585951043617,8,3,3
20,1.8550585951043617,8,3,3
21,1.8550585951043617,8,3,3
22,1.8550585951043617,8,3,3
23,1.8550585951043617,8,3,3
24,1.844726694302516,8,4,2
25,1.8119755911517925,8,4,2
26,1.8119755911517925,8,4,2
27,1.7373429773887439,8,4,2
28,1.6564747171087189,8,5,2
29,1.6564747171087189,8,5,2
30,1.4800585951043617,9,3,2
31,1.2761665894942635,7,6,3
32,1.2761665894942635,7,6,3
33,1.2761665894942635,7,6,3
34,1.2761665894942635,7,6,3
35,1.2761665894942635,7,6,3
36,1.2761665894942635,7,6,3
37,1.2568730021009977,8,4,2
38,1.172770562770563,5,9,3
39,1.1686868686868688,7,7,2
40,1.1372066942719117,5,7,3
41,1.0914328866608825,9,3,1
42,1.1289070881911165,5,9,3
43,1.1242424242424243,5,12,3
44,1.1242424242424243,5,12,3
45,1.1242424242424243,5,12,3
46,1.1242424242424243,5,12,3
47,0.976027397260274,3,18,3
