,mq,No. Clus,Max clus,Min clus
0,1.332154882154882,4,5,2
1,1.332154882154882,4,5,2
2,1.332154882154882,4,5,2
3,1.2740740740740741,4,5,2
4,1.1978438228438228,4,4,2
5,1.184149184149184,4,5,2
6,1.169067969067969,4,5,2
7,1.1686507936507935,4,6,2
8,1.1686507936507935,4,6,2
9,1.1616161616161618,3,7,2
10,1.1616161616161618,3,7,2
11,1.1616161616161618,3,7,2
12,1.1616161616161618,3,7,2
13,1.126068376068376,4,5,2
14,1.126068376068376,4,5,2
15,1.0905607802159527,4,5,2
16,1.074074074074074,4,5,2
17,1.074074074074074,4,5,2
18,1.0482517482517482,4,5,1
19,1.0482517482517482,4,5,1
20,1.0347222222222223,4,6,2
21,1.021062271062271,4,5,2
22,1.0106837606837606,4,6,2
23,1.0106837606837606,4,6,2
24,0.9550157444894287,4,7,2
25,0.9550157444894287,4,7,2
26,0.9507936507936507,4,6,1
27,0.9507936507936507,4,6,1
