,mq,No. Clus,Max clus,Min clus
0,1.375,3,6,3
1,1.375,3,6,3
2,1.375,3,6,3
3,1.375,3,6,3
4,1.375,3,6,3
5,1.375,3,6,3
6,1.3373015873015872,4,4,2
7,1.3035714285714286,3,5,4
8,1.3035714285714286,3,5,4
9,1.3035714285714286,3,5,4
10,1.3035714285714286,3,5,4
11,1.3035714285714286,3,5,4
12,1.3035714285714286,3,5,4
13,1.3035714285714286,3,5,4
14,1.3035714285714286,3,5,4
15,1.286111111111111,3,5,4
16,1.286111111111111,3,5,4
17,1.286111111111111,3,5,4
18,1.286111111111111,3,5,4
19,1.286111111111111,3,5,4
20,1.2519607843137255,4,4,3
21,1.1045825771324864,3,6,3
22,1.0779220779220777,3,5,4
23,1.1045825771324864,3,6,3
24,1.1045825771324864,3,6,3
25,1.0142857142857142,4,4,1
