,mq,No. Clus,Max clus,Min clus
0,1.3984189723320157,4,4,2
1,1.3984189723320157,4,4,2
2,1.3643097643097644,4,4,3
3,1.3398268398268398,3,5,3
4,1.3109730848861285,3,5,4
5,1.3109730848861285,3,5,4
6,1.2689584924879043,4,4,3
7,1.2558352402745996,4,4,1
8,1.2399108138238573,3,6,3
9,1.2366522366522368,4,5,2
10,1.234006734006734,4,5,1
11,1.1559947299077733,4,4,2
12,1.1082321187584345,4,5,1
13,1.0673400673400673,5,4,1
14,1.0648192387322823,4,5,1
15,1.0571348156487477,3,8,2
16,1.0435305435305435,4,4,2
17,1.0193140193140193,3,6,3
18,1.0109730848861282,4,4,2
19,1.0185185185185186,3,7,2
20,1.0,3,7,3
21,0.9772079772079771,4,5,1
22,0.9572510822510822,4,4,2
23,0.9480101219231654,3,5,4
24,0.9480101219231654,3,5,4
25,0.9333333333333333,3,5,3
26,0.9194258373205741,4,4,3
27,0.9033189033189033,4,4,2
