,mq,No. Clus,Max clus,Min clus
0,2.031941031941032,5,6,1
1,2.031941031941032,5,6,1
2,2.031941031941032,5,6,1
3,2.031941031941032,5,6,1
4,2.031941031941032,5,6,1
5,2.031941031941032,5,6,1
6,2.031941031941032,5,6,1
7,2.031941031941032,5,6,1
8,2.031941031941032,5,6,1
9,2.031941031941032,5,6,1
10,1.9811995751737501,5,6,1
11,1.9811995751737501,5,6,1
12,1.9811995751737501,5,6,1
13,1.9811995751737501,5,6,1
14,1.9811995751737501,5,6,1
15,1.9676556839744697,5,6,1
16,1.9676556839744697,5,6,1
17,1.9676556839744697,5,6,1
18,1.9676556839744697,5,6,1
19,1.9676556839744697,5,6,1
20,1.931941031941032,5,6,1
21,1.931941031941032,5,6,1
22,1.926665725578769,5,6,1
23,1.9106113398796327,5,6,1
24,1.871665725578769,5,6,1
25,1.864618492892591,5,6,1
26,1.864618492892591,5,6,1
27,1.864618492892591,5,6,1
28,1.8605124605124606,5,6,1
29,1.8605124605124606,5,6,1
30,1.8605124605124606,5,6,1
31,1.8605124605124606,5,6,1
32,1.8605124605124606,5,6,1
33,1.8605124605124606,5,6,1
34,1.845734135389308,5,6,1
35,1.7445754245754246,5,6,1
36,1.7251748251748253,5,6,1
37,1.71337870054173,5,6,1
38,1.6769778569044176,5,6,1
39,1.6692640692640692,5,6,1
40,1.638861138861139,5,6,1
41,1.4875790875790875,5,6,1
