,mq,No. Clus,Max clus,Min clus
0,1.6588266470971949,5,9,3
1,1.6588266470971949,5,9,3
2,1.6588266470971949,5,9,3
3,1.6588266470971949,5,9,3
4,1.6588266470971949,5,9,3
5,1.6588266470971949,5,9,3
6,1.6588266470971949,5,9,3
7,1.6588266470971949,5,9,3
8,1.6588266470971949,5,9,3
9,1.6588266470971949,5,9,3
10,1.6588266470971949,5,9,3
11,1.6588266470971949,5,9,3
12,1.6588266470971949,5,9,3
13,1.6588266470971949,5,9,3
14,1.6588266470971949,5,9,3
15,1.6588266470971949,5,9,3
16,1.6588266470971949,5,9,3
17,1.6588266470971949,5,9,3
18,1.6588266470971949,5,9,3
19,1.6588266470971949,5,9,3
20,1.6588266470971949,5,9,3
21,1.6588266470971949,5,9,3
22,1.6588266470971949,5,9,3
23,1.6588266470971949,5,9,3
24,1.6588266470971949,5,9,3
25,1.6588266470971949,5,9,3
26,1.6588266470971949,5,9,3
27,1.6588266470971949,5,9,3
28,1.6588266470971949,5,9,3
29,1.6588266470971949,5,9,3
30,1.6588266470971949,5,9,3
31,1.6588266470971949,5,9,3
32,1.6588266470971949,5,9,3
33,1.6588266470971949,5,9,3
34,1.6588266470971949,5,9,3
35,1.6588266470971949,5,9,3
36,1.6588266470971949,5,9,3
37,1.6588266470971949,5,9,3
38,1.6588266470971949,5,9,3
39,1.6588266470971949,5,9,3
40,1.6588266470971949,5,9,3
41,1.6588266470971949,5,9,3
42,1.6588266470971949,5,9,3
43,1.6588266470971949,5,9,3
44,1.6588266470971949,5,9,3
45,1.6588266470971949,5,9,3
46,1.6588266470971949,5,9,3
47,1.6588266470971949,5,9,3
48,1.6588266470971949,5,9,3
49,1.6588266470971949,5,9,3
50,1.6588266470971949,5,9,3
51,1.6588266470971949,5,9,3
52,1.6588266470971949,5,9,3
53,1.6588266470971949,5,9,3
54,1.6588266470971949,5,9,3
55,1.6588266470971949,5,9,3
56,1.6588266470971949,5,9,3
57,1.6588266470971949,5,9,3
58,1.6588266470971949,5,9,3
59,1.6588266470971949,5,9,3
