,mq,No. Clus,Max clus,Min clus
0,1.592896926695278,6,7,2
1,1.592896926695278,6,7,2
2,1.592896926695278,6,7,2
3,1.5749515657805533,6,7,2
4,1.5652708436421257,6,7,2
5,1.5652708436421257,6,7,2
6,1.5652708436421257,6,7,2
7,1.5652708436421257,6,7,2
8,1.5605789842437927,6,7,2
9,1.5605789842437927,6,7,2
10,1.5605789842437927,6,7,2
11,1.5345566228368848,6,7,2
12,1.5345566228368848,6,7,2
13,1.5329529011906404,6,7,2
14,1.5329529011906404,6,7,2
15,1.5329529011906404,6,7,2
16,1.5329529011906404,6,7,2
17,1.5190462828816138,6,8,2
18,1.5147696267967683,5,7,5
19,1.4864137666652073,6,7,2
20,1.4835334928171915,5,8,4
21,1.479038577456299,5,8,5
22,1.4746186071259952,5,8,4
23,1.4693389031060264,6,6,3
24,1.4676090533130308,6,7,2
25,1.4639406691340915,6,7,2
26,1.463639439543054,5,7,4
27,1.463639439543054,5,7,4
28,1.461690706015373,6,7,2
29,1.461690706015373,6,7,2
30,1.4609876741762964,6,7,2
31,1.4530217274951491,6,6,2
32,1.4497823384766506,6,7,3
33,1.4480083794683933,6,7,2
34,1.4394343482751444,6,7,2
35,1.4394343482751444,6,7,2
36,1.4394343482751444,6,7,2
37,1.438722416080081,6,7,2
38,1.4269650028686174,5,8,2
39,1.4229138946895956,6,7,2
40,1.4174411933448077,6,7,2
41,1.4165587370352821,5,7,5
42,1.4165587370352821,5,7,5
43,1.4091617333412099,6,7,2
44,1.4091617333412099,6,7,2
45,1.3975613807455323,6,7,2
46,1.3888829393583213,6,8,2
47,1.3873212522283354,6,8,2
48,1.3800274809310955,6,7,2
49,1.378105373855619,6,7,2
50,1.3746443685168437,6,7,2
51,1.3652380952380954,6,6,2
52,1.356564996906836,6,8,2
53,1.3558546959847382,6,7,2
54,1.3454301075268817,5,8,2
55,1.3420329670329672,6,7,2
56,1.3195364043472977,5,7,5
57,1.2970167677689424,5,7,2
58,1.2793343381578677,6,6,2
59,1.2507863165850663,6,7,2
