,mq,No. Clus,Max clus,Min clus
0,1.7907647907647908,5,5,3
1,1.7707292707292708,5,4,4
2,1.7707292707292708,5,4,4
3,1.7707292707292708,5,4,4
4,1.7707292707292708,5,4,4
5,1.7707292707292708,5,4,4
6,1.7707292707292708,5,4,4
7,1.7707292707292708,5,4,4
8,1.7707292707292708,5,4,4
9,1.7707292707292708,5,4,4
10,1.7707292707292708,5,4,4
11,1.7707292707292708,5,4,4
12,1.7707292707292708,5,4,4
13,1.7707292707292708,5,4,4
14,1.7707292707292708,5,4,4
15,1.7707292707292708,5,4,4
16,1.7707292707292708,5,4,4
17,1.7707292707292708,5,4,4
18,1.7707292707292708,5,4,4
19,1.7707292707292708,5,4,4
20,1.7707292707292708,5,4,4
21,1.7707292707292708,5,4,4
22,1.7707292707292708,5,4,4
23,1.7707292707292708,5,4,4
24,1.7707292707292708,5,4,4
25,1.7707292707292708,5,4,4
26,1.7707292707292708,5,4,4
27,1.7707292707292708,5,4,4
28,1.6645021645021645,5,5,3
29,1.6645021645021645,5,5,3
30,1.6482840830666916,5,5,3
31,1.6482840830666916,5,5,3
32,1.6372348581650908,4,8,4
33,1.6372348581650908,4,8,4
34,1.5405705405705405,5,5,3
35,1.481366459627329,3,12,4
36,1.481366459627329,3,12,4
37,1.481366459627329,3,12,4
38,1.481366459627329,3,12,4
39,1.481366459627329,3,12,4
