,mq,No. Clus,Max clus,Min clus
0,1.8766835016835017,4,6,4
1,1.8766835016835017,4,6,4
2,1.8766835016835017,4,6,4
3,1.8766835016835017,4,6,4
4,1.8766835016835017,4,6,4
5,1.8766835016835017,4,6,4
6,1.8766835016835017,4,6,4
7,1.8766835016835017,4,6,4
8,1.8766835016835017,4,6,4
9,1.8631138975966564,4,6,4
10,1.8631138975966564,4,6,4
11,1.8631138975966564,4,6,4
12,1.853462157809984,4,6,4
13,1.853462157809984,4,6,4
14,1.853462157809984,4,6,4
15,1.8398925537231385,4,6,4
16,1.7472089314194577,4,6,4
17,1.744047619047619,4,5,5
18,1.744047619047619,4,5,5
19,1.744047619047619,4,5,5
20,1.744047619047619,4,5,5
21,1.744047619047619,4,5,5
22,1.744047619047619,4,5,5
23,1.744047619047619,4,5,5
24,1.744047619047619,4,5,5
25,1.744047619047619,4,5,5
26,1.744047619047619,4,5,5
27,1.7472089314194577,4,6,4
28,1.7472089314194577,4,6,4
29,1.6993620414673045,4,6,4
30,1.6993620414673045,4,6,4
31,1.6993620414673045,4,6,4
32,1.6674229532993006,3,8,5
33,1.5661719233147804,3,8,4
34,1.5634920634920635,5,5,1
35,1.5634920634920635,5,5,1
36,1.5,3,10,5
37,1.417776341305753,5,5,3
38,1.380952380952381,4,10,1
39,1.3625974025974026,5,5,1
