,mq,No. Clus,Max clus,Min clus
0,2.0734911640084053,6,7,2
1,2.0734911640084053,6,7,2
2,2.0734911640084053,6,7,2
3,2.0734911640084053,6,7,2
4,2.0734911640084053,6,7,2
5,2.0734911640084053,6,7,2
6,2.0734911640084053,6,7,2
7,2.0734911640084053,6,7,2
8,2.0734911640084053,6,7,2
9,2.0734911640084053,6,7,2
10,2.0734911640084053,6,7,2
11,2.0734911640084053,6,7,2
12,2.0734911640084053,6,7,2
13,2.0734911640084053,6,7,2
14,2.0734911640084053,6,7,2
15,2.0734911640084053,6,7,2
16,2.0734911640084053,6,7,2
17,2.0734911640084053,6,7,2
18,2.0734911640084053,6,7,2
19,2.0734911640084053,6,7,2
20,2.0734911640084053,6,7,2
21,2.0734911640084053,6,7,2
22,2.0734911640084053,6,7,2
23,2.0734911640084053,6,7,2
24,2.0734911640084053,6,7,2
25,2.0734911640084053,6,7,2
26,2.0734911640084053,6,7,2
27,2.0734911640084053,6,7,2
28,2.0734911640084053,6,7,2
29,2.0734911640084053,6,7,2
30,2.0734911640084053,6,7,2
31,2.0734911640084053,6,7,2
32,2.0453921809184967,6,8,2
33,1.9436866661806518,5,7,3
34,1.9436866661806518,5,7,3
35,1.9318181818181819,6,6,2
36,1.930176145693387,6,7,1
37,1.930176145693387,6,7,1
38,1.930176145693387,6,7,1
39,1.9186507936507935,5,8,2
40,1.8677343611554138,6,8,2
41,1.8577586206896552,5,8,2
42,1.8312775933743675,6,8,2
43,1.802305830890223,5,10,1
44,1.7934676434676433,5,8,2
45,1.7804001554001554,6,7,2
46,1.763893763893764,6,7,1
47,1.7453419222287145,6,6,2
48,1.7020751939766026,6,7,2
49,1.6589052107920033,6,6,2
