,mq,No. Clus,Max clus,Min clus
0,1.7761559169122196,5,7,2
1,1.7761559169122196,5,7,2
2,1.7761559169122196,5,7,2
3,1.7761559169122196,5,7,2
4,1.662430426716141,5,7,2
5,1.6424001924001923,5,7,2
6,1.6386363636363637,5,9,2
7,1.6386363636363637,5,9,2
8,1.6386363636363637,5,9,2
9,1.6166666666666667,5,7,2
10,1.6173385438091321,5,8,2
11,1.6173385438091321,5,8,2
12,1.6032695374800638,5,6,2
13,1.5745161966966479,5,7,2
14,1.5672536172536171,5,7,2
15,1.5647085472666868,5,7,2
16,1.5631313131313131,5,6,2
17,1.5630761395467276,5,6,2
18,1.5585453100158984,5,7,2
19,1.5175470925470926,5,7,2
20,1.5175470925470926,5,7,2
21,1.5145104895104895,5,8,2
22,1.503891808507857,5,10,2
23,1.4646572827417381,5,7,2
24,1.4462940212940212,5,6,2
25,1.4402927580893683,5,9,2
26,1.4402927580893683,5,9,2
27,1.4347511312217196,5,7,2
28,1.3904751525719268,5,6,2
29,1.3695510026155189,5,7,2
30,1.3653846153846154,5,9,2
31,1.3653846153846154,5,9,2
32,1.3396572827417381,5,7,2
33,1.3288770053475938,5,8,2
34,1.3288770053475938,5,8,2
35,1.3288770053475938,5,8,2
36,1.3068181818181819,5,8,2
37,1.2841555977229602,5,6,2
38,1.2466502795450163,5,9,2
39,1.2338032428607704,5,7,2
40,1.2097711927981996,5,8,2
41,1.147535505430242,5,10,2
