,mq,No. Clus,Max clus,Min clus
0,1.349206349206349,3,5,4
1,1.349206349206349,3,5,4
2,1.349206349206349,3,5,4
3,1.349206349206349,3,5,4
4,1.349206349206349,3,5,4
5,1.349206349206349,3,5,4
6,1.349206349206349,3,5,4
7,1.349206349206349,3,5,4
8,1.349206349206349,3,5,4
9,1.349206349206349,3,5,4
10,1.349206349206349,3,5,4
11,1.349206349206349,3,5,4
12,1.2323232323232323,3,5,4
13,1.2323232323232323,3,5,4
14,1.2323232323232323,3,5,4
15,1.2323232323232323,3,5,4
16,1.2323232323232323,3,5,4
17,1.2323232323232323,3,5,4
18,1.2323232323232323,3,5,4
19,1.0105263157894737,3,5,3
20,0.9878787878787878,3,5,4
21,0.9878787878787878,3,5,4
22,0.9878787878787878,3,5,4
23,0.9878787878787878,3,5,4
24,0.9878787878787878,3,5,4
25,0.9878787878787878,3,5,4
