,mq,No. Clus,Max clus,Min clus
0,2.0320657286801262,6,7,2
1,2.0166480862133036,7,7,2
2,1.8013568557046817,10,3,2
3,1.8013568557046817,10,3,2
4,1.7387727448703059,9,5,2
5,1.7541903873371287,8,7,2
6,1.7331501831501832,9,3,2
7,1.7021427082402691,9,3,2
8,1.7102013162988774,9,5,2
9,1.695509486389656,10,3,2
10,1.6777888777888779,9,3,2
11,1.6750549450549452,10,3,2
12,1.67656646134907,9,3,2
13,1.656351860699687,9,4,2
14,1.6437860322365343,9,3,2
15,1.5805989501641675,11,3,2
16,1.5850591962356668,10,3,2
17,1.5564365625341234,9,3,2
18,1.5331111442876149,10,3,2
19,1.5405415240363456,6,8,2
20,1.5032600732600732,9,4,2
21,1.4969127530103141,10,3,2
22,1.5281118252816368,5,10,2
23,1.4951177646829823,9,4,2
24,1.47803333920981,11,3,2
25,1.4716230827995533,10,3,2
26,1.4771903055899358,8,5,2
27,1.4174061082862779,8,7,2
28,1.3647295259059966,9,4,2
29,1.316106109130461,6,7,2
30,1.2703682282629651,8,5,2
31,1.2512817531999119,11,3,2
32,1.2681815200996787,7,10,2
33,1.265224358974359,5,10,2
34,1.2433384445012352,7,7,2
35,1.2139693576830177,9,4,1
36,1.2162393162393164,4,10,2
37,1.191480182360352,7,9,2
38,1.1777263477263475,8,8,2
39,1.188974358974359,7,10,2
40,1.1222772413484488,9,5,2
41,1.0453976014951625,10,3,1
42,1.0744720965309202,5,14,2
43,1.0241826289652378,11,3,1
44,0.9954326066090773,11,3,2
45,1.0059501901607164,5,7,2
46,0.988221600560862,9,7,2
47,0.9508589631982245,9,7,2
