,mq,No. Clus,Max clus,Min clus
0,2.081168831168831,6,6,2
1,2.081168831168831,6,6,2
2,2.081168831168831,6,6,2
3,2.081168831168831,6,6,2
4,2.081168831168831,6,6,2
5,2.081168831168831,6,6,2
6,2.081168831168831,6,6,2
7,2.0367243867243867,7,3,2
8,2.0367243867243867,7,3,2
9,2.0367243867243867,7,3,2
10,2.0367243867243867,7,3,2
11,2.0367243867243867,7,3,2
12,2.0367243867243867,7,3,2
13,2.0367243867243867,7,3,2
14,2.0367243867243867,7,3,2
15,2.0367243867243867,7,3,2
16,2.0367243867243867,7,3,2
17,2.0367243867243867,7,3,2
18,2.0202713952713953,7,3,2
19,2.0202713952713953,7,3,2
20,2.0202713952713953,7,3,2
21,2.0202713952713953,7,3,2
22,2.0202713952713953,7,3,2
23,1.9665071770334928,5,6,2
24,1.8476911976911978,7,4,2
25,1.799343434343434,6,6,2
26,1.7843434343434341,7,4,2
27,1.7499934276250066,7,4,2
28,1.728843736908253,6,4,3
29,1.7195286195286197,7,4,2
30,1.6958376872169976,6,6,2
31,1.6928904428904428,6,6,2
32,1.6928904428904428,6,6,2
33,1.642072902942468,5,8,1
34,1.6287878787878787,4,12,2
35,1.6070389878439415,4,9,3
36,1.4808113235079527,3,14,3
37,1.4497835497835498,7,3,2
38,1.4497835497835498,7,3,2
39,1.3932806324110671,3,15,2
40,1.375733137829912,6,6,2
41,1.1856060606060606,7,4,2
