,mq,No. Clus,Max clus,Min clus
0,2.2182050685887003,5,6,3
1,2.2182050685887003,5,6,3
2,2.2182050685887003,5,6,3
3,2.2182050685887003,5,6,3
4,2.2182050685887003,5,6,3
5,2.2182050685887003,5,6,3
6,2.2182050685887003,5,6,3
7,2.2182050685887003,5,6,3
8,2.2182050685887003,5,6,3
9,2.2182050685887003,5,6,3
10,2.2182050685887003,5,6,3
11,2.2182050685887003,5,6,3
12,2.2182050685887003,5,6,3
13,2.2182050685887003,5,6,3
14,2.2182050685887003,5,6,3
15,2.2182050685887003,5,6,3
16,2.150621336531284,5,6,3
17,2.115252465636097,5,6,2
18,2.115252465636097,5,6,2
19,2.115252465636097,5,6,2
20,2.086452762923351,5,6,3
21,2.086452762923351,5,6,3
22,2.086452762923351,5,6,3
23,2.086452762923351,5,6,3
24,2.071841432225064,5,6,2
25,2.071841432225064,5,6,2
26,2.066250742721331,5,6,2
27,2.0606060606060606,5,5,3
28,2.0409982174688057,5,6,2
29,2.0409982174688057,5,6,2
30,2.035687586071218,5,6,2
31,1.9963713467549784,5,6,2
32,1.9963713467549784,5,6,2
33,1.9963713467549784,5,6,2
34,1.9526143790849675,5,6,2
35,1.9468414322250638,5,6,3
36,1.8637254901960785,5,6,3
37,1.833169934640523,5,6,2
38,1.806060606060606,5,7,2
39,1.7327485380116958,5,5,3
40,1.6560606060606062,5,5,3
41,1.6167443667443666,5,5,3
