,mq,No. Clus,Max clus,Min clus
0,1.4099511599511598,4,5,2
1,1.4099511599511598,4,5,2
2,1.4099511599511598,4,5,2
3,1.323671497584541,4,5,2
4,1.323671497584541,4,5,2
5,1.323671497584541,4,5,2
6,1.3140096618357489,4,5,2
7,1.3140096618357489,4,5,2
8,1.3140096618357489,4,5,2
9,1.2668168168168168,4,7,2
10,1.2668168168168168,4,7,2
11,1.2510992275698158,4,7,2
12,1.238888888888889,4,6,2
13,1.144949494949495,4,6,2
14,1.143279340721796,4,5,2
15,1.143279340721796,4,5,2
16,1.144949494949495,4,6,2
17,1.113888888888889,4,6,2
18,1.113888888888889,4,6,2
19,1.0911217437533227,4,6,2
20,1.0911217437533227,4,6,2
21,1.051388888888889,4,6,2
22,1.051388888888889,4,6,2
23,1.051388888888889,4,6,2
24,1.051388888888889,4,6,2
25,0.9972027972027973,4,7,2
26,0.981453634085213,4,5,2
27,0.981453634085213,4,5,2
