,mq,No. Clus,Max clus,Min clus
0,2.101449275362319,7,4,2
1,2.0317460317460316,8,4,2
2,1.991774092157724,6,6,2
3,1.9659843424549304,7,6,2
4,1.9285714285714284,7,4,2
5,1.9257745522451404,8,6,2
6,1.9251157907168137,7,6,2
7,1.9251157907168137,7,6,2
8,1.8892420445052025,9,3,2
9,1.8492285492285492,9,3,2
10,1.8341750841750843,6,5,2
11,1.8125668449197863,8,4,2
12,1.8090187590187592,10,2,2
13,1.8090187590187592,10,2,2
14,1.8090187590187592,10,2,2
15,1.8090187590187592,10,2,2
16,1.8072296124927703,7,5,2
17,1.8015595515595517,9,4,2
18,1.7867965367965366,8,4,2
19,1.7775728619206879,7,4,2
20,1.757767112114938,6,7,2
21,1.7541679250981574,7,8,2
22,1.7535091635698308,6,8,2
23,1.7307486631016042,7,4,2
24,1.7058441558441557,9,4,2
25,1.7058441558441557,9,4,2
26,1.6908825093035618,5,10,2
27,1.6670198222829802,9,3,2
28,1.652260018639329,5,6,2
29,1.6460871170173497,3,10,2
30,1.6131437527989252,8,5,2
31,1.6033910533910536,9,3,2
32,1.5783790283790284,6,9,2
33,1.5765475265475266,5,9,2
34,1.5606622060110433,6,7,2
35,1.5389140609221745,8,5,2
36,1.5147313470842882,8,6,1
37,1.4781968031968031,9,3,2
38,1.4377005347593583,5,12,2
39,1.4339968310556546,4,12,2
40,1.352260018639329,7,6,1
41,1.3401515151515153,4,14,2
