,mq,No. Clus,Max clus,Min clus
0,1.349206349206349,3,5,4
1,1.349206349206349,3,5,4
2,1.349206349206349,3,5,4
3,1.349206349206349,3,5,4
4,1.349206349206349,3,5,4
5,1.349206349206349,3,5,4
6,1.3255411255411256,3,6,3
7,1.3255411255411256,3,6,3
8,1.3255411255411256,3,6,3
9,1.3255411255411256,3,6,3
10,1.2270531400966183,3,5,4
11,1.2270531400966183,3,5,4
12,1.2270531400966183,3,5,4
13,1.2270531400966183,3,5,4
14,1.2270531400966183,3,5,4
15,1.2270531400966183,3,5,4
16,1.2095238095238094,3,5,4
17,1.2095238095238094,3,5,4
18,1.2095238095238094,3,5,4
19,1.2095238095238094,3,5,4
20,1.2095238095238094,3,5,4
21,1.1228260869565219,3,5,3
22,1.0952380952380951,3,6,3
23,1.0952380952380951,3,6,3
24,1.0870406189555126,3,7,3
25,1.0888888888888888,3,7,2
26,1.0516129032258064,3,6,3
27,1.0516129032258064,3,6,3
