,mq,No. Clus,Max clus,Min clus
0,2.1600127323656735,7,6,2
1,1.9177808901338311,10,5,1
2,1.9066678845451221,9,4,1
3,1.8757841594544977,8,5,1
4,1.870302878701092,9,6,1
5,1.8364726264726265,10,5,1
6,1.835600056457035,10,4,1
7,1.8128005873907511,9,6,1
8,1.7831051878877966,10,6,1
9,1.7548210327070894,10,4,1
10,1.7322645079899075,8,4,2
11,1.7191023329171995,10,4,1
12,1.7054946466711172,9,5,1
13,1.703453612348515,8,4,2
14,1.703453612348515,8,4,2
15,1.6989880880607717,9,5,1
16,1.6902706308366686,8,5,1
17,1.679628356310379,9,5,1
18,1.6692762905601608,9,6,1
19,1.664691977918722,8,6,1
20,1.649722367935342,10,5,1
21,1.6459719138491513,10,4,1
22,1.6444518125552607,9,6,1
23,1.6165457599435733,9,4,1
24,1.5891328078019191,8,6,1
25,1.5293084699547177,10,4,1
26,1.5265110488639897,7,6,2
27,1.5002921645875804,10,4,1
28,1.4880344363102984,8,6,1
29,1.4476505445467922,8,6,1
30,1.3337237073407286,9,5,1
31,1.319154440330911,8,6,1
32,1.2853951949525844,9,4,1
33,1.2798134224450013,7,6,2
34,1.2704274934906212,7,11,1
35,1.2252175507989462,7,9,1
36,1.2251792917974003,4,12,1
37,1.176626729008377,7,8,1
38,1.1359916999451882,4,11,2
39,1.116658756525866,10,5,1
40,1.1267739610802026,4,15,2
41,1.098545557441992,8,5,1
42,1.0749531407197752,8,6,1
43,1.0576098365572049,8,6,1
44,1.057350618583838,5,15,1
45,0.9843304843304843,6,12,2
46,0.9830542264752791,4,17,2
47,0.9830542264752791,4,17,2
48,0.9581984103620842,3,18,2
49,0.9463805738702934,3,18,3
