,mq,No. Clus,Max clus,Min clus
0,1.7654261863267307,9,10,1
1,1.7654261863267307,9,10,1
2,1.7654261863267307,9,10,1
3,1.7654261863267307,9,10,1
4,1.599414677463458,12,4,1
5,1.5461166890948304,13,3,1
6,1.5335481497390506,14,3,1
7,1.446881703485477,13,5,1
8,1.4435897460132465,10,4,1
9,1.3502148164057173,14,3,1
10,1.3476507138416147,11,4,1
11,1.3455555938314558,14,3,1
12,1.3414003114286364,13,4,1
13,1.317990514841283,13,4,1
14,1.3075427266830029,12,4,1
15,1.3113530731882572,10,4,1
16,1.3075427266830029,12,4,1
17,1.3075427266830029,12,4,1
18,1.292725696355872,13,3,1
19,1.287203409878416,12,4,1
20,1.2102603094923208,9,4,2
21,1.1848625629113434,12,4,1
22,1.186851982752527,9,10,1
23,1.1924947410564484,7,10,1
24,1.1733747733747733,14,4,1
25,1.1192972918554316,5,10,2
26,1.1159702052432843,13,6,1
27,1.075858624134486,12,7,1
28,1.0827940408282664,4,20,2
29,1.0342645098459051,11,4,1
30,1.0307900566610724,6,11,2
31,1.009403241447154,12,4,1
32,1.001533664415312,14,3,1
33,0.9986746423048182,7,12,1
34,0.965781076938459,11,4,1
35,0.9897154431703094,3,13,4
36,0.960716927504998,6,17,2
37,0.9643180349062701,4,23,1
38,0.9601512888912853,6,9,2
39,0.9332896339848509,11,10,1
40,0.9563716984769616,4,22,2
41,0.941044896256667,8,10,1
42,0.9316079330929516,8,16,1
43,0.9407066052227342,4,16,1
44,0.922687824069938,9,11,1
45,0.8745526531828289,10,7,1
46,0.882470722337832,6,15,1
47,0.8544027250909523,15,3,1
48,0.8023978789656281,14,4,1
49,0.8712823792772625,5,21,1
50,0.863216011042098,4,19,1
51,0.8698339325457969,4,21,1
52,0.8312610776528394,7,14,1
53,0.8009244224397211,9,10,1
54,0.7873241250523197,7,14,1
55,0.7723730424013673,8,13,1
56,0.7122121551902965,10,12,1
57,0.7045657585478232,10,4,1
