,mq,No. Clus,Max clus,Min clus
0,2.0923634844687475,8,10,2
1,2.0923634844687475,8,10,2
2,1.9821593576673033,9,8,2
3,1.9468165004929707,12,3,2
4,1.9418770289651919,10,4,2
5,1.8833029232295841,11,4,2
6,1.8670546701131805,9,8,2
7,1.838083578215157,11,3,2
8,1.808012777170992,11,3,2
9,1.808012777170992,11,3,2
10,1.8001204326832854,11,4,1
11,1.8001204326832854,11,4,1
12,1.7903160277302153,8,10,2
13,1.7460849667949057,10,4,2
14,1.7248533625998412,11,3,2
15,1.7020305493422456,11,3,2
16,1.66105121359698,12,3,2
17,1.6278612747977923,11,4,2
18,1.626465084211563,10,3,2
19,1.6251428310251839,10,3,2
20,1.621693417942018,7,11,2
21,1.6143498567451062,12,3,2
22,1.6107142857142858,11,4,2
23,1.5881908871270574,11,3,2
24,1.5848057575812213,8,11,2
25,1.5797409828429192,11,4,1
26,1.5761441957914477,11,4,1
27,1.574496702128281,9,7,2
28,1.5089222765439803,11,4,2
29,1.482994652406417,8,8,2
30,1.469779286926995,7,12,2
31,1.455683672119842,11,3,2
32,1.4529645191409897,9,12,1
33,1.4449866241946898,9,7,2
34,1.4259013605442175,11,3,2
35,1.4174890211646027,9,7,2
36,1.4095450443276532,11,4,2
37,1.4109308066950565,10,6,2
38,1.4026731674666593,9,5,2
39,1.3983337142160672,10,3,2
40,1.400949069206494,4,16,2
41,1.3768545831684198,10,6,2
42,1.3737213004860065,10,4,2
43,1.368139661756683,6,10,2
44,1.3353159233238692,12,4,1
45,1.3383019016807387,8,9,2
46,1.3236336131911353,8,11,1
47,1.3225641025641024,6,15,2
48,1.3104232103065798,6,10,2
49,1.3142082849399923,3,24,2
50,1.3074926115945922,7,16,1
51,1.2882386715253369,11,5,2
52,1.2502117338945982,12,3,1
53,1.2455348714939507,10,7,2
54,1.2401656218353132,9,5,2
55,1.2216396164222252,5,20,2
56,1.2070703764320785,6,13,2
57,1.195956225275597,4,16,4
58,1.1466875233816176,8,9,2
59,1.1373527905785972,3,20,2
