,mq,No. Clus,Max clus,Min clus
0,1.7102535146013407,8,4,1
1,1.7102535146013407,8,4,1
2,1.7102535146013407,8,4,1
3,1.6850434305677273,7,4,1
4,1.6769201812680072,7,4,1
5,1.6517100972343939,6,4,3
6,1.6517100972343939,6,4,3
7,1.6517100972343939,6,4,3
8,1.6447989691467952,7,5,1
9,1.5314656358134617,7,3,2
10,1.5314656358134617,7,3,2
11,1.5576069741499223,6,6,2
12,1.5314656358134617,7,3,2
13,1.5314656358134617,7,3,2
14,1.5314656358134617,7,3,2
15,1.5314656358134617,7,3,2
16,1.4805884428310057,8,4,1
17,1.4800900249176112,6,4,3
18,1.464798969146795,7,3,2
19,1.464798969146795,7,3,2
20,1.4501469544947807,5,8,3
21,1.4501469544947807,5,8,3
22,1.4219418262896526,8,4,1
23,1.400696405044231,8,3,1
24,1.388608492956319,7,3,2
25,1.388608492956319,7,4,1
26,1.388608492956319,7,4,1
27,1.3346354794630657,6,4,3
28,1.3340297383775643,8,3,1
29,1.3005521048999311,7,4,2
30,1.3316051764327628,6,7,1
31,1.2815850815850816,7,3,2
32,1.3101565101565102,6,6,2
33,1.2982718430994293,5,7,3
34,1.294241390793115,6,6,1
35,1.2578392621870882,8,4,1
36,1.2110722610722613,8,3,1
37,0.9999779668952602,5,9,2
38,0.9523378582202112,4,12,2
39,0.7993464052287582,4,12,2
