,mq,No. Clus,Max clus,Min clus
0,2.0029733424470266,4,6,4
1,2.0029733424470266,4,6,4
2,2.0029733424470266,4,6,4
3,2.0029733424470266,4,6,4
4,2.0029733424470266,4,6,4
5,2.0029733424470266,4,6,4
6,2.0029733424470266,4,6,4
7,2.0029733424470266,4,6,4
8,2.0029733424470266,4,6,4
9,2.0029733424470266,4,6,4
10,2.0029733424470266,4,6,4
11,2.0029733424470266,4,6,4
12,2.0029733424470266,4,6,4
13,2.0029733424470266,4,6,4
14,2.0029733424470266,4,6,4
15,2.0029733424470266,4,6,4
16,2.0029733424470266,4,6,4
17,1.9287878787878787,4,7,3
18,1.9287878787878787,4,7,3
19,1.9287878787878787,4,7,3
20,1.9287878787878787,4,7,3
21,1.9066429286747524,4,7,3
22,1.9066429286747524,4,7,3
23,1.9066429286747524,4,7,3
24,1.8991854636591479,4,6,4
25,1.8991854636591479,4,6,4
26,1.8100079744816586,4,6,3
27,1.8100079744816586,4,6,3
28,1.8100079744816586,4,6,3
29,1.8016674146705107,4,6,4
30,1.79480864599341,4,6,4
31,1.7537494763301213,4,7,4
32,1.74097945398255,4,6,3
33,1.74097945398255,4,6,3
34,1.7364455364455365,4,7,4
35,1.6383016208597605,4,7,4
36,1.6383016208597605,4,7,4
37,1.6383016208597605,4,7,4
38,1.6383016208597605,4,7,4
39,1.6383016208597605,4,7,4
40,1.6041501976284585,4,8,2
41,1.5625024312444082,4,6,3
