,mq,No. Clus,Max clus,Min clus
0,2.1661929308988133,5,6,2
1,2.007575757575758,5,4,4
2,1.9641385184863445,7,4,2
3,1.9493006993006992,6,4,2
4,1.8839712918660287,6,4,2
5,1.8521929824561403,5,5,3
6,1.8477133977133977,7,4,2
7,1.8477133977133977,7,4,2
8,1.8445937637241985,6,4,2
9,1.81993561993562,9,4,2
10,1.81993561993562,9,4,2
11,1.8238957464963654,5,5,3
12,1.800392156862745,5,6,2
13,1.7753854332801702,7,4,2
14,1.7506379585326954,6,4,2
15,1.7272927416580668,5,6,3
16,1.7266214177978882,7,5,2
17,1.7271929824561403,4,9,3
18,1.7229215229215231,7,5,2
19,1.7160705651417725,7,4,2
20,1.7098803157626685,6,5,2
21,1.6980173537742211,3,10,5
22,1.6794404375049536,4,7,4
23,1.6727752639517346,4,9,2
24,1.6701298701298701,7,4,2
25,1.6369458560762908,8,4,2
26,1.5916167166167166,6,5,2
27,1.5751031991744067,6,5,2
28,1.5640217969165338,7,4,2
29,1.561244019138756,6,5,2
30,1.5485216537848114,7,4,2
31,1.5330642991659942,6,10,2
32,1.5163398692810457,4,12,2
33,1.4953917050691246,3,11,4
34,1.478908188585608,3,11,4
35,1.471792529857046,6,7,2
36,1.4409274935590726,6,5,2
37,1.432028594866987,4,9,2
38,1.431039136302294,7,5,1
39,1.4229767968307867,6,5,2
40,1.3946803946803947,3,11,2
41,1.3263528539659006,3,13,3
