,mq,No. Clus,Max clus,Min clus
0,2.1577225342671564,7,4,2
1,2.0137692716640085,6,4,3
2,1.9968253968253968,7,4,2
3,1.9942499707945933,6,7,2
4,1.9838094907888957,7,4,2
5,1.9821723060853498,7,5,2
6,1.9417508417508416,5,6,3
7,1.8566391468868249,7,5,2
8,1.850475088091187,6,5,2
9,1.8255344325138374,7,5,2
10,1.807895492880013,8,4,2
11,1.8017314340843753,7,5,2
12,1.801532999164578,6,5,2
13,1.7924426450742241,6,5,2
14,1.7630775657091449,9,3,2
15,1.765445253061352,6,5,2
16,1.7610802653247475,5,7,2
17,1.7566264145211514,7,4,2
18,1.7435204435204437,4,7,3
19,1.7183421451547307,4,8,3
20,1.7167015990545402,7,4,2
21,1.691796696041178,6,6,2
22,1.6915640259293512,6,6,2
23,1.6739682539682539,7,5,2
24,1.6412777705222528,7,6,2
25,1.63672203765227,5,8,2
26,1.619481981981982,3,7,6
27,1.5753753753753754,5,7,2
28,1.5736758563074353,7,6,2
29,1.5753753753753754,5,7,2
30,1.5708209918736236,7,4,1
31,1.5561760786273529,7,4,2
32,1.5385110211426003,7,5,2
33,1.5043775190326913,7,5,1
34,1.4798156477316897,4,9,2
35,1.4626984126984128,5,8,2
36,1.3434098065677014,6,7,2
37,1.3362207784996392,7,5,1
38,1.3162462059013784,8,5,2
39,1.222179487179487,4,12,2
40,1.1804162021553326,3,16,2
41,1.0477855477855478,3,15,2
