,mq,No. Clus,Max clus,Min clus
0,1.9637564116555715,4,8,3
1,1.9637564116555715,4,8,3
2,1.9637564116555715,4,8,3
3,1.9637564116555715,4,8,3
4,1.9637564116555715,4,8,3
5,1.9637564116555715,4,8,3
6,1.9637564116555715,4,8,3
7,1.9637564116555715,4,8,3
8,1.9637564116555715,4,8,3
9,1.9637564116555715,4,8,3
10,1.9637564116555715,4,8,3
11,1.9637564116555715,4,8,3
12,1.9637564116555715,4,8,3
13,1.9637564116555715,4,8,3
14,1.9637564116555715,4,8,3
15,1.9637564116555715,4,8,3
16,1.9637564116555715,4,8,3
17,1.9637564116555715,4,8,3
18,1.9637564116555715,4,8,3
19,1.9637564116555715,4,8,3
20,1.9637564116555715,4,8,3
21,1.9637564116555715,4,8,3
22,1.9637564116555715,4,8,3
23,1.8802604045570797,4,7,3
24,1.848157724628313,4,7,3
25,1.848157724628313,4,7,3
26,1.848157724628313,4,7,3
27,1.848157724628313,4,7,3
28,1.848157724628313,4,7,3
29,1.848157724628313,4,7,3
30,1.8359477124183008,4,9,2
31,1.7353705118411002,4,9,2
32,1.7353705118411002,4,9,2
33,1.7344322344322345,4,7,4
34,1.7353705118411002,4,9,2
35,1.6669266104048712,4,7,3
36,1.6669266104048712,4,7,3
37,1.55566534914361,4,8,2
38,1.5131219309718298,4,7,2
39,1.4857142857142858,4,8,3
40,1.4857142857142858,4,8,3
41,1.3898726312519416,4,7,3
