,mq,No. Clus,Max clus,Min clus
0,1.1886363636363637,4,4,2
1,1.1886363636363637,4,4,2
2,1.1264069264069265,4,5,2
3,1.1264069264069265,4,5,2
4,1.1272727272727274,3,8,2
5,1.1261363636363637,3,7,2
6,1.0901098901098902,3,6,2
7,1.0785714285714285,3,5,4
8,1.0785714285714285,4,5,2
9,1.0289473684210526,3,7,2
10,0.9815126050420169,4,5,2
11,0.9777777777777776,5,4,2
12,0.961111111111111,5,4,2
13,0.9361111111111111,5,4,2
14,0.9361111111111111,5,4,2
15,0.9361111111111111,5,4,2
16,0.9205882352941177,4,5,2
17,0.923404255319149,3,9,2
18,0.892063492063492,5,5,1
19,0.8643410852713178,3,8,2
20,0.8333333333333333,3,8,2
21,0.8333333333333333,3,8,2
22,0.8029411764705883,5,3,2
23,0.816468253968254,3,7,2
24,0.7853658536585366,4,6,2
25,0.7458937198067632,5,4,2
26,0.7458937198067632,5,4,2
27,0.7458937198067632,5,4,2
