,mq,No. Clus,Max clus,Min clus
0,1.369191919191919,5,3,2
1,1.369191919191919,5,3,2
2,1.369191919191919,5,3,2
3,1.369191919191919,5,3,2
4,1.369191919191919,5,3,2
5,1.369191919191919,5,3,2
6,1.369191919191919,5,3,2
7,1.369191919191919,5,3,2
8,1.369191919191919,5,3,2
9,1.3031746031746032,5,4,2
10,1.3131313131313131,3,8,2
11,1.2287157287157287,5,3,2
12,1.2525252525252526,4,5,2
13,1.2525252525252526,4,5,2
14,1.2287157287157287,5,3,2
15,1.2287157287157287,5,3,2
16,1.2525252525252526,4,6,2
17,1.2525252525252526,4,6,2
18,1.1191919191919193,5,3,2
19,1.1585617447686414,3,6,2
20,1.1585617447686414,3,6,2
21,1.1055555555555556,5,3,2
22,1.0953823953823953,6,3,2
23,1.1055555555555556,5,3,2
24,1.05,5,3,2
25,0.9939393939393939,3,8,2
