,mq,No. Clus,Max clus,Min clus
0,1.3869047619047619,5,3,2
1,1.3869047619047619,5,3,2
2,1.2916666666666665,4,6,2
3,1.225373482726424,5,4,2
4,1.225373482726424,5,4,2
5,1.2202380952380951,5,4,2
6,1.2202380952380951,5,4,2
7,1.2083333333333333,3,8,2
8,1.1671122994652405,4,6,2
9,1.1609730848861284,5,4,2
10,1.1572871572871573,4,5,2
11,1.1572871572871573,4,5,2
12,1.1572871572871573,4,5,2
13,1.1463210702341138,4,5,2
14,1.1394927536231885,5,4,2
15,1.142929292929293,3,9,2
16,1.134782608695652,5,4,2
17,1.132936507936508,6,3,1
18,1.1317523056653491,4,4,2
19,1.1275252525252526,5,4,2
20,1.081841432225064,3,7,2
21,1.081841432225064,3,7,2
22,1.0514492753623188,4,5,2
23,1.020496894409938,4,4,2
24,1.0083333333333333,5,3,2
25,1.006787330316742,5,3,2
26,0.9976076555023923,5,4,2
27,0.9976076555023923,5,4,2
