,mq,No. Clus,Max clus,Min clus
0,2.035120474522097,7,6,2
1,2.035120474522097,7,6,2
2,1.8896931881652757,8,4,2
3,1.798953045954545,8,3,3
4,1.8015729481246723,8,4,2
5,1.798953045954545,8,3,3
6,1.798953045954545,8,3,3
7,1.798953045954545,8,3,3
8,1.798953045954545,8,3,3
9,1.798953045954545,8,3,3
10,1.798953045954545,8,3,3
11,1.798953045954545,8,3,3
12,1.798953045954545,8,3,3
13,1.798953045954545,8,3,3
14,1.798953045954545,8,3,3
15,1.798953045954545,8,3,3
16,1.798953045954545,8,3,3
17,1.798953045954545,8,3,3
18,1.798953045954545,8,3,3
19,1.798953045954545,8,3,3
20,1.798953045954545,8,3,3
21,1.798953045954545,8,3,3
22,1.798953045954545,8,3,3
23,1.798953045954545,8,3,3
24,1.798953045954545,8,3,3
25,1.798953045954545,8,3,3
26,1.798953045954545,8,3,3
27,1.798953045954545,8,3,3
28,1.742634364635864,9,3,1
29,1.7020903836941572,8,4,2
30,1.5643489403826978,8,4,2
31,1.3489530459545451,7,6,3
32,1.3489530459545451,7,6,3
33,1.3489530459545451,7,6,3
34,1.3489530459545451,7,6,3
35,1.3489530459545451,7,6,3
36,1.3489530459545451,7,6,3
37,1.3316217116217117,6,6,3
38,1.237937501095396,5,12,3
39,1.205828049748195,7,5,3
40,1.237937501095396,5,12,3
41,1.237937501095396,5,12,3
42,1.237937501095396,5,12,3
43,1.198846573846574,7,7,2
44,1.19675092277832,3,11,3
45,1.19675092277832,3,11,3
46,1.1859270672829996,3,12,3
47,1.166105499438833,3,18,3
