,mq,No. Clus,Max clus,Min clus
0,1.7241241518427022,9,8,2
1,1.7218732514825579,10,8,2
2,1.66492779645489,9,7,2
3,1.5643297439488895,12,5,2
4,1.5643297439488895,12,5,2
5,1.5643297439488895,12,5,2
6,1.5643297439488895,12,5,2
7,1.5643297439488895,12,5,2
8,1.5643297439488895,12,5,2
9,1.5643297439488895,12,5,2
10,1.5643297439488895,12,5,2
11,1.5643297439488895,12,5,2
12,1.5643297439488895,12,5,2
13,1.5605315813271976,12,4,2
14,1.5437813921978463,12,4,2
15,1.5437813921978463,12,4,2
16,1.5437813921978463,12,4,2
17,1.5437813921978463,12,4,2
18,1.53952862190734,12,4,2
19,1.53952862190734,12,4,2
20,1.4885252055983762,12,5,2
21,1.4583905254636962,11,5,2
22,1.423733444534867,11,4,2
23,1.4058412229143937,12,4,2
24,1.4058412229143937,12,4,2
25,1.3927150945540352,5,16,2
26,1.3895034208467045,11,4,2
27,1.3713278411524352,12,4,2
28,1.3713278411524352,12,4,2
29,1.3475445683401845,12,4,2
30,1.3475445683401845,12,4,2
31,1.3475445683401845,12,4,2
32,1.3390929118155057,11,6,2
33,1.337219153395624,6,19,2
34,1.337219153395624,6,19,2
35,1.3266688562088076,8,13,2
36,1.333048844537815,5,21,2
37,1.3266688562088076,8,13,2
38,1.3047324657186876,7,15,2
39,1.288913292589763,7,17,2
40,1.2881184431521713,11,5,2
41,1.2881184431521713,11,5,2
42,1.287658901944616,9,9,2
43,1.2871070849736963,10,11,2
44,1.2832484021124992,10,7,2
45,1.2745106798191448,12,4,2
46,1.2701914144384983,10,5,2
47,1.268001194491764,6,11,2
48,1.2532630053364215,7,11,2
49,1.2316397487129196,11,5,2
50,1.2142112350068512,13,4,1
51,1.2097928964556455,7,16,2
52,1.1672816728167281,3,23,3
53,1.1222657171793013,10,8,2
54,1.1127626526297623,4,18,2
55,1.0950378097919082,10,6,2
56,1.1056016242999682,6,16,2
57,1.0386605346363897,4,12,2
58,0.9706735928202126,7,16,2
59,0.9301883354968004,13,4,1
