,mq,No. Clus,Max clus,Min clus
0,1.8770923520923521,7,5,1
1,1.8770923520923521,7,5,1
2,1.751528442317916,6,5,2
3,1.7138719124013242,5,5,3
4,1.663763687293099,6,6,2
5,1.6604465709728866,7,4,2
6,1.653102453102453,8,4,2
7,1.5915071770334928,6,5,1
8,1.547465400096979,7,4,2
9,1.55474247115114,4,9,3
10,1.5409812409812411,5,8,2
11,1.539105339105339,7,6,1
12,1.5183452168746285,7,4,2
13,1.5183452168746285,7,4,2
14,1.5147546897546897,8,5,1
15,1.5035914060513602,6,5,2
16,1.4553960659223817,5,8,1
17,1.443711626064567,7,4,2
18,1.4276292335115865,8,4,2
19,1.4167218746166115,7,4,1
20,1.4139610389610389,5,6,3
21,1.4061086714295077,3,13,3
22,1.3969102792632204,4,8,3
23,1.3799736495388668,5,8,2
24,1.3654623154623153,7,6,2
25,1.3388611388611389,7,4,2
26,1.336779560308972,5,8,3
27,1.336779560308972,6,8,2
28,1.3156288156288156,8,4,1
29,1.307486631016043,6,7,2
30,1.3069487983281087,6,6,1
31,1.3035714285714286,6,5,2
32,1.2963755199049318,6,8,1
33,1.2925407925407923,7,4,2
34,1.2689393939393938,7,4,2
35,1.1948051948051948,7,4,2
36,1.1897546897546898,6,7,2
37,1.1806100217864923,7,4,2
38,1.1597317569285532,8,4,2
39,1.14010989010989,7,4,1
40,1.0684848484848484,4,14,2
41,0.9341085271317829,3,16,2
