,mq,No. Clus,Max clus,Min clus
0,1.349206349206349,3,5,4
1,1.349206349206349,3,5,4
2,1.349206349206349,3,5,4
3,1.349206349206349,3,5,4
4,1.349206349206349,3,5,4
5,1.349206349206349,3,5,4
6,1.349206349206349,3,5,4
7,1.349206349206349,3,5,4
8,1.349206349206349,3,5,4
9,1.349206349206349,3,5,4
10,1.349206349206349,3,5,4
11,1.349206349206349,3,5,4
12,1.349206349206349,3,5,4
13,1.3255411255411256,3,6,3
14,1.3255411255411256,3,6,3
15,1.3255411255411256,3,6,3
16,1.3255411255411256,3,6,3
17,1.15015015015015,3,7,2
18,1.1085714285714285,3,6,2
19,1.1047619047619048,3,5,3
20,1.0915750915750917,3,7,2
21,1.0714285714285714,3,5,3
22,1.0714285714285714,3,5,3
23,1.0633540372670807,3,6,3
24,0.9619047619047618,3,6,2
25,0.9619047619047618,3,6,2
26,0.9147869674185463,3,5,4
27,0.9147869674185463,3,5,4
