,mq,No. Clus,Max clus,Min clus
0,2.314461753080679,5,5,3
1,2.0294117647058822,5,6,3
2,1.9802232854864432,6,4,3
3,1.8395421163903416,5,7,3
4,1.8412274000509294,4,9,3
5,1.772153110047847,6,5,2
6,1.7677375256322625,6,5,2
7,1.770040304523063,4,10,3
8,1.7542297052278903,5,5,3
9,1.6990794016110473,3,13,3
10,1.6990794016110473,3,13,3
11,1.6661442006269593,6,4,2
12,1.6530420483908856,4,9,3
13,1.638032498902064,4,8,3
14,1.6303043705520486,7,4,1
15,1.6177375256322624,6,4,3
16,1.6138702817650186,5,6,3
17,1.6053517632465,4,8,3
18,1.5937115516062883,4,9,3
19,1.5779220779220777,5,6,3
20,1.5854430379746836,4,13,1
21,1.5683147262094632,7,5,1
22,1.5312044934470563,7,5,1
23,1.5291055922634869,6,5,2
24,1.522282980177717,6,4,3
25,1.5093921672869042,5,5,3
26,1.5082927978495264,6,5,3
27,1.5127591706539074,3,14,3
28,1.5033623910336238,3,12,3
29,1.499033680457829,7,5,1
30,1.4903331962155493,3,9,3
31,1.4541125541125541,6,4,2
32,1.447042957042957,6,4,2
33,1.43692241564582,3,15,2
34,1.4028120807068176,6,4,2
35,1.3744258373205742,5,7,2
36,1.3632520325203252,4,8,3
37,1.3265127657374256,6,4,3
38,1.2833333333333332,3,13,3
39,1.2101349630761395,7,4,1
40,1.183366708385482,5,5,3
41,0.9654731457800512,3,15,2
