,mq,No. Clus,Max clus,Min clus
0,2.1515584754715187,6,5,2
1,2.0013912513912517,6,5,2
2,1.945653479566523,6,7,2
3,1.9235801735801736,7,5,2
4,1.9065656565656566,8,4,2
5,1.9065656565656566,8,4,2
6,1.9058708297838733,6,5,2
7,1.8915827592298182,6,6,2
8,1.8724236659019269,5,7,2
9,1.843596681096681,8,4,2
10,1.7775822150822151,5,7,2
11,1.7674751141175824,6,5,2
12,1.7482142857142855,5,8,2
13,1.7296546546546545,7,5,2
14,1.7176767676767677,7,4,2
15,1.7151121709945238,5,9,2
16,1.6946958270487684,7,5,2
17,1.6649477228424594,7,5,1
18,1.6605339105339105,8,4,2
19,1.6216450216450218,7,5,1
20,1.5946958270487683,8,3,2
21,1.5913770053475935,6,6,2
22,1.5582761760830814,7,4,2
23,1.5480392156862743,6,6,2
24,1.4879243543036649,6,5,2
25,1.4824561403508771,8,3,1
26,1.4831295410242777,8,5,1
27,1.4619580110292185,9,4,1
28,1.4544927536231884,6,6,1
29,1.4174783549783552,9,4,2
30,1.419000933706816,4,12,1
31,1.404929745177423,8,3,1
32,1.4028944911297851,4,9,3
33,1.39375,3,12,3
34,1.3848148148148147,4,10,2
35,1.3842486651411137,4,13,2
36,1.3460526315789472,8,4,1
37,1.3264301014301016,7,5,1
38,1.3027950310559007,4,13,1
39,1.2657715260017048,4,9,3
40,1.2652027027027026,3,14,2
41,1.2063994374120957,3,15,2
