,mq,No. Clus,Max clus,Min clus
0,1.9765782743303268,4,6,4
1,1.9765782743303268,4,6,4
2,1.9765782743303268,4,6,4
3,1.9765782743303268,4,6,4
4,1.9765782743303268,4,6,4
5,1.9765782743303268,4,6,4
6,1.9765782743303268,4,6,4
7,1.9765782743303268,4,6,4
8,1.9765782743303268,4,6,4
9,1.9765782743303268,4,6,4
10,1.9765782743303268,4,6,4
11,1.9765782743303268,4,6,4
12,1.9765782743303268,4,6,4
13,1.9765782743303268,4,6,4
14,1.9765782743303268,4,6,4
15,1.9765782743303268,4,6,4
16,1.9765782743303268,4,6,4
17,1.9765782743303268,4,6,4
18,1.9765782743303268,4,6,4
19,1.9765782743303268,4,6,4
20,1.9765782743303268,4,6,4
21,1.9765782743303268,4,6,4
22,1.9320570333396518,4,7,3
23,1.8895337399173715,4,7,3
24,1.8895337399173715,4,7,3
25,1.8621444625280943,4,6,4
26,1.8621444625280943,4,6,4
27,1.8621444625280943,4,6,4
28,1.852726839723744,4,6,4
29,1.852726839723744,4,6,4
30,1.8300309597523219,4,7,3
31,1.8189792663476874,4,6,4
32,1.8061497326203209,4,6,3
33,1.8061497326203209,4,6,3
34,1.8061497326203209,4,6,3
35,1.7243921492041792,4,7,4
36,1.7243921492041792,4,7,4
37,1.7243921492041792,4,7,4
38,1.7210526315789474,4,7,4
39,1.7210526315789474,4,7,4
40,1.7210526315789474,4,7,4
41,1.7114796273119177,4,7,2
