,mq,No. Clus,Max clus,Min clus
0,2.0676767676767676,6,5,2
1,2.0426767676767676,7,4,2
2,1.9894949494949494,7,4,2
3,1.9032828282828285,7,4,2
4,1.8984459984459983,7,4,2
5,1.8726340326340325,7,4,2
6,1.8726340326340325,7,4,2
7,1.8726340326340325,7,4,2
8,1.8726340326340325,7,4,2
9,1.8751633986928105,7,5,1
10,1.830999930656681,6,4,3
11,1.830999930656681,6,4,3
12,1.7898989898989899,6,4,2
13,1.7401126651126653,7,4,2
14,1.7468008255933951,7,4,1
15,1.7401126651126653,7,4,2
16,1.7332400932400933,7,4,2
17,1.6385177687809267,7,3,2
18,1.6385177687809267,7,3,2
19,1.6730842911877395,5,8,2
20,1.6730842911877395,5,8,2
21,1.6385177687809267,7,3,2
22,1.6385177687809267,7,3,2
23,1.6385177687809267,7,3,2
24,1.6268218623481783,7,3,2
25,1.632748538011696,7,4,2
26,1.6268218623481783,7,3,2
27,1.6268218623481783,7,3,2
28,1.6222222222222222,5,8,2
29,1.5889391654097538,4,8,2
30,1.5219793072424652,6,5,2
31,1.4960526315789473,6,5,3
32,1.502699055330634,6,5,2
33,1.4815789473684209,7,3,2
34,1.3992260061919506,7,3,2
35,1.463888888888889,4,12,2
36,1.3660818713450293,5,8,2
37,1.3660818713450293,5,8,2
38,1.3660818713450293,5,8,2
39,1.2244152046783623,8,3,2
