,mq,No. Clus,Max clus,Min clus
0,2.1238539238539236,8,4,2
1,1.997056538233009,9,4,2
2,1.997056538233009,9,4,2
3,1.997056538233009,9,4,2
4,1.9263272675037384,8,6,2
5,1.9263272675037384,8,6,2
6,1.9263272675037384,8,6,2
7,1.9263272675037384,8,6,2
8,1.9263272675037384,8,6,2
9,1.9263272675037384,8,6,2
10,1.9164904061455785,5,6,2
11,1.8937154348919056,8,4,2
12,1.8832821547217835,9,3,2
13,1.8182686594451303,10,2,2
14,1.8182686594451303,10,2,2
15,1.8182686594451303,10,2,2
16,1.8182686594451303,10,2,2
17,1.8182686594451303,10,2,2
18,1.8182686594451303,10,2,2
19,1.8182686594451303,10,2,2
20,1.8182686594451303,10,2,2
21,1.8182686594451303,10,2,2
22,1.8182686594451303,10,2,2
23,1.8182686594451303,10,2,2
24,1.8182686594451303,10,2,2
25,1.8182686594451303,10,2,2
26,1.8182686594451303,10,2,2
27,1.8182686594451303,10,2,2
28,1.8182686594451303,10,2,2
29,1.8182686594451303,10,2,2
30,1.8182686594451303,10,2,2
31,1.8182686594451303,10,2,2
32,1.8182686594451303,10,2,2
33,1.8182686594451303,10,2,2
34,1.8122485925554983,9,4,2
35,1.7573517985282692,7,8,2
36,1.7213465851037009,7,6,2
37,1.7213465851037009,7,6,2
38,1.4948208284501292,6,10,2
39,1.4948208284501292,6,10,2
40,1.3762440458092633,9,3,2
41,1.1396936396936397,3,16,2
