,mq,No. Clus,Max clus,Min clus
0,1.7871349610480045,3,9,4
1,1.7871349610480045,3,9,4
2,1.7871349610480045,3,9,4
3,1.7871349610480045,3,9,4
4,1.7871349610480045,3,9,4
5,1.7871349610480045,3,9,4
6,1.7871349610480045,3,9,4
7,1.7871349610480045,3,9,4
8,1.7871349610480045,3,9,4
9,1.7871349610480045,3,9,4
10,1.7871349610480045,3,9,4
11,1.7871349610480045,3,9,4
12,1.7871349610480045,3,9,4
13,1.7871349610480045,3,9,4
14,1.7871349610480045,3,9,4
15,1.7871349610480045,3,9,4
16,1.7871349610480045,3,9,4
17,1.7871349610480045,3,9,4
18,1.7871349610480045,3,9,4
19,1.7512127512127513,3,10,3
20,1.7512127512127513,3,10,3
21,1.7512127512127513,3,10,3
22,1.7512127512127513,3,10,3
23,1.7512127512127513,3,10,3
24,1.7353779118485,3,9,5
25,1.7353779118485,3,9,5
26,1.7353779118485,3,9,5
27,1.7353779118485,3,9,5
28,1.682956259426848,3,10,4
29,1.682956259426848,3,10,4
30,1.682956259426848,3,10,4
31,1.682956259426848,3,10,4
32,1.6607150136561901,3,8,5
33,1.6607150136561901,3,8,5
34,1.6607150136561901,3,8,5
35,1.6607150136561901,3,8,5
36,1.6481481481481481,3,9,5
37,1.6481481481481481,3,9,5
38,1.6366722399554137,3,9,3
39,1.6366722399554137,3,9,3
40,1.5668449197860963,3,11,4
41,1.525125398996808,3,8,4
