,mq,No. Clus,Max clus,Min clus
0,1.7871349610480045,3,9,4
1,1.7871349610480045,3,9,4
2,1.7871349610480045,3,9,4
3,1.7871349610480045,3,9,4
4,1.7871349610480045,3,9,4
5,1.7871349610480045,3,9,4
6,1.7871349610480045,3,9,4
7,1.7512127512127513,3,10,3
8,1.7512127512127513,3,10,3
9,1.7512127512127513,3,10,3
10,1.7512127512127513,3,10,3
11,1.7512127512127513,3,10,3
12,1.7512127512127513,3,10,3
13,1.7353779118485,3,9,5
14,1.7279774489076813,3,9,3
15,1.7279774489076813,3,9,3
16,1.7279774489076813,3,9,3
17,1.7092547092547092,3,10,3
18,1.7092547092547092,3,10,3
19,1.7092547092547092,3,10,3
20,1.7092547092547092,3,10,3
21,1.7092547092547092,3,10,3
22,1.7092547092547092,3,10,3
23,1.6910622747804904,3,10,4
24,1.682956259426848,3,10,4
25,1.682956259426848,3,10,4
26,1.6559081767793202,3,9,4
27,1.6559081767793202,3,9,4
28,1.6559081767793202,3,9,4
29,1.6559081767793202,3,9,4
30,1.6559081767793202,3,9,4
31,1.6559081767793202,3,9,4
32,1.6559081767793202,3,9,4
33,1.6559081767793202,3,9,4
34,1.645775085430258,3,8,5
35,1.645775085430258,3,8,5
36,1.6393861892583121,3,8,6
37,1.6366722399554137,3,9,3
38,1.6366722399554137,3,9,3
39,1.6053921568627452,3,8,6
40,1.5767532238120474,3,11,2
41,1.561942192745435,3,9,2
