,mq,No. Clus,Max clus,Min clus
0,1.496831670744714,4,4,2
1,1.496831670744714,4,4,2
2,1.3696969696969696,3,6,3
3,1.3607038123167157,4,5,2
4,1.3311688311688312,4,5,2
5,1.3311688311688312,4,5,2
6,1.3311688311688312,4,5,2
7,1.3311688311688312,4,5,2
8,1.3311688311688312,4,5,2
9,1.3131313131313131,3,8,2
10,1.3001443001443,5,4,1
11,1.2676767676767677,5,5,1
12,1.266770266770267,3,6,3
13,1.2550649350649352,4,4,3
14,1.2550649350649352,4,4,3
15,1.2157842157842158,5,4,1
16,1.187812187812188,4,4,3
17,1.187812187812188,4,4,3
18,1.1780587833219411,4,5,2
19,1.1493506493506493,3,6,3
20,1.1339471339471339,3,6,3
21,1.09321894076885,4,5,1
22,1.0352202145680405,4,4,3
23,1.029176904176904,3,6,3
24,0.9588744588744588,5,4,2
25,0.9507936507936507,5,5,1
26,0.9305555555555556,3,9,2
27,0.9134615384615385,5,4,1
