,mq,No. Clus,Max clus,Min clus
0,2.115289725903537,7,4,2
1,2.115289725903537,7,4,2
2,2.115289725903537,7,4,2
3,2.115289725903537,7,4,2
4,2.000390736004547,7,4,2
5,1.9453907360045468,7,4,2
6,1.9306874923882598,8,3,2
7,1.924951561652329,7,4,2
8,1.8756874923882596,8,4,2
9,1.8756874923882596,8,4,2
10,1.9036800227337312,6,7,2
11,1.8143800643800645,8,4,2
12,1.8100525717533391,7,3,2
13,1.7996031746031749,8,3,2
14,1.764020825721593,7,4,2
15,1.755052571753339,7,4,2
16,1.755052571753339,7,4,2
17,1.755052571753339,7,4,2
18,1.755052571753339,7,4,2
19,1.6825163398692808,7,3,2
20,1.6825163398692808,7,3,2
21,1.6789682539682538,7,3,2
22,1.6808069381598791,7,4,2
23,1.6403933747412007,7,4,2
24,1.6244810744810745,8,3,2
25,1.5925595638713153,7,4,2
26,1.5525362318840579,7,4,2
27,1.5218253968253967,8,4,2
28,1.5004031915796623,7,4,2
29,1.474021592442645,5,10,2
30,1.4214034757513017,8,4,2
31,1.4699338927027714,5,10,2
32,1.414573268921095,5,9,2
33,1.355951152390781,7,3,2
34,1.3923604999119874,4,10,2
35,1.355951152390781,7,3,2
36,1.3308080808080809,4,12,2
37,1.3308080808080809,4,12,2
38,1.3155971479500892,4,12,2
39,1.3076923076923077,3,14,2
