,mq,No. Clus,Max clus,Min clus
0,1.4034632034632035,4,4,2
1,1.4034632034632035,4,4,2
2,1.4034632034632035,4,4,2
3,1.4034632034632035,4,4,2
4,1.4034632034632035,4,4,2
5,1.4034632034632035,4,4,2
6,1.4034632034632035,4,4,2
7,1.309090909090909,5,4,2
8,1.3082251082251082,4,4,2
9,1.3082251082251082,4,4,2
10,1.2791316526610643,4,4,2
11,1.2791316526610643,4,4,2
12,1.1833333333333333,4,5,2
13,1.1835863377609108,3,6,3
14,1.1826839826839826,4,4,2
15,1.1595238095238094,4,4,3
16,1.1255411255411256,3,5,4
17,1.065151515151515,5,3,2
18,1.0747474747474748,4,4,2
19,1.0328407224958949,3,5,4
20,1.0228937728937728,4,4,2
21,1.0210084033613445,4,4,2
22,1.0210084033613445,4,4,2
23,1.0055555555555555,4,4,3
24,1.0055555555555555,4,4,3
25,0.9265993265993266,3,6,3
