,mq,No. Clus,Max clus,Min clus
0,1.887982091448307,8,6,2
1,1.887982091448307,8,6,2
2,1.7588581304000153,10,4,2
3,1.7565041659564984,11,4,2
4,1.7231847971532588,12,3,2
5,1.7141284514745525,11,3,2
6,1.7141284514745525,11,3,2
7,1.7122476472813752,11,3,2
8,1.7122476472813752,11,3,2
9,1.702072314246042,11,4,2
10,1.7037488323933336,10,4,2
11,1.708694202332512,9,5,2
12,1.690970515525919,11,3,2
13,1.690970515525919,11,3,2
14,1.690970515525919,11,3,2
15,1.6710354915023728,12,3,2
16,1.6605090541430452,10,4,2
17,1.6605090541430452,10,4,2
18,1.6268108643472945,10,3,2
19,1.6268108643472945,10,3,2
20,1.6206148840739634,10,5,2
21,1.6100059940533087,11,4,2
22,1.6098862877107134,10,4,2
23,1.5809094254661225,13,3,2
24,1.5809094254661225,13,3,2
25,1.5701704010207846,11,3,2
26,1.5478975146553806,11,3,2
27,1.5477947844427395,11,3,2
28,1.5312889001461576,11,4,2
29,1.4470280912141376,11,3,2
30,1.4446766949673926,11,3,2
31,1.4271983399890376,11,3,2
32,1.4150237972599877,11,4,2
33,1.411226448762879,10,4,2
34,1.4010881602388172,11,3,2
35,1.3980636276121912,11,3,2
36,1.394369725436285,12,3,2
37,1.2584991760356061,9,6,2
38,1.2194987772907684,13,3,1
39,1.2496446480041064,8,8,2
40,1.2301718090151381,11,4,1
41,1.1992516960169612,6,16,2
42,1.1549017304831257,11,3,2
43,1.1665122332700992,8,9,2
44,1.1537856788054786,7,10,2
45,1.1118544246451223,8,8,2
46,1.106078046141471,7,14,2
47,1.1069539156560912,6,18,2
48,1.0811988375636914,3,12,6
49,1.0992790093163634,5,19,2
50,1.026149762797718,11,4,1
51,1.0643596241157216,5,17,2
52,1.032565823170387,6,15,2
53,1.032565823170387,6,15,2
54,1.0598470581521429,4,22,2
55,1.0015670008065445,3,24,2
56,0.9655437021916572,11,4,1
57,0.9701249113620247,3,13,3
