,mq,No. Clus,Max clus,Min clus
0,1.8132746865959204,9,5,2
1,1.6587435459309328,7,7,1
2,1.550916675916676,9,5,1
3,1.4642933751146092,8,5,2
4,1.4369564892036801,8,6,1
5,1.434582754706594,8,6,2
6,1.4309791863451178,7,7,1
7,1.410261573050062,10,5,1
8,1.3982862931004272,9,7,1
9,1.3781208778192804,9,6,1
10,1.3724875813330453,7,7,1
11,1.3592861940319567,9,5,1
12,1.3461121698456164,11,4,2
13,1.3461121698456164,11,4,2
14,1.3471231666883843,10,5,1
15,1.3452289448617476,8,6,1
16,1.3196410388881226,9,4,2
17,1.315587609321625,9,5,1
18,1.2954523199239851,8,6,2
19,1.2970692098599073,7,9,3
20,1.2780174627632257,9,6,1
21,1.2658584169453735,11,5,1
22,1.252475902367165,7,6,2
23,1.2505067260603973,9,6,1
24,1.2323945375467624,7,7,1
25,1.2288699805941186,3,12,8
26,1.219788106630212,6,9,3
27,1.2208577567111472,6,11,1
28,1.217455968625731,8,6,1
29,1.2038231089753335,8,7,1
30,1.1952477408873998,8,6,2
31,1.1891323940659806,7,8,1
32,1.174903936797223,7,9,2
33,1.173647061817489,9,6,2
34,1.173238551002488,6,13,2
35,1.1668605550771354,10,5,1
36,1.1645886470611901,6,7,2
37,1.1549081012238633,8,6,1
38,1.1576475103951438,8,10,1
39,1.1468876067173281,9,5,2
40,1.1462068295306445,6,8,1
41,1.1380131362889983,5,11,1
42,1.1368874593862701,6,6,2
43,1.1274135260712443,3,10,9
44,1.1266164067189615,4,11,5
45,1.0996810207336523,4,11,2
46,1.0964156586447606,7,11,1
47,1.0799111658094724,6,12,1
48,1.0647085166354944,3,12,7
49,1.0647085166354944,3,12,7
50,1.0519394703998144,9,8,1
51,1.0417189477779432,6,8,1
52,1.0403505891475422,6,14,1
53,1.0331411972570919,6,11,1
54,1.008181203515889,5,19,2
55,0.987005649717514,4,19,1
56,0.9779763274279725,4,19,3
57,0.9682164614825644,6,12,1
58,0.9520841485456613,3,19,2
59,0.9226884226884227,3,26,1
