,mq,No. Clus,Max clus,Min clus
0,1.8787878787878787,4,7,3
1,1.8787878787878787,4,7,3
2,1.8787878787878787,4,7,3
3,1.8787878787878787,4,7,3
4,1.8787878787878787,4,7,3
5,1.8787878787878787,4,7,3
6,1.7964968978793863,4,8,3
7,1.7964968978793863,4,8,3
8,1.7878915202444614,4,7,3
9,1.7878915202444614,4,7,3
10,1.782793046746535,4,7,2
11,1.782793046746535,4,7,2
12,1.7340552031089114,4,7,3
13,1.7340552031089114,4,7,3
14,1.7340552031089114,4,7,3
15,1.731621224424059,4,7,3
16,1.731621224424059,4,7,3
17,1.731621224424059,4,7,3
18,1.731621224424059,4,7,3
19,1.729824962383102,4,7,3
20,1.729824962383102,4,7,3
21,1.729824962383102,4,7,3
22,1.729824962383102,4,7,3
23,1.729824962383102,4,7,3
24,1.7015151515151514,4,7,4
25,1.634891808804852,4,8,2
26,1.6302498670919723,4,7,2
27,1.6302498670919723,4,7,2
28,1.6302498670919723,4,7,2
29,1.5962959346417993,4,8,3
30,1.5962959346417993,4,8,3
31,1.5882352941176472,4,7,3
32,1.569218247236823,4,7,3
33,1.569218247236823,4,7,3
34,1.569218247236823,4,7,3
35,1.5536445536445536,4,6,4
36,1.5536445536445536,4,6,4
37,1.5536445536445536,4,6,4
38,1.5391615515214836,4,7,3
39,1.5343989769820972,4,7,3
40,1.463298527345978,4,9,3
41,1.4359461025789626,4,7,3
