,mq,No. Clus,Max clus,Min clus
0,1.5731707317073171,3,7,6
1,1.5731707317073171,3,7,6
2,1.5731707317073171,3,7,6
3,1.5731707317073171,3,7,6
4,1.5731707317073171,3,7,6
5,1.5731707317073171,3,7,6
6,1.5731707317073171,3,7,6
7,1.5731707317073171,3,7,6
8,1.5731707317073171,3,7,6
9,1.5731707317073171,3,7,6
10,1.5339743589743589,3,8,5
11,1.5339743589743589,3,8,5
12,1.5339743589743589,3,8,5
13,1.5339743589743589,3,8,5
14,1.5339743589743589,3,8,5
15,1.5256410256410255,3,8,6
16,1.5256410256410255,3,8,6
17,1.5256410256410255,3,8,6
18,1.5256410256410255,3,8,6
19,1.5256410256410255,3,8,6
20,1.5256410256410255,3,8,6
21,1.5256410256410255,3,8,6
22,1.5256410256410255,3,8,6
23,1.5256410256410255,3,8,6
24,1.5256410256410255,3,8,6
25,1.4558591600953603,3,7,6
26,1.4558591600953603,3,7,6
27,1.4558591600953603,3,7,6
28,1.4558591600953603,3,7,6
29,1.4558591600953603,3,7,6
30,1.4558591600953603,3,7,6
31,1.4558591600953603,3,7,6
32,1.4457468457468456,3,8,5
33,1.4457468457468456,3,8,5
34,1.4457468457468456,3,8,5
35,1.4457468457468456,3,8,5
36,1.3421101774042952,3,7,6
37,1.3432900432900432,3,10,4
38,1.3421101774042952,3,7,6
39,1.3416569879984515,3,8,5
40,1.3416569879984515,3,8,5
41,1.3416569879984515,3,8,5
