,mq,No. Clus,Max clus,Min clus
0,1.8180519719437915,7,8,2
1,1.6913780854434393,7,6,2
2,1.5968190507981093,6,6,4
3,1.5836404697380309,9,5,2
4,1.5833469159649156,8,5,2
5,1.5807313723050498,8,6,2
6,1.5516905356141837,9,5,2
7,1.52479664194435,7,6,2
8,1.51969225962665,6,8,2
9,1.5160418891085772,9,5,2
10,1.510088691796009,9,5,2
11,1.500769909483947,10,5,1
12,1.4994948554270588,9,5,1
13,1.4877547403863192,7,7,1
14,1.480520181572813,9,5,1
15,1.4687959482835096,8,5,2
16,1.4492079597010967,8,6,1
17,1.4420074722954563,7,6,2
18,1.4093408500665454,8,5,1
19,1.375583898803713,8,5,2
20,1.372105966239081,9,5,2
21,1.3580256634443826,9,5,2
22,1.3450910335196502,8,6,2
23,1.3349387706141789,7,7,2
24,1.3174007381591593,8,6,2
25,1.3172005772005773,8,6,1
26,1.2953716519754255,5,11,3
27,1.277148626099542,9,4,2
28,1.2676031215770494,7,6,2
29,1.2587536170292055,8,7,2
30,1.2556889564336373,8,6,2
31,1.2482925460567738,8,5,2
32,1.2473727269546775,7,6,2
33,1.2270101562182216,9,5,1
34,1.2182432432432433,8,7,1
35,1.1984659635666346,3,25,2
36,1.1950029979341874,8,5,2
37,1.193056981368072,8,6,2
38,1.191449992502624,6,8,2
39,1.1836889086889086,8,5,1
40,1.1896009872480462,3,16,5
41,1.1599115226270027,7,6,2
42,1.1567443144007195,6,8,2
43,1.1561245455982299,6,9,2
44,1.1356119856119855,7,5,3
45,1.1272186240019488,9,6,1
46,1.1120767703818553,7,9,2
47,1.1078391354330535,9,5,2
48,1.0988740075427381,6,7,1
49,1.1015329063222976,6,11,1
50,1.089184153193441,8,6,2
51,1.08513108793007,4,15,4
52,1.0770043348276208,9,6,1
53,1.0755813953488371,8,6,2
54,1.0675905639379333,4,15,4
55,1.0638516463759182,6,11,2
56,1.0463024718909253,4,15,4
57,1.0411349701672283,8,6,1
58,1.0115424745674289,3,20,4
59,0.9804110767584461,5,15,2
