,mq,No. Clus,Max clus,Min clus
0,1.6228571428571428,7,7,1
1,1.6228571428571428,7,7,1
2,1.6228571428571428,7,7,1
3,1.568740082298963,9,7,1
4,1.568740082298963,9,7,1
5,1.4354190836924103,9,4,2
6,1.433453887012768,10,4,1
7,1.3976400231588384,8,4,3
8,1.3762808870852565,8,4,3
9,1.3495526244223297,9,4,2
10,1.3450286824997186,7,7,3
11,1.3308139538465191,9,4,2
12,1.3253684941133668,10,4,1
13,1.3410124011750557,6,12,2
14,1.2709558174180815,10,4,2
15,1.2804646368142154,9,6,1
16,1.2586016047920645,9,4,2
17,1.2304265741903404,11,4,1
18,1.223329104356586,11,3,1
19,1.2169793673803535,10,4,2
20,1.1932758102965453,11,3,1
21,1.195635426128384,10,4,1
22,1.1962731007121512,9,5,2
23,1.195635426128384,10,4,1
24,1.1932758102965453,11,3,1
25,1.1936893119651741,10,4,1
26,1.1841121316332766,10,4,2
27,1.1692871400915095,9,4,2
28,1.1564015649554806,10,4,2
29,1.161559220389805,4,15,2
30,1.1564015649554806,10,4,2
31,1.1296171097275765,10,5,1
32,1.130604515526532,6,11,3
33,1.1060393411915366,8,5,2
34,1.080610182848309,11,4,2
35,1.0857772240400605,8,5,2
36,1.0761978571709259,9,4,2
37,1.082311780711087,5,15,3
38,1.073211915661395,8,7,2
39,1.058149594192264,7,9,2
40,1.0461016047920646,9,6,1
41,1.0370644449889732,10,4,2
42,1.0225992296857938,8,7,2
43,1.0069674323609177,8,9,1
44,1.0154421662292417,5,16,2
45,0.9540849207022726,11,4,1
46,0.9784179044767853,7,12,1
47,0.9612124724423737,6,10,3
48,0.9055224756751997,10,3,2
49,0.9604254223101326,4,20,2
50,0.8752505283746267,12,3,2
51,0.8687420045210519,9,5,2
52,0.843542152218862,11,4,1
53,0.8539077035464393,6,17,1
54,0.8370170709793351,4,22,1
55,0.8308448138989306,7,12,1
56,0.8284803420392229,7,13,2
57,0.655529214219674,9,6,1
