,mq,No. Clus,Max clus,Min clus
0,1.8121801945331355,6,7,2
1,1.8121801945331355,6,7,2
2,1.8121801945331355,6,7,2
3,1.8121801945331355,6,7,2
4,1.8121801945331355,6,7,2
5,1.8121801945331355,6,7,2
6,1.8121801945331355,6,7,2
7,1.8121801945331355,6,7,2
8,1.8121801945331355,6,7,2
9,1.8121801945331355,6,7,2
10,1.8121801945331355,6,7,2
11,1.8121801945331355,6,7,2
12,1.8121801945331355,6,7,2
13,1.8121801945331355,6,7,2
14,1.8121801945331355,6,7,2
15,1.8121801945331355,6,7,2
16,1.8121801945331355,6,7,2
17,1.8121801945331355,6,7,2
18,1.8121801945331355,6,7,2
19,1.8121801945331355,6,7,2
20,1.8121801945331355,6,7,2
21,1.8121801945331355,6,7,2
22,1.8121801945331355,6,7,2
23,1.8121801945331355,6,7,2
24,1.8121801945331355,6,7,2
25,1.8121801945331355,6,7,2
26,1.8121801945331355,6,7,2
27,1.8121801945331355,6,7,2
28,1.8121801945331355,6,7,2
29,1.8121801945331355,6,7,2
30,1.8121801945331355,6,7,2
31,1.8121801945331355,6,7,2
32,1.8121801945331355,6,7,2
33,1.8048761989391262,6,8,2
34,1.8048761989391262,6,8,2
35,1.8048761989391262,6,8,2
36,1.782900596820446,6,6,2
37,1.7767973298819784,6,8,2
38,1.7767973298819784,6,8,2
39,1.7506209047623018,6,6,2
40,1.7506209047623018,6,6,2
41,1.7506209047623018,6,6,2
42,1.7183203793110915,6,7,2
43,1.7183203793110915,6,7,2
44,1.589171756322919,6,8,2
45,1.589171756322919,6,8,2
46,1.559342217236954,6,7,2
47,1.559342217236954,6,7,2
48,1.559342217236954,6,7,2
49,1.4759293338240707,6,7,2
