,mq,No. Clus,Max clus,Min clus
0,1.3311160384331115,3,7,3
1,1.3311160384331115,3,7,3
2,1.3311160384331115,3,7,3
3,1.3311160384331115,3,7,3
4,1.3311160384331115,3,7,3
5,1.3311160384331115,3,7,3
6,1.3311160384331115,3,7,3
7,1.3311160384331115,3,7,3
8,1.3311160384331115,3,7,3
9,1.3311160384331115,3,7,3
10,1.3311160384331115,3,7,3
11,1.3311160384331115,3,7,3
12,1.2721330956625074,3,6,3
13,1.2721330956625074,3,6,3
14,1.1420828493999227,3,7,2
15,1.1420828493999227,3,7,2
16,1.1420828493999227,3,7,2
17,1.1420828493999227,3,7,2
18,1.126984126984127,3,6,3
19,1.1136363636363638,3,8,2
20,1.1136363636363638,3,8,2
21,1.1136363636363638,3,8,2
22,1.0857142857142859,3,5,4
23,1.0857142857142859,3,5,4
24,0.9833333333333334,3,5,3
25,0.9722222222222222,3,6,2
26,0.8446726572528883,3,7,2
27,0.75,3,8,2
